business_id,name,business_type,address,city,listing_type
0185294-2,Korhonen Oy Tili- ja kiinteistötoimisto,Osakeyhtiö,"Lönnrotinkatu 8 B, 87100 Kajaani",Kajaani,ilmainen
0187436-7,Oulun Tilitoimi Oy,Osakeyhtiö,"Hallituskatu 21 5. Krs, 90100 Oulu",Oulu,ilmainen
0192207-4,Lapin Tilitoimisto Oy,Osakeyhtiö,"Pulkamontie 8, 96900 Saarenkylä",Saarenkylä,ilmainen
0192249-6,Polar Moottori Oy,Osakeyhtiö,"Ahkiomaantie 4 lt., 96300 Rovaniemi",Rovaniemi,ilmainen
0193449-7,Tilitoimisto Kesti Oy,Osakeyhtiö,"Eliaksenkatu 2-4, 95400 Tornio",Tornio,ilmainen
0194379-9,Lännen Tilitoimisto Oy,Osakeyhtiö,"Lauttakylänkatu 15, 32700 Huittinen",Huittinen,ilmainen
0195354-0,Koillis-Lapin Tilipalvelu Kommandiittiyhtiö,Kommandiittiyhtiö,"Paratiisintie 3 C, 20100 Turku",Turku,ilmainen
0195787-5,T. Hietaniemi Oy,Osakeyhtiö,"Munkkiniemen Puistotie 4 A, 00330 Helsinki",Helsinki,ilmainen
0196664-0,Uussaldo Oy,Osakeyhtiö,"Kasarminkatu 1 C, 00140 Helsinki",Helsinki,ilmainen
0196722-1,Töölön tili- ja isännöitsijätoimisto Oy,Osakeyhtiö,"Oksasenkatu 4 A, 00100 Helsinki",Helsinki,ilmainen
0201438-5,Kustannusosakeyhtiö Kansanvalta,Osakeyhtiö,"Siltasaarenkatu 18-20 C, 00530 Helsinki",Helsinki,ilmainen
0203086-0,Uudenmaan Tilitoimisto Oy,Osakeyhtiö,04201 Kerava,Kerava,ilmainen
0203418-3,Pyntve Oy,Osakeyhtiö,"Ruoritie 1 A, 06150 Porvoo",Porvoo,ilmainen
0205224-2,Hausjärven Tilitoimisto Oy,Osakeyhtiö,"Vaahteratie 13, 12100 Oitti",Oitti,ilmainen
0206235-2,Tilipalvelu Tili-Idea Ky,Kommandiittiyhtiö,"Apiankatu 1, 37600 Valkeakoski",Valkeakoski,ilmainen
0207283-3,Maataloustuottajain Pieksämäen Yhdistys MTK - Pieksämäki ry,Aatteellinen yhdistys,"Seunalantie 1, 76850 Naarajärvi",Naarajärvi,ilmainen
0208153-7,TiliSalomaa Oy,Osakeyhtiö,"Riukulantie 1, 41520 Hankasalmi",Hankasalmi,ilmainen
0208980-3,Ky L. Enberg Kb,Kommandiittiyhtiö,"Sandviksvägen 36, 66210 Molpe",Molpe,ilmainen
0212891-3,Kommanditbolag Bokföringsbyrå Leif Lindholm Tilitoimisto Kommandiittiyhtiö,Kommandiittiyhtiö,"Båssavägen 3, 10600 Tammisaari",Tammisaari,ilmainen
0216530-0,Ab Terjärv Servicecentral Oy,Osakeyhtiö,"Södra Terjärvvägen 9, 68700 Teerijärvi",Teerijärvi,ilmainen
0216534-3,I. Pelto-Piri Ky,Kommandiittiyhtiö,"Koivistonkyläntie 66 as., 61310 Panttila",Panttila,ilmainen
0218145-8,Nokian Tili- ja Kiinteistötoimisto Oy,Osakeyhtiö,"Poutuntie 10, 37100 Nokia",Nokia,ilmainen
0221927-6,Helsingin Tilikeskus Oy,Osakeyhtiö,"Eliel Saarisen Tie 2, 00400 Helsinki",Helsinki,ilmainen
0223013-3,Tilitoimisto Anja Salo Oy,Osakeyhtiö,"Länsi-Louhenkatu 7, 08100 Lohja",Lohja,ilmainen
0224903-7,Andelslaget Pargas-Nagu Skattetjänst,Osuuskunta,"Köpmansgatan 5, 21600 Parainen",Parainen,ilmainen
0226379-5,Alavuden Kiinteistö- ja Tilitoimisto Oy,Osakeyhtiö,"Torikatu 1, 63300 Alavus",Alavus,ilmainen
0232892-3,Taseseppo Oy,Osakeyhtiö,"Vaiveronkatu 12-14, 05900 Hyvinkää",Hyvinkää,ilmainen
0239859-3,RT-Notariaatti Oy,Osakeyhtiö,"Keulakaari 22, 40900 Säynätsalo",Säynätsalo,ilmainen
0242658-2,Tili Helineva Oy,Osakeyhtiö,"Torikatu 5, 47400 Kausala",Kausala,ilmainen
0242837-7,Konsult och revision Rolf Finne Ab,Osakeyhtiö,"Möllersvägen 13, 67400 Kokkola",Kokkola,ilmainen
0243023-1,Ab Datic Oy,Osakeyhtiö,"Runebergsgatan 11, 68600 Pietarsaari",Pietarsaari,ilmainen
0250746-2,Tilipalvelu Pirjo Törmälä Oy,Osakeyhtiö,"Torikatu 49 A, 90120 Oulu",Oulu,ilmainen
0281715-3,Tasetalo Oy,Osakeyhtiö,01670 Vantaa,Vantaa,ilmainen
0282346-5,Hoitokate Oy,Osakeyhtiö,"Iso Roobertinkatu 41 A, 00120 Helsinki",Helsinki,ilmainen
0282361-7,Talousexpertit Oy,Osakeyhtiö,00000 Osoite Tuntematon,Osoite Tuntematon,ilmainen
0283236-1,Lapin Kauppiaat ja Yrittäjät r.y.,Aatteellinen yhdistys,"Maakuntakatu 19 A, 96200 Rovaniemi",Rovaniemi,ilmainen
0287853-8,Tili-Vinkki Oy,Osakeyhtiö,"Vähäheikkiläntie 56 B, 20810 Turku",Turku,ilmainen
0288797-9,Mariehamns Handelsagenturer Ab,Osakeyhtiö,"Storbacken 32 B, 22550 Vårdö",Vårdö,ilmainen
0290100-5,Kotkan Tilikeskus Oy,Osakeyhtiö,"Koulukatu 12 A, 48100 Kotka",Kotka,ilmainen
0290367-6,Tapiolan talous ja laskenta Oy,Osakeyhtiö,"Kappelikuja 6, 02200 Espoo",Espoo,ilmainen
0291577-3,Nilsiän Laskenta Oy,Osakeyhtiö,"Pisantie 6 B, 73300 Nilsiä",Nilsiä,ilmainen
0291660-2,Taloushallinto Merilehto Oy,Osakeyhtiö,"Oulaistenkatu 37 L, 86300 Oulainen",Oulainen,ilmainen
0292654-4,Kalppinokka Ky,Kommandiittiyhtiö,"Muurahaispolku 4 B, 37150 Nokia",Nokia,ilmainen
0294061-0,Hamm Trading Oy,Osakeyhtiö,"Kimalaisenpolku 12 as., 67800 Kokkola",Kokkola,ilmainen
0294801-4,Satalaskenta Oy,Osakeyhtiö,"Rauhanpuisto 8 B, 28120 Pori",Pori,ilmainen
0295248-6,Helsingin Laskentatoimi Oy,Osakeyhtiö,"Tietäjäntie 2, 02130 Espoo",Espoo,ilmainen
0306384-0,E. Viinikainen Oy,Osakeyhtiö,"Piispankatu 34, 06100 Porvoo",Porvoo,ilmainen
0306386-7,Uudenmaan Tilipalvelu Ky,Kommandiittiyhtiö,"Laurinkatu 45, 08100 Lohja",Lohja,ilmainen
0307065-3,Talouskonsultointi Lehti Oy,Osakeyhtiö,"Sediginkuja 3, 06500 Porvoo",Porvoo,ilmainen
0308517-7,Setmark Oy,Osakeyhtiö,"Kuhajoentie 16, 01750 Vantaa",Vantaa,ilmainen
0312716-2,Tilitoimisto Hermunen Oy,Osakeyhtiö,"Keskusaukio 1, 45700 Kuusankoski",Kuusankoski,ilmainen
0346424-9,Tilitoimisto A. Jauhanen Oy,Osakeyhtiö,"Inkerinkatu 4 B, 24100 Salo",Salo,ilmainen
0346490-0,Tilitoimisto Salejärvi Oy,Osakeyhtiö,"Puotikatu 7, 15700 Lahti",Lahti,ilmainen
0347375-1,Space Invest Ab,Osakeyhtiö,"Kvarngatan 15, 65100 Vaasa",Vaasa,ilmainen
0349025-2,Herrasmies Oy,Osakeyhtiö,"Kiilakuja 3 D, 04400 Järvenpää",Järvenpää,ilmainen
0350975-0,Rantalainen Oy Lahti,Osakeyhtiö,"Keskuskatu 3 A, 00100 Helsinki",Helsinki,ilmainen
0356868-9,Helsingin Yrityspalvelu Oy,Osakeyhtiö,"Kaarlenkatu 1, 00530 Helsinki",Helsinki,ilmainen
0362167-0,Tilipalvelu Rantalainen Oy,Osakeyhtiö,"Keskuskatu 3 A, 00100 Helsinki",Helsinki,ilmainen
0365329-3,Tilitoimisto Ilkka Alakärppä avoin yhtiö,Avoin yhtiö,"Lehtorouskuntie 14 B, 90650 Oulu",Oulu,ilmainen
0366258-7,Maroula Oy,Osakeyhtiö,"Kiiskenevä 1, 02170 Espoo",Espoo,ilmainen
0366405-6,Markus Koro & Co,Avoin yhtiö,"Myllytie 6, 34800 Virrat",Virrat,ilmainen
0368094-5,Luoman Tili Ky,Kommandiittiyhtiö,"Valtuustontie 14, 62100 Lapua",Lapua,ilmainen
0368568-2,Hauhon Tilitoimisto Oy,Osakeyhtiö,"Hauhontie 17 B, 14700 Hauho",Hauho,ilmainen
0398397-0,Joutsan Tili- ja Yrityspalvelu Oy,Osakeyhtiö,"Rantatie 19, 19650 Joutsa",Joutsa,ilmainen
0398502-8,Etelä-Karjalan Tili- ja Isännöinti Oy,Osakeyhtiö,"Kievarinkatu 2, 53100 Lappeenranta",Lappeenranta,ilmainen
0398582-9,Hämeenkyrön Tili- ja Kiinteistöpalvelu Oy,Osakeyhtiö,"Sivutie 2, 39200 Kyröskoski",Kyröskoski,ilmainen
0399646-4,Laskentatieto Oy Irja Hirsinummi,Osakeyhtiö,"Yliopistonkatu 33 G, 20100 Turku",Turku,ilmainen
0399689-4,Posio-Prodess Ky,Kommandiittiyhtiö,"Kuusamontie 78 A, 97900 Posio",Posio,ilmainen
0400335-6,Kirjanpito- ja Tilintarkastustoimisto Marja Lukkarinen Oy,Osakeyhtiö,00000 Osoite Tuntematon,Osoite Tuntematon,ilmainen
0401073-2,Talenom Audit Oy,Osakeyhtiö,"Finlaysoninkuja 21, 33210 Tampere",Tampere,ilmainen
0401103-0,Tili- ja Isännöintikeskus T.I.K. Oy,Osakeyhtiö,"Insinöörinkatu 30, 33720 Tampere",Tampere,ilmainen
0401244-7,Tilitoimisto Ariluoma Oy,Osakeyhtiö,"Keskustie 4, 01900 Nurmijärvi",Nurmijärvi,ilmainen
0409742-8,P-R Talous ja Vuokraus Oy,Osakeyhtiö,"Mikonkatu 12a, 28100 Pori",Pori,ilmainen
0410329-3,CD-Yhtiöt Oy,Osakeyhtiö,"Hitsaajankatu 22, 00810 Helsinki",Helsinki,ilmainen
0410771-0,Kommandiittiyhtiö Rauli-Pekka Laine,Kommandiittiyhtiö,"Vuorilinnakkeentie 11 A, 00430 Helsinki",Helsinki,ilmainen
0413403-0,Puumalan Tili- ja Kiinteistöpalvelu Oy,Kommandiittiyhtiö,"Rinnetie 2, 52200 Puumala",Puumala,ilmainen
0413653-8,Tilikeskus Saagel Oy,Osakeyhtiö,"Luutnantintie 5 A, 07800 Lapinjärvi",Lapinjärvi,ilmainen
0413854-1,Tilitoimisto Ari Piirainen Oy,Osakeyhtiö,"Koivukoskenkatu 15 L, 87100 Kajaani",Kajaani,ilmainen
0414204-9,Nastolan Tilitoimisto Oy,Kommandiittiyhtiö,"Mestarintie 1 lh., 15550 Nastola",Nastola,ilmainen
0414802-9,Uuraisten Tilitoimisto Oy,Osakeyhtiö,"Keksijänpolku 2, 41230 Uurainen",Uurainen,ilmainen
0414965-4,Tilitoimisto Kaikumäki Ky,Kommandiittiyhtiö,"Hämeenkatu 3 A, 20500 Turku",Turku,ilmainen
0416007-9,Jämsän Laskentatoimi Oy,Osakeyhtiö,"Säterintie 4, 42100 Jämsä",Jämsä,ilmainen
0416063-4,Salmelan Tilitoimisto Oy,Osakeyhtiö,"Mantovaarantie 22, 99600 Sodankylä",Sodankylä,ilmainen
0416655-0,ATM-Tilintarkastus Ky,Kommandiittiyhtiö,"Harjukatu 18 A, 18100 Heinola",Heinola,ilmainen
0417897-3,Tilipalvelu Marita Ojala Oy,Osakeyhtiö,"Karjapiha 9 A, 28100 Pori",Pori,ilmainen
0418948-8,Hesso Ky,Kommandiittiyhtiö,"Tampereentie 39, 38600 Lavia",Lavia,ilmainen
0420171-5,Tilitoimisto Terttu Pöysti Oy,Osakeyhtiö,"Urttilantie 1, 05200 Rajamäki",Rajamäki,ilmainen
0422235-6,Tili-Heikkilä Ky,Kommandiittiyhtiö,"Puskalantie 145, 60720 Tuomikylä",Tuomikylä,ilmainen
0423828-6,Tilikarelia Oy,Osakeyhtiö,"Väinö Valveen Katu 2, 53900 Lappeenranta",Lappeenranta,ilmainen
0424476-6,Arkadian Laki- ja Yrityspalvelu Oy,Osakeyhtiö,"Kuutamokatu 2 C, 02210 Espoo",Espoo,ilmainen
0426968-0,Padasjoen Tilitoimisto Oy,Osakeyhtiö,"Keskustie 6 A, 17500 Padasjoki",Padasjoki,ilmainen
0427005-9,Lapinlahden Kirjanpito Oy,Osakeyhtiö,"Kangaslahdentie 36, 73100 Lapinlahti",Lapinlahti,ilmainen
0427823-7,Kallion Kirjanpito Oy,Osakeyhtiö,"Hampträskintie 82, 01150 Söderkulla",Söderkulla,ilmainen
0429887-9,Varkauden Tili-ja Verokonsultit Oy,Osakeyhtiö,"Vattuvuorenkatu 65, 78210 Varkaus",Varkaus,ilmainen
0431620-5,Laihian tilipalvelu Ky,Kommandiittiyhtiö,"Vaasantie 522, 66420 Ruto",Ruto,ilmainen
0432561-1,Tilinomi Oy,Osakeyhtiö,"Puskalantie 145, 60720 Tuomikylä",Tuomikylä,ilmainen
0432709-4,Tilitoimisto Rantala Oy,Osakeyhtiö,"Kemintie 11, 95420 Tornio",Tornio,ilmainen
0433284-6,Erkki Räsänen Oy,Kommandiittiyhtiö,"Niittyrinne 2, 83500 Outokumpu",Outokumpu,ilmainen
0433847-1,Talouspalvelut TiMa Oy,Osakeyhtiö,"Isoharjantie 6 S, 71800 Siilinjärvi",Siilinjärvi,ilmainen
0451081-7,Teamsys Oy,Osakeyhtiö,"Vanhaväylä 35 B, 00830 Helsinki",Helsinki,ilmainen
0451096-4,Bokföring & Data Consulting Bilenberg Kb,Kommandiittiyhtiö,"Bangatan 37, 10300 Karjaa",Karjaa,ilmainen
0451142-2,Päijätmaan Tili ja Kiinteistö Ky,Kommandiittiyhtiö,"Kirkkotie 7, 19600 Hartola",Hartola,ilmainen
0451369-8,Hyko-yhtymä Oy,Osakeyhtiö,"Kuohurinne 1 C, 01600 Vantaa",Vantaa,ilmainen
0451844-8,Tilisiili Ky,Kommandiittiyhtiö,"Pihlajapolku 13, 71800 Siilinjärvi",Siilinjärvi,ilmainen
0451868-3,Kuortaneen Tilitoimisto Ky,Kommandiittiyhtiö,"Keskustie 48 B, 63100 Kuortane",Kuortane,ilmainen
0451901-0,S. Kujanpää Ky,Kommandiittiyhtiö,,,ilmainen
0452269-0,Lapin Liikepalvelut Ky,Kommandiittiyhtiö,"Rovakatu 17, 96100 Rovaniemi",Rovaniemi,ilmainen
0452524-2,Pirkanmaan Tili Oy,Osakeyhtiö,"Takojankatu 1 B, 33540 Tampere",Tampere,ilmainen
0452568-0,Aurpro Ky,Kommandiittiyhtiö,"Kivakatu 14 A, 15210 Lahti",Lahti,ilmainen
0452787-0,TJ Pinewood Oy,Osakeyhtiö,"Vattuvuorenkatu 65, 78210 Varkaus",Varkaus,ilmainen
0453069-0,Bokföringsbyrå H. Ulfvens Kb,Kommandiittiyhtiö,"Centrumvägen 15, 66270 Pirttikylä",Pirttikylä,ilmainen
0453180-2,Tilitoimisto Hörhammer Oy,Osakeyhtiö,"Livornonkatu 12 lh., 00220 Helsinki",Helsinki,ilmainen
0453186-1,Etelä-Savon Kiinteistönotariaatti Oy,Osakeyhtiö,"Mikonkatu 8 A, 50100 Mikkeli",Mikkeli,ilmainen
0457879-0,Ritzmore Oy,Osakeyhtiö,"Kiilakuja 3 D, 04400 Järvenpää",Järvenpää,ilmainen
0457959-0,Datacleric Oy,Osakeyhtiö,"Nilsaksentie (Ent. Valimokuja) 1, 01510 Vantaa",Vantaa,ilmainen
0458029-2,Marcoin Oy,Osakeyhtiö,"Puolatie 6, 60510 Hyllykallio",Hyllykallio,ilmainen
0459130-3,Tilitoimisto Tynilä Oy,Osakeyhtiö,"Honkatie 1, 62300 Härmä",Härmä,ilmainen
0460819-5,Tili- ja veroasiaintoimisto Jalo Heikkilä Oy,Osakeyhtiö,"Temppelikatu 11 B, 11100 Riihimäki",Riihimäki,ilmainen
0467502-1,Tilitoimisto E. Kalervo Oy,Osakeyhtiö,"Kauppalantie 14 A, 00320 Helsinki",Helsinki,ilmainen
0469247-0,Pirjo Mäenpää Ky,Kommandiittiyhtiö,"Siilitie 11b A, 00800 Helsinki",Helsinki,ilmainen
0471305-9,Kontiolahden Tilitoimisto Oy,Osakeyhtiö,"Masterintie 1 B, 80710 Lehmo",Lehmo,ilmainen
0471694-6,Tilitoimisto L. Hyvönen Ky,Kommandiittiyhtiö,60100 Seinäjoki,Seinäjoki,ilmainen
0472081-4,Tilitoimisto Marjut Uotila Oy,Osakeyhtiö,"Rantatie 20, 03850 Pusula",Pusula,ilmainen
0473910-1,TietoLeijona Ky,Kommandiittiyhtiö,"Microkatu 1 M, 70210 Kuopio",Kuopio,ilmainen
0476802-5,Tilitoimisto LKT Oy,Osakeyhtiö,"Tukkitie 4, 69100 Kannus",Kannus,ilmainen
0481370-3,Paperisoturit Ky,Kommandiittiyhtiö,"Luototie 2, 17500 Padasjoki",Padasjoki,ilmainen
0484867-4,Valiotilit Oy,Osakeyhtiö,"Porrassalmenkatu 17 A, 50100 Mikkeli",Mikkeli,ilmainen
0484984-5,Talousverkko Kuopio Oy,Osakeyhtiö,"Haapaniemenkatu 40 C, 70110 Kuopio",Kuopio,ilmainen
0485017-6,Tilitoimisto Erholtz Oy,Osakeyhtiö,"Keskikatu 9, 95400 Tornio",Tornio,ilmainen
0485193-7,Kirjanpito Mäntymäki Oy,Osakeyhtiö,"Vanha Valtatie 185 as., 04500 Kellokoski",Kellokoski,ilmainen
0485732-7,Turun Finanssikirjanpito Ky,Kommandiittiyhtiö,"Ratapihankatu 53 A, 20100 Turku",Turku,ilmainen
0487429-0,Tilitoimisto Kärkkäinen Oy,Kommandiittiyhtiö,"Riekkotie 3, 98120 Kemijärvi",Kemijärvi,ilmainen
0490245-8,Liedon Laskenta Oy,Osakeyhtiö,"Risukuja 5, 21420 Lieto",Lieto,ilmainen
0491887-1,Hämeen Atk- ja tilipalvelu Oy,Osakeyhtiö,"Näsilinnankatu 28 E, 33200 Tampere",Tampere,ilmainen
0494379-4,Pielisdata Kommandiittiyhtiö,Kommandiittiyhtiö,"Hurtantie 6, 75530 Nurmes",Nurmes,ilmainen
0495298-1,Hentinen Oy,Osakeyhtiö,"Kajaaninlinnantie 3 A, 00900 Helsinki",Helsinki,ilmainen
0495367-7,Tili-Equal Oy,Osakeyhtiö,"Herttuantie 3 C, 01520 Vantaa",Vantaa,ilmainen
0495670-4,Tiliekonomit Seija Siikanen Ky,Kommandiittiyhtiö,"Eliel Saarisen Polku 3 C, 00320 Helsinki",Helsinki,ilmainen
0496551-2,Kyrönmaan Laskenta ky,Kommandiittiyhtiö,"Korsholmankatu 23, 65380 Vaasa",Vaasa,ilmainen
0497934-0,Markkitili Ky,Kommandiittiyhtiö,"Topinkuja 4, 62420 Kortesjärvi",Kortesjärvi,ilmainen
0498765-8,Hallamäki Oy,Osakeyhtiö,"Härkätie 257, 21480 Prunkila",Prunkila,ilmainen
0498823-9,Tilipalvelu Hannu Kankaanpää Ky,Kommandiittiyhtiö,"Nurmikatu 4, 94200 Kemi",Kemi,ilmainen
0498857-0,Tilipalvelu Tietovakka Oy,Osakeyhtiö,"Törmätie 13, 69100 Kannus",Kannus,ilmainen
0498870-6,Kälviän Tilitoimisto Ky,Kommandiittiyhtiö,"Kälviäntie 24 B, 68300 Kälviä",Kälviä,ilmainen
0499803-1,Tili-Lahnus Oy,Osakeyhtiö,"Juvan Teollisuuskatu 14, 02920 Espoo",Espoo,ilmainen
0500330-7,Mikkelin Tilimiehet Oy,Osakeyhtiö,"Koivukatu 18, 50130 Mikkeli",Mikkeli,ilmainen
0500554-8,KJB-Audit Oy,Osakeyhtiö,"Saaristolaivastonkatu 2 A, 00590 Helsinki",Helsinki,ilmainen
0500565-2,Vuorivalli Oy,Osakeyhtiö,"Korsaarentie 550, 23930 Pyhämaa",Pyhämaa,ilmainen
0502252-4,Yrityspalvelu Lehtinen Oy,Osakeyhtiö,"Kotkankatu 7 B, 00510 Helsinki",Helsinki,ilmainen
0502491-7,Bilanssi Oy,Osakeyhtiö,"Mannerheimintie 15a B, 00250 Helsinki",Helsinki,ilmainen
0502500-4,Tili Tyyskä Oy,Osakeyhtiö,"Orminkuja 4 B, 01200 Vantaa",Vantaa,ilmainen
0503394-4,Nummus Ky,Kommandiittiyhtiö,"Turuntie 2084, 09430 Saukkola",Saukkola,ilmainen
0505352-3,Ajal Oy,Osakeyhtiö,"Käsityöläisentie 27 E, 00750 Helsinki",Helsinki,ilmainen
0505583-6,Pirjet Ky,Kommandiittiyhtiö,"Lintumäentie 127, 34450 Jäminkipohja",Jäminkipohja,ilmainen
0506266-5,Tilitoimisto Lahti Oy,Kommandiittiyhtiö,"Verkatehtaankatu 8, 20100 Turku",Turku,ilmainen
0507749-6,Tilikumppanit Ky,Kommandiittiyhtiö,"Kauppatie 8, 58500 Punkaharju",Punkaharju,ilmainen
0510446-6,"Revisionsbyrå Gripenberg, öppet bolag",Avoin yhtiö,"Klockarevägen 11, 68600 Pietarsaari",Pietarsaari,ilmainen
0511655-5,Jarvansalo Ky,Kommandiittiyhtiö,"Akselikatu 8 A, 15850 Lahti",Lahti,ilmainen
0514467-9,Hämeen Konttorityöpalvelu Oy,Osakeyhtiö,"Lallintie 2 A, 30300 Forssa",Forssa,ilmainen
0516324-7,Tili-Erma Oy,Osakeyhtiö,"Porthaninkatu 13 A, 00530 Helsinki",Helsinki,ilmainen
0519474-8,Bokföringsbyrå Lundström Ab,Osakeyhtiö,"Nybrovägen 9, 04130 Sipoo",Sipoo,ilmainen
0521563-3,Kittilän Tilipalvelu Oy,Kommandiittiyhtiö,"Valtatie 41 A, 99100 Kittilä",Kittilä,ilmainen
0522658-6,Sotkamon Laskenta- ja Tilipalvelu Oy,Kommandiittiyhtiö,"Hirvenpolku 3, 88600 Sotkamo",Sotkamo,ilmainen
0523555-4,Ab Strands Oy,Osakeyhtiö,"Strandgatan 9 C, 65100 Vaasa",Vaasa,ilmainen
0527308-3,Pohjolan Tilityö Oy,Kommandiittiyhtiö,"Soratie 31 A, 90650 Oulu",Oulu,ilmainen
0530965-6,Seribus Oy,Osakeyhtiö,"Kappelikatu 11, 45130 Kouvola",Kouvola,ilmainen
0531155-3,Tilitoimisto ASK-Tilit Ky,Kommandiittiyhtiö,"Yliopistonkatu 6 B, 20100 Turku",Turku,ilmainen
0531199-1,Tiliterä Ky,Kommandiittiyhtiö,"Gummeruksenkatu 11 B, 40100 Jyväskylä",Jyväskylä,ilmainen
0532063-6,Tilitoimisto Tuovinen Ky,Kommandiittiyhtiö,"Ellintie 4, 36200 Kangasala",Kangasala,ilmainen
0532876-9,Festum Accounting Oy,Kommandiittiyhtiö,"Isolinnankatu 22 B, 28100 Pori",Pori,ilmainen
0532921-9,Mattila Taloushallinto Oy,Osakeyhtiö,"Sarvijaakonkatu 5 B, 33540 Tampere",Tampere,ilmainen
0533364-8,Gallant Lahti Oy,Osakeyhtiö,"Ahjokatu 4, 15110 Lahti",Lahti,ilmainen
0533416-5,Airiston Tili ja Kiinteistö Oy,Osakeyhtiö,"Risto Rytin Katu 30, 32700 Huittinen",Huittinen,ilmainen
0535409-4,Aiwotyö Oy,Osakeyhtiö,"Nikkarinkatu 6 A, 60100 Seinäjoki",Seinäjoki,ilmainen
0535562-8,Pirkan Maja OY,Osakeyhtiö,"Hämeenpuisto 14 B, 33210 Tampere",Tampere,ilmainen
0535728-7,Tilitoimisto Viljo Roivas & Kumpp.,Avoin yhtiö,"Autoilijantie 4, 82200 Hammaslahti",Hammaslahti,ilmainen
0535855-4,H.Räsänen Oy,Osakeyhtiö,"Pampinkuja 2 as., 20900 Turku",Turku,ilmainen
0543878-1,Ekonomi Markko Vanhatapio Kirjanpito ja laskenta Ky,Kommandiittiyhtiö,"Kittiläntie 2249, 97220 Sinettä",Sinettä,ilmainen
0544699-2,LASKENTAPALVELU Mikkola Oy,Kommandiittiyhtiö,"Kivimäentie 5 B, 01620 Vantaa",Vantaa,ilmainen
0544982-7,Raine Pekkarinen avoin yhtiö,Kommandiittiyhtiö,"Teollisuusalue, 43900 Kinnula",Kinnula,ilmainen
0545097-5,Tili- ja Veropalvelu Hirvonen Ky,Kommandiittiyhtiö,"Kauppakatu 14, 78200 Varkaus",Varkaus,ilmainen
0545695-5,Tilipussi Ky,Kommandiittiyhtiö,"Ruotutie 10, 90630 Oulu",Oulu,ilmainen
0545929-1,Salon Tiliasema Oy,Kommandiittiyhtiö,"Turuntie 14, 24240 Salo",Salo,ilmainen
0545990-2,E. Sipolan Tili ja Isännöinti Oy,Osakeyhtiö,"Kaurastie 11, 90800 Oulu",Oulu,ilmainen
0546003-0,Tornion Tilipalvelu Oy,Osakeyhtiö,"Virkamaankatu 10, 95420 Tornio",Tornio,ilmainen
0547311-4,Salon Tietotilit Ky,Kommandiittiyhtiö,"Turuntie 8, 24100 Salo",Salo,ilmainen
0548270-7,Oy Cogi Consult Ab,Osakeyhtiö,"Martagränden 14 B, 02700 Kauniainen",Kauniainen,ilmainen
0549139-8,Mouhijärven Tili ja Isännöinti Oy,Osakeyhtiö,"Hopuntie 1 lh., 38460 Sastamala",Sastamala,ilmainen
0549480-4,L-O Backman Kb,Kommandiittiyhtiö,"Gustavsvägen 3, 10620 Tammisaari",Tammisaari,ilmainen
0549512-9,Profecto Oy,Osakeyhtiö,"Kärpäntie 3, 70400 Kuopio",Kuopio,ilmainen
0549522-5,Vörå Bokföringsbyrå Ab,Osakeyhtiö,"Vöråvägen 12, 66600 Vöyri",Vöyri,ilmainen
0549641-2,Guidos Management Service Ab,Osakeyhtiö,"Tallvägen 9, 22100 Mariehamn",Mariehamn,ilmainen
0550654-5,Tilitoimisto Eva Lindström Oy,Osakeyhtiö,"Isonmastontie 2, 00980 Helsinki",Helsinki,ilmainen
0550669-2,Tili-Ympyrä Oy,Osakeyhtiö,"Santaniitynkatu 7b A, 04250 Kerava",Kerava,ilmainen
0550685-2,Tilitoimisto Tuotox Oy,Osakeyhtiö,"Pikkusuontie 4 D, 00670 Helsinki",Helsinki,ilmainen
0550748-4,Tilitoimisto Luosujärvi kommandiittiyhtiö,Kommandiittiyhtiö,"Asemakatu 7 A, 77600 Suonenjoki",Suonenjoki,ilmainen
0550901-7,Honkimaan Tilitoimisto Oy,Osakeyhtiö,"Korjutie 3, 03600 Karkkila",Karkkila,ilmainen
0551598-6,Tili ja Isännöinti Ky Mariitta Latva-Teikari,Kommandiittiyhtiö,"Kirkkopuistikko 20 F, 65100 Vaasa",Vaasa,ilmainen
0551837-8,Oy Helsinki A & C Ltd,Osakeyhtiö,"Tuulitie 6, 01670 Vantaa",Vantaa,ilmainen
0555418-4,Tilitoimisto Luiro Oy,Osakeyhtiö,"Nuijamiestentie 5 A, 00400 Helsinki",Helsinki,ilmainen
0555796-7,Tilitoimisto Räsänen Oy,Osakeyhtiö,"Ilvesvuorenkatu 5 B, 01900 Nurmijärvi",Nurmijärvi,ilmainen
0558152-9,Tilitoimisto Suppula Oy,Osakeyhtiö,"Vesijärvenkatu 32 B, 15140 Lahti",Lahti,ilmainen
0558380-7,TM-Talouselämän Markkinatiedosto Oy,Osakeyhtiö,"Perkiöntie 15, 01670 Vantaa",Vantaa,ilmainen
0559361-8,Valtilit Oy,Osakeyhtiö,"Asemanraitti 155, 37900 Akaa",Akaa,ilmainen
0560646-6,M & R Tikkanen Oy,Osakeyhtiö,"Jussilantie 7 lh., 91500 Muhos",Muhos,ilmainen
0561273-5,Kärkölän Tilitoimisto Ky,Kommandiittiyhtiö,"Kauppatie 4, 16600 Järvelä",Järvelä,ilmainen
0562223-9,Tilitoimisto Anttinen Ky,Kommandiittiyhtiö,"Lehmustie 4 E, 02270 Espoo",Espoo,ilmainen
0562322-3,Kauhajoen Tilikeskus Oy,Osakeyhtiö,"Topeeka 17 C, 61800 Kauhajoki",Kauhajoki,ilmainen
0564478-8,Oy Tilion Ab,Osakeyhtiö,"Suvikummuntie 22 A, 02120 Espoo",Espoo,ilmainen
0565593-8,Oy Qwerty Ab,Osakeyhtiö,"Lappviksgatan 23 A, 00180 Helsinki",Helsinki,ilmainen
0566133-4,Tuurin Tili Oy,Osakeyhtiö,"Onnentie 7, 63610 Tuuri",Tuuri,ilmainen
0566491-4,Yrityspalvelu Ylöset Oy,Osakeyhtiö,"Kiekkotie 4, 70200 Kuopio",Kuopio,ilmainen
0566498-1,Kiteen Maataloustilit Oy,Osakeyhtiö,"Olkontie 6, 82500 Kitee",Kitee,ilmainen
0568491-5,Irmasko Oy,Osakeyhtiö,"Maininkitie 14 A, 02320 Espoo",Espoo,ilmainen
0570288-8,Yrityspalvelu Instament Oy,Osakeyhtiö,"Rintalantie 74 A, 64760 Peltola",Peltola,ilmainen
0570944-9,Tili-Assari Ky,Kommandiittiyhtiö,"Toritie 7, 71800 Siilinjärvi",Siilinjärvi,ilmainen
0571605-9,Lundbergs revisions- och konsultbyrå Ab,Osakeyhtiö,"Lönnstigen 1, 22100 Mariehamn",Mariehamn,ilmainen
0572008-2,Helsingin Kiteytys Oy,Osakeyhtiö,"Mikonkatu 22 D, 00100 Helsinki",Helsinki,ilmainen
0572089-1,TeeTila Oy,Osakeyhtiö,"Uusikatu 58 B, 90100 Oulu",Oulu,ilmainen
0572675-9,Olli Saxlin Ky,Kommandiittiyhtiö,"Suupantori 4, 33960 Pirkkala",Pirkkala,ilmainen
0573321-1,Yrityspalvelu Jako Oy,Osakeyhtiö,"Yläsatamakatu 3, 80100 Joensuu",Joensuu,ilmainen
0573905-8,Tilitoimisto Markku Immonen Oy,Osakeyhtiö,"Vesselikuja 5, 21200 Raisio",Raisio,ilmainen
0575188-2,Åstorpa Redovisningsbyrå Ab,Osakeyhtiö,"Vestansundabyaväg 23, 22130 Gottby",Gottby,ilmainen
0576717-1,Auran Tili ja Kiinteistö Oy,Osakeyhtiö,"Vareliuksenkatu 2 A, 32200 Loimaa",Loimaa,ilmainen
0576756-9,Geo Accounting Oy,Osakeyhtiö,65101 Vaasa,Vaasa,ilmainen
0577011-9,Vaarnamaa Oy,Osakeyhtiö,"Joensuunkatu 7, 24100 Salo",Salo,ilmainen
0577054-9,Yrityspalvelu J Lope Oy,Osakeyhtiö,"Ylismäentie 12 H, 02250 Espoo",Espoo,ilmainen
0577102-3,Mynämäen Tilikeskus Oy,Osakeyhtiö,"Kirkkokatu 2, 23100 Mynämäki",Mynämäki,ilmainen
0577106-6,Mametek-yhtiöt Oy,Osakeyhtiö,"Terottajankatu 1, 20780 Kaarina",Kaarina,ilmainen
0577129-3,Pielaveden Tilipalvelu Oy,Osakeyhtiö,"Petruntie 3, 72400 Pielavesi",Pielavesi,ilmainen
0577798-6,TPL-Data Ky,Kommandiittiyhtiö,"Aleksanterinkatu 29 B, 33100 Tampere",Tampere,ilmainen
0580710-2,Tilingo Oy,Osakeyhtiö,"Kaisaniemenkatu 1 C, 00100 Helsinki",Helsinki,ilmainen
0580837-5,Keski-Suomen Liikepalvelu Oy,Osakeyhtiö,"Vasarakatu 9 C, 40320 Jyväskylä",Jyväskylä,ilmainen
0581168-9,ATK-Laskenta-Lehti Ky,Kommandiittiyhtiö,"Sediginkuja 3, 06500 Porvoo",Porvoo,ilmainen
0581419-3,Tilitoimisto Kilpelä Oy,Osakeyhtiö,"Tammikuja 4, 04260 Kerava",Kerava,ilmainen
0581444-1,Kiukaisten tilitoimisto Ky,Kommandiittiyhtiö,"Eurakoskentie 24, 27400 Kiukainen",Kiukainen,ilmainen
0581476-7,Ab K. Lillhannus Oy,Osakeyhtiö,"Lappfjärdsv. 895, 64300 Lapväärtti",Lapväärtti,ilmainen
0581523-3,Lohjan Teollisuustilit Oy,Osakeyhtiö,"Ampumaradankatu 27, 08150 Lohja",Lohja,ilmainen
0581995-5,Yrittäjäin Tili (Ähtäri) Ky,Kommandiittiyhtiö,"Ostolantie 15 A, 63700 Ähtäri",Ähtäri,ilmainen
0583819-5,Tilitoimisto Servas ja Kumppanit,Avoin yhtiö,"Peurantie 7, 52700 Mäntyharju",Mäntyharju,ilmainen
0584843-0,Oy Holdfast Ab,Osakeyhtiö,"Puuportti 2 C, 02600 Espoo",Espoo,ilmainen
0585020-7,Simon Yrityspalvelu Ky,Kommandiittiyhtiö,95200 Simo,Simo,ilmainen
0585521-9,Pielaveden Tilikeskus Oy,Osakeyhtiö,"Paavontie 4, 73300 Nilsiä",Nilsiä,ilmainen
0585746-8,Isomus Oy,Osakeyhtiö,"Kruununhaankatu 4, 00170 Helsinki",Helsinki,ilmainen
0586088-6,Talhal Oy,Osakeyhtiö,"Rajatorpantie 8, 01600 Vantaa",Vantaa,ilmainen
0586272-6,Tilimppa Oy,Osakeyhtiö,"Kaaritie 1 F, 01840 Klaukkala",Klaukkala,ilmainen
0586484-4,Tulosapu Oy,Osakeyhtiö,"Suuruspääntie 11 B, 40520 Jyväskylä",Jyväskylä,ilmainen
0587801-5,Keski-Uudenmaan HTM-Tilipalvelu Oy,Osakeyhtiö,"Mukulintie 136, 17470 Maakeski",Maakeski,ilmainen
0589679-0,Tilitoimisto Luokkamäki Ky,Kommandiittiyhtiö,"Hakalankatu 15 AS, 60100 Seinäjoki",Seinäjoki,ilmainen
0590441-2,Otava Tilipalvelut Oy,Osakeyhtiö,"Vähätalontie 4 lh., 21160 Merimasku",Merimasku,ilmainen
0590938-7,Malmin DM-konsultointi Oy,Osakeyhtiö,"Vanha Soukkiontie 523, 04680 Hirvihaara",Hirvihaara,ilmainen
0592069-0,Monedero Oy,Osakeyhtiö,"Kimalaisenpolku 12 as., 67800 Kokkola",Kokkola,ilmainen
0592615-2,Paattisten Tili Oy,Osakeyhtiö,"Paattistentie 1020, 21330 Paattinen",Paattinen,ilmainen
0593027-4,Administer Oyj,Julkinen osakeyhtiö,"Konepajankuja 3, 00510 Helsinki",Helsinki,ilmainen
0593142-9,Tilibitti Oy,Osakeyhtiö,"Hietapellontie 15 B, 00730 Helsinki",Helsinki,ilmainen
0593634-2,Monitoimisto Oy,Osakeyhtiö,"Lundinkatu 14 B, 06100 Porvoo",Porvoo,ilmainen
0593985-0,Tili- ja lakitoimisto Kettunen Oy,Osakeyhtiö,"Mannerheimintie 27 A, 00250 Helsinki",Helsinki,ilmainen
0593998-1,Tiliman Oy,Osakeyhtiö,"Hiidenkivenpolku 1, 01690 Vantaa",Vantaa,ilmainen
0594016-5,Tilitoimisto Apollo Oy,Osakeyhtiö,"Topeliuksenkatu 3a B, 00260 Helsinki",Helsinki,ilmainen
0595037-1,Tili MOY Bokföringsbyrå Oy Ab,Osakeyhtiö,"Kuningattarenkatu 22, 07900 Loviisa",Loviisa,ilmainen
0595179-6,"Nykarleby Redovisningstjänst, kommanditbolag.",Avoin yhtiö,"Rijfs Väg 31, 66910 Sokaluoto",Sokaluoto,ilmainen
0595266-8,Tili- ja Yrityspalvelu Timo Virtanen & Kumppanit Oy,Osakeyhtiö,"Lamminraitti 18 A, 16900 Lammi",Lammi,ilmainen
0595298-3,Tili- ja isännöintitoimisto Juvan Yrityshuolto Oy,Kommandiittiyhtiö,"Juvantie 14, 51900 Juva",Juva,ilmainen
0595314-2,Sonkajärven Tilikeskus Oy,Osakeyhtiö,"Rutakontie 36, 74300 Sonkajärvi",Sonkajärvi,ilmainen
0597328-2,Turun Rahoituskonsultointi Oy,Osakeyhtiö,"Lonttistentie 9 B, 20100 Turku",Turku,ilmainen
0597352-2,Laskenta JKR Ky,Kommandiittiyhtiö,"Mikonkatu 1 B, 50100 Mikkeli",Mikkeli,ilmainen
0598131-1,Siffersmedjan Kb,Kommandiittiyhtiö,"Påvalsbyvägen 597, 07870 Skinnarby",Skinnarby,ilmainen
0598560-3,Klaukkalan Tili Oy,Osakeyhtiö,00170 Helsinki,Helsinki,ilmainen
0599113-0,RJN tilit Oy,Osakeyhtiö,"Hakolahdentie 3 A, 00200 Helsinki",Helsinki,ilmainen
0600303-4,Kirjanpitotoimisto Rajala Oy,Osakeyhtiö,"Valkovuokkotie 8, 02550 Evitskog",Evitskog,ilmainen
0600608-3,Oy Östmans Net Ab,Osakeyhtiö,"Stocksundintie 11, 65610 Mustasaari",Mustasaari,ilmainen
0600974-3,Tilisieppo Oy,Osakeyhtiö,"Neilikkapolku 3 D, 01300 Vantaa",Vantaa,ilmainen
0601236-0,Ab Revisionshuset - Tilintarkastustalo Oy,Osakeyhtiö,"Kronviksvägen 4, 65410 Sundom",Sundom,ilmainen
0601690-0,Porvoon Yrityslaskenta Oy,Osakeyhtiö,"Piispankatu 34, 06100 Porvoo",Porvoo,ilmainen
0602219-8,Tilitoimisto Eino Honkaniemi Ky,Kommandiittiyhtiö,"Yrittäjäntie 12, 67100 Kokkola",Kokkola,ilmainen
0602290-5,Oikia Tilitoimisto Oy,Osakeyhtiö,"Salontie 4, 25500 Perniö",Perniö,ilmainen
0602347-3,Oy Tilitoimisto Lindroos Bokföringsbyrå Ab,Osakeyhtiö,"Kirkkotori 13 A, 06100 Porvoo",Porvoo,ilmainen
0603091-3,Kuusamon Tilipalvelu Oy,Kommandiittiyhtiö,"Ouluntaival 3, 93600 Kuusamo",Kuusamo,ilmainen
0603205-4,Oy Habbens Ab,Osakeyhtiö,"Parmansgatan 11 A, 64100 Kristiinankaupunki",Kristiinankaupunki,ilmainen
0603337-2,Laskentapiste L.L.A Oy,Osakeyhtiö,"Vihdintie 4-6 A, 03100 Nummela",Nummela,ilmainen
0603497-3,Tili ja Kiinteistö Erik Huju Oy,Osakeyhtiö,"Hiesukuja 5, 16300 Orimattila",Orimattila,ilmainen
0603724-2,Tammermaan Tilitoimisto Oy,Osakeyhtiö,"Suokatu 1 A, 33230 Tampere",Tampere,ilmainen
0603933-6,Fantasy Accounts Oy,Osakeyhtiö,"Miilumäki 4 D, 02740 Espoo",Espoo,ilmainen
0604562-1,Erälaskenta Oy,Osakeyhtiö,"Nuppulantie 11, 20320 Turku",Turku,ilmainen
0604974-5,Talenom Talouspalvelu Oy,Osakeyhtiö,"Kasarmintie 3, 85100 Kalajoki",Kalajoki,ilmainen
0605063-1,Vero- ja Yritystieto L. Muurinen Oy,Osakeyhtiö,00000 Osoite Tuntematon,Osoite Tuntematon,ilmainen
0605148-2,Kustavin Laskenta Oy,Osakeyhtiö,"Vihermäentie 3, 23360 Kustavi",Kustavi,ilmainen
0605244-2,Yrityslaskenta Laverna Oy,Osakeyhtiö,"Raisiontori 7, 21200 Raisio",Raisio,ilmainen
0605695-3,TT-Kautto Oy,Kommandiittiyhtiö,"Kasarmintie 22 B, 90130 Oulu",Oulu,ilmainen
0605981-2,Sisä-Suomen Taloushallinta Ky,Kommandiittiyhtiö,00000 Osoite Tuntematon,Osoite Tuntematon,ilmainen
0606141-0,Variflex Oy,Osakeyhtiö,"Kantotie 17, 03400 Vihti",Vihti,ilmainen
0607917-8,Caveman Oy,Osakeyhtiö,"Koskimyllyntie 271, 15880 Hollola",Hollola,ilmainen
0609191-9,Tilistrada Oy,Osakeyhtiö,"Jaakkimantie 24 F, 02140 Espoo",Espoo,ilmainen
0609881-1,Tilitoimisto Raetsaari Oy,Osakeyhtiö,"Oulaistenkatu 36, 86300 Oulainen",Oulainen,ilmainen
0611975-8,Längelmäen tili- ja kiinteistötoimisto Oy,Osakeyhtiö,"Kauppilantie 5, 35400 Längelmäki",Längelmäki,ilmainen
0613553-9,Salotilit Oy,Osakeyhtiö,"Turuntie 3, 24100 Salo",Salo,ilmainen
0613657-4,Talousväylä Ky,Kommandiittiyhtiö,"Lampolahdenkatu 2-4, 76100 Pieksämäki",Pieksämäki,ilmainen
0613720-0,Tilipyppi Oy,Osakeyhtiö,"Kasarmintie 10, 99600 Sodankylä",Sodankylä,ilmainen
0615569-5,Tilitoimisto Ekonomi Ilmari Kokkonen Oy,Osakeyhtiö,"Vilniementie 4 C, 02940 Espoo",Espoo,ilmainen
0616620-4,KH Efficient Oy,Osakeyhtiö,"Possentie 4 A, 13200 Hämeenlinna",Hämeenlinna,ilmainen
0616623-9,Intercession Oy,Osakeyhtiö,"Puuportti 2 C, 02600 Espoo",Espoo,ilmainen
0617566-1,Verotboys Oy,Osakeyhtiö,00000 Osoite Tuntematon,Osoite Tuntematon,ilmainen
0617650-9,TiliCaius Oy,Osakeyhtiö,"Itälahdenkatu 15-17, 00210 Helsinki",Helsinki,ilmainen
0618679-0,Tilisuora Oy,Osakeyhtiö,"Kirkkokatu 1 A, 18100 Heinola",Heinola,ilmainen
0619778-0,Tilitertut Ky,Kommandiittiyhtiö,"Olkkalankuja 17 as., 03400 Vihti",Vihti,ilmainen
0620417-8,Priima Yrityslaskenta Oy,Osakeyhtiö,"Tiedekatu 2, 60320 Seinäjoki",Seinäjoki,ilmainen
0620632-5,Heinäveden notariaatti- ja tilipalvelu Oy,Osakeyhtiö,"Kermanrannantie 2, 79700 Heinävesi",Heinävesi,ilmainen
0621472-0,Tili-Häme Oy,Osakeyhtiö,00000 Osoite Tuntematon,Osoite Tuntematon,ilmainen
0623205-6,Ekonomica Ab Åland,Osakeyhtiö,"Möckelövägen 219, 22120 Mariehamn",Mariehamn,ilmainen
0623655-9,Optihallinto Oy,Osakeyhtiö,"Vattuniemenkatu 10 B, 00210 Helsinki",Helsinki,ilmainen
0623948-5,Numerus Oy,Osakeyhtiö,"Teollisuustie 11, 95700 Pello",Pello,ilmainen
0624242-2,Olarin Laskenta Oy,Osakeyhtiö,"Ruomelantie 18 E, 02210 Espoo",Espoo,ilmainen
0624261-7,Kirjanpitotoimisto Sport-Data Oy,Osakeyhtiö,00300 Helsinki,Helsinki,ilmainen
0625418-3,Tili-Karhula Ky,Kommandiittiyhtiö,"Vesivallionaukio 5, 48600 Kotka",Kotka,ilmainen
0625676-0,Sekiini Oy,Osakeyhtiö,"Jokisentie 118, 05200 Rajamäki",Rajamäki,ilmainen
0625686-7,Tilipalvelu Heiskala Ky,Kommandiittiyhtiö,"Kaitoväylä 34 As, 90570 Oulu",Oulu,ilmainen
0625826-4,Irja Lindberg Oy,Kommandiittiyhtiö,"Sarvikunnantie 126, 31530 Pyöli",Pyöli,ilmainen
0625990-2,Laskentakonsultit Oy,Osakeyhtiö,"Kirkkokatu 7, 57100 Savonlinna",Savonlinna,ilmainen
0626048-7,ASP-Tilit Ky,Kommandiittiyhtiö,"Kirkkokatu 8, 39500 Ikaalinen",Ikaalinen,ilmainen
0626223-9,Tili- ja veroasiaintoimisto Käyhkö Oy,Osakeyhtiö,"Roihankatu 10, 56800 Simpele",Simpele,ilmainen
0626641-6,JT-Palvelu Oy,Osakeyhtiö,"Takkatie 14, 00370 Helsinki",Helsinki,ilmainen
0627083-7,Keravan Tilipalvelu Oy,Osakeyhtiö,"Kivenhakkaajantie 10 A, 04200 Kerava",Kerava,ilmainen
0627314-9,Pieksämäen Laskenta Ky,Kommandiittiyhtiö,"Keskuskatu 43 B, 76100 Pieksämäki",Pieksämäki,ilmainen
0627455-5,Tilitoimisto Ky Kuosmanen,Kommandiittiyhtiö,"Isoharjantie 6 A, 71870 Harjamäki",Harjamäki,ilmainen
0627969-8,C-Consults Ravals kommanditbolag,Kommandiittiyhtiö,"Västerbackvägen 6, 66200 Korsnäs",Korsnäs,ilmainen
0631201-3,Tiliverkko Oy,Osakeyhtiö,"Kaupintie 11 B, 00440 Helsinki",Helsinki,ilmainen
0631296-1,Oy Shinbo Ab,Osakeyhtiö,"Kalliokuja 2, 02400 Kirkkonummi",Kirkkonummi,ilmainen
0631336-6,Koskela & Koskela Ky,Kommandiittiyhtiö,"Liinasaarentie 15, 02160 Espoo",Espoo,ilmainen
0631337-4,Yrityskonsultointi Siivonen & Perkonoja,Avoin yhtiö,"Päivölänkuja 3, 23310 Taivassalo",Taivassalo,ilmainen
0631460-9,Tilipori Kommandiittiyhtiö,Kommandiittiyhtiö,"Heinätori 7 A, 33230 Tampere",Tampere,ilmainen
0631634-8,Tilipalvelu P. Niinikoski Oy,Osakeyhtiö,"Eerontie 5, 01900 Nurmijärvi",Nurmijärvi,ilmainen
0631650-8,Tilitoimisto Heikki Laiho Oy,Osakeyhtiö,"Linnankatu 11 A, 20100 Turku",Turku,ilmainen
0632376-7,Itä-Helsingin Toimistopalvelu Oy,Osakeyhtiö,"Viittapolku 4, 00950 Helsinki",Helsinki,ilmainen
0632657-0,Lahden Reviisori Oy,Osakeyhtiö,"Liistekatu 1, 15240 Lahti",Lahti,ilmainen
0632830-6,Oy Byvax Ab,Osakeyhtiö,"Hallatie 8 B, 00780 Helsinki",Helsinki,ilmainen
0632956-0,Tilirakennus Perkkiö & Heikkilä,Avoin yhtiö,"Solvikinkatu 10 B, 00990 Helsinki",Helsinki,ilmainen
0633256-7,Tilintarkastus Kallinen Oy,Osakeyhtiö,"Lohkaretie 14 C, 70700 Kuopio",Kuopio,ilmainen
0634212-4,MER-Yhtiöt Oy,Osakeyhtiö,"Alhotie 14, 04430 Järvenpää",Järvenpää,ilmainen
0634297-6,Bulevardin Tilitoimisto Oy,Osakeyhtiö,"Bulevardi 3 B, 00120 Helsinki",Helsinki,ilmainen
0636526-2,Porin Talousohjaus Oy,Osakeyhtiö,"Lattomerentie 173, 28580 Pori",Pori,ilmainen
0637198-8,Tilitoimisto Juhani Viljaranta Ky,Kommandiittiyhtiö,"Traktoritie 2 C, 00700 Helsinki",Helsinki,ilmainen
0637733-5,Halikon Verofakta Oy,Osakeyhtiö,"Helenankatu 16 A, 24240 Salo",Salo,ilmainen
0639140-1,Porin Tilifakta Oy,Osakeyhtiö,"Ohrapellontie 22, 28610 Pori",Pori,ilmainen
0639666-7,Mairis Oy,Osakeyhtiö,"Välikuja 1, 32610 Vampula",Vampula,ilmainen
0647270-3,JS-Ekonomia Oy,Osakeyhtiö,"Keinutie 11 L, 00940 Helsinki",Helsinki,ilmainen
0647588-3,Kuopion DK-konsult Oy,Osakeyhtiö,"Kasarminkatu 46, 45130 Kouvola",Kouvola,ilmainen
0647743-2,Oulun Tili- ja Yrityspiste Oy,Osakeyhtiö,"Laakerikuja 6 D, 90620 Oulu",Oulu,ilmainen
0648349-6,Savolainen & Syvänperä Oy,Osakeyhtiö,"Kaksoiskiventie 49 D, 02760 Espoo",Espoo,ilmainen
0648361-3,Tilitoimisto Metrotilit Oy,Osakeyhtiö,"Lämmittäjänkatu 4 A, 00880 Helsinki",Helsinki,ilmainen
0648990-0,Menopaussi Oy,Osakeyhtiö,"Suokatu 1 A, 33230 Tampere",Tampere,ilmainen
0649214-9,H3 Group Oy,Osakeyhtiö,"Särkilahdenkatu 5 B, 70700 Kuopio",Kuopio,ilmainen
0649741-7,Pacioli Ab,Osakeyhtiö,"Sammuttajantie 14 F, 45100 Kouvola",Kouvola,ilmainen
0649840-1,Kake Invest Oy,Osakeyhtiö,"Juankoskentie 17 A, 73500 Juankoski",Juankoski,ilmainen
0649963-1,Tilitoimisto Roine Oy,Osakeyhtiö,"Laurinkatu 47, 08100 Lohja",Lohja,ilmainen
0650128-7,Tili-Palonen Ky,Kommandiittiyhtiö,"Nostoväenkatu 9 A, 20360 Turku",Turku,ilmainen
0651299-8,Tilitoimisto Mäkelä & Jungell Oy,Kommandiittiyhtiö,"Terveystie 10, 69600 Kaustinen",Kaustinen,ilmainen
0651305-0,Tilikontrolli Ky Aulikki Roivainen,Kommandiittiyhtiö,"Lapintie 11-13, 94100 Kemi",Kemi,ilmainen
0652497-2,Tilipositiiva avoin yhtiö,Avoin yhtiö,"Kaivomestarinkatu 3 B, 02770 Espoo",Espoo,ilmainen
0652745-2,Kirtili Oy,Osakeyhtiö,"Kalliokuja 2, 02400 Kirkkonummi",Kirkkonummi,ilmainen
0653389-5,Idän Taloustaiturit Oy,Osakeyhtiö,"Junailijankatu 2, 80200 Joensuu",Joensuu,ilmainen
0654701-5,Tiliriento Oy,Osakeyhtiö,"Klaukkalantie 56 B, 01800 Klaukkala",Klaukkala,ilmainen
0655167-1,Tilitoimisto Simola Ky,Kommandiittiyhtiö,"Ristontie 24 D, 96300 Rovaniemi",Rovaniemi,ilmainen
0655510-3,Koillisen Yrityskeskus Oy,Osakeyhtiö,"Hepolammenpolku 2, 93600 Kuusamo",Kuusamo,ilmainen
0656222-3,Oy Noble Services Ltd,Osakeyhtiö,"Siltavoudintie 3, 00640 Helsinki",Helsinki,ilmainen
0656441-3,Ever Clever Oy,Osakeyhtiö,"Annankatu 2 A, 00120 Helsinki",Helsinki,ilmainen
0656446-4,Helsar Oy,Osakeyhtiö,00551 Helsinki,Helsinki,ilmainen
0656513-3,Tiliavain Oy,Osakeyhtiö,"Paasikivenkatu 18 A, 04200 Kerava",Kerava,ilmainen
0656671-8,Oy Alekser Ab,Osakeyhtiö,"Aleksanterinkatu 20, 64260 Kaskinen",Kaskinen,ilmainen
0657077-6,ATK-Tili ja Konsultointi Raija Lantta Ky,Kommandiittiyhtiö,"Sarvijaakonkatu 12 A, 33540 Tampere",Tampere,ilmainen
0657102-3,Vaasan Yritysinformaatio Oy,Osakeyhtiö,"Marenintie 9, 65410 Sundom",Sundom,ilmainen
0657453-1,Arkadia Accounting Oy,Osakeyhtiö,"Kylänvanhimmantie 29 E, 00640 Helsinki",Helsinki,ilmainen
0657901-7,Valkeakosken Kirjanpitotoimisto Oy,Osakeyhtiö,"Suokatu 1 A, 33230 Tampere",Tampere,ilmainen
0658450-2,Tilitoimisto Markku Mäkelä Oy,Osakeyhtiö,"Palokunnankatu 21 C, 13100 Hämeenlinna",Hämeenlinna,ilmainen
0658726-0,tx-tilit Oy,Osakeyhtiö,"Kasperinkuja 14 C, 00870 Helsinki",Helsinki,ilmainen
0659418-8,Tili-Summa Ky,Kommandiittiyhtiö,49401 Hamina,Hamina,ilmainen
0660108-5,Pakilan Tilitoimisto Oy,Osakeyhtiö,"Nuijamiestentie 5 B, 00400 Helsinki",Helsinki,ilmainen
0660148-0,Creditax Oy,Osakeyhtiö,"Horninkatu 9 A, 24100 Salo",Salo,ilmainen
0660410-4,Sonia Oy,Osakeyhtiö,"Tähdenlennonkuja 1, 02240 Espoo",Espoo,ilmainen
0662160-9,TietoAkseli Oy,Osakeyhtiö,"Puistokatu 2 C, 40100 Jyväskylä",Jyväskylä,ilmainen
0662308-1,Denarius Oy,Osakeyhtiö,"Karrinkatu 10, 21200 Raisio",Raisio,ilmainen
0662453-5,Savitaipaleen Laskenta Oy,Osakeyhtiö,"Tuohikotintie 6, 54800 Savitaipale",Savitaipale,ilmainen
0662559-7,Laskentaforum Oy,Osakeyhtiö,"Pajalahdentie 23 A, 00200 Helsinki",Helsinki,ilmainen
0662788-3,Tili- ja Verokonsultointi Reko Vuorinen Oy,Osakeyhtiö,"Yliopistonkatu 21 A, 40100 Jyväskylä",Jyväskylä,ilmainen
0663025-7,Tilitoimisto Aarnio Oy,Osakeyhtiö,"Kauppiaskatu 9 B, 20100 Turku",Turku,ilmainen
0663608-5,Kaija Javanainen-Närhi Ky,Kommandiittiyhtiö,"Ström, 10210 Inkoo",Inkoo,ilmainen
0663892-9,Nordic Accounting & Law Oy,Osakeyhtiö,"Halkosuontie 65 C, 00660 Helsinki",Helsinki,ilmainen
0664015-6,Liiketoimintapalvelu Alvilla Ky,Kommandiittiyhtiö,"Kiertotie 4, 97700 Ranua",Ranua,ilmainen
0664388-3,Tilikeskus Sasile Ky,Kommandiittiyhtiö,32300 Mellilä,Mellilä,ilmainen
0665290-7,TTA Talousneuvo Oy,Osakeyhtiö,"Heimolantie 20 B, 02330 Espoo",Espoo,ilmainen
0665362-7,Tili-Tennilä Oy,Osakeyhtiö,"Pöytäalhontie 76, 04430 Järvenpää",Järvenpää,ilmainen
0665363-5,Tilitoimisto Uotila Seppo Oy,Osakeyhtiö,"Levässuontie 97, 35220 Eräjärvi",Eräjärvi,ilmainen
0665510-4,Tilikallio Oy,Osakeyhtiö,"Hartomäentie 22, 04240 Talma",Talma,ilmainen
0665619-0,Plussat Oy,Osakeyhtiö,"Kirvuntie 35 D, 02140 Espoo",Espoo,ilmainen
0665738-8,Komerco Oy,Osakeyhtiö,"Kauppatie 13, 93400 Taivalkoski",Taivalkoski,ilmainen
0665776-7,Tili-vero- ja isännöitsijätoimisto Pirkko Havia Kommandiittiyhtiö,Kommandiittiyhtiö,24100 Salo,Salo,ilmainen
0666521-4,Kristina Janssons bokföring Ab,Osakeyhtiö,22430 Saltvik,Saltvik,ilmainen
0667435-6,Nems Ab,Osakeyhtiö,"Mariegatan 46, 22100 Mariehamn",Mariehamn,ilmainen
0667614-0,Medinno Oy,Osakeyhtiö,"Suupantie 2, 33960 Pirkkala",Pirkkala,ilmainen
0667814-6,A. Lundin tiliasioimisto ky,Kommandiittiyhtiö,"Lastusillankatu 4, 13210 Hämeenlinna",Hämeenlinna,ilmainen
0668551-4,Tili-Pesonen Ky,Kommandiittiyhtiö,"Varnankatu 2 F, 20320 Turku",Turku,ilmainen
0668574-1,Suomen Talous-Perintä Oy,Osakeyhtiö,"Tietotie 2 lh., 39200 Kyröskoski",Kyröskoski,ilmainen
0669654-7,Pyhäjoen Yrityspalvelu Oy,Osakeyhtiö,86101 Pyhäjoki,Pyhäjoki,ilmainen
0671310-8,Kultatili Oy,Osakeyhtiö,"Karhusuontie 82, 02810 Espoo",Espoo,ilmainen
0671470-9,Lasses Bokföring Ab,Osakeyhtiö,"Kopparbyvägen 151, 66100 Maalahti",Maalahti,ilmainen
0671639-2,Proaudit Oy,Osakeyhtiö,"Ullanlinnankatu 1 A, 00130 Helsinki",Helsinki,ilmainen
0671670-4,Dacta Oy,Osakeyhtiö,"Ristipellontie 17, 00390 Helsinki",Helsinki,ilmainen
0671689-4,Tiliporras Uusimaa Oy,Osakeyhtiö,"Takkointie 7, 03600 Karkkila",Karkkila,ilmainen
0671818-7,Tilinummi Oy,Osakeyhtiö,04401 Järvenpää,Järvenpää,ilmainen
0671836-3,Tilinormit Oy,Osakeyhtiö,"Tuulimyllyntie 8 A, 00920 Helsinki",Helsinki,ilmainen
0671882-2,Kirjanpitotoimisto Kaleva Oy,Osakeyhtiö,"Itsenäisyydenkatu 25 lh., 33500 Tampere",Tampere,ilmainen
0672252-2,Mad Max Oy,Osakeyhtiö,"Rojolantie 73, 21500 Piikkiö",Piikkiö,ilmainen
0673565-7,Härmän Tilintarkastus ja Laskenta Oy,Osakeyhtiö,"Isännäntie 10 A, 60200 Seinäjoki",Seinäjoki,ilmainen
0674030-9,Gerente Oy,Osakeyhtiö,"Liisankatu 12 D, 00170 Helsinki",Helsinki,ilmainen
0674125-6,Jyväskylän toimistotiimi Oy,Osakeyhtiö,"Tellervonkatu 10 C, 40100 Jyväskylä",Jyväskylä,ilmainen
0675125-1,Tilitoimisto Taloushallinnon Palvelu Oy,Osakeyhtiö,"Mechelininkatu 10 A, 00100 Helsinki",Helsinki,ilmainen
0675201-9,Tilipalvelu Arnomark Oy,Osakeyhtiö,"Lappeentie 53, 00950 Helsinki",Helsinki,ilmainen
0675261-7,PP-Tili ja Isännöinti Oy,Kommandiittiyhtiö,"Tinankuja 2, 02430 Masala",Masala,ilmainen
0675419-6,Yrittäjien Tilipalvelu YTP Oy,Osakeyhtiö,"Myllykyläntie 954 as., 32500 Oripää",Oripää,ilmainen
0675578-9,Ikaalisten Toimihenkilöpalvelu Viitamäki Ky,Avoin yhtiö,"Vanha Tampereentie 3 L, 39500 Ikaalinen",Ikaalinen,ilmainen
0675851-7,Tili- ja isännöitsijätoimisto Räisänen & Gustafsson Oy,Osakeyhtiö,"Neljästie 17 C, 02620 Espoo",Espoo,ilmainen
0676255-9,Satakerta Rödl Oy,Osakeyhtiö,"Kalevankatu 6, 00100 Helsinki",Helsinki,ilmainen
0676265-5,Tilihalme Oy,Osakeyhtiö,"Kirjokannenkatu 11, 20660 Littoinen",Littoinen,ilmainen
0676464-2,Tilitoimisto Vesa Paananen Oy,Osakeyhtiö,"Haapaniemenkatu 12 A, 70100 Kuopio",Kuopio,ilmainen
0676544-2,SVK-palvelu Oy,Osakeyhtiö,"Sairaalankatu 5-7, 33100 Tampere",Tampere,ilmainen
0677055-9,Arsimo Oy,Osakeyhtiö,"Keljontie 80, 36420 Sahalahti",Sahalahti,ilmainen
0678435-2,Tilitoimisto Eeva Vesteri Oy,Osakeyhtiö,"Huopalahdentie 5 A, 00330 Helsinki",Helsinki,ilmainen
0678508-0,Tilitoimisto Eurekon Oy,Osakeyhtiö,"Etelätie 7, 02710 Espoo",Espoo,ilmainen
0678662-2,Lucrative Oy,Osakeyhtiö,"Tampereentie 9, 38600 Lavia",Lavia,ilmainen
0679182-7,Salon Tilikonsultti Oy,Osakeyhtiö,"Sivenojantie 89, 04170 Paippinen",Paippinen,ilmainen
0679594-0,Partamani Oy,Osakeyhtiö,"Juankoskentie 17, 73500 Juankoski",Juankoski,ilmainen
0679622-2,Laskentapalvelu Veikko Tuohimäki Oy,Osakeyhtiö,"Laulajantie 10 B, 61300 Kurikka",Kurikka,ilmainen
0679830-8,Talouspalvelu Kankaansivu Oy,Osakeyhtiö,"Karjalohjantie 520, 25410 Suomusjärvi",Suomusjärvi,ilmainen
0679876-2,Tilitoimisto Damsdata Ky,Kommandiittiyhtiö,"Moisionkatu 7, 81700 Lieksa",Lieksa,ilmainen
0680509-6,Kiireapu Väistö & Kinnunen Oy,Osakeyhtiö,"Nahkiaisentie 63 C, 01480 Vantaa",Vantaa,ilmainen
0681211-4,TiliMaster Oy,Osakeyhtiö,"Kunnantie 6, 94400 Keminmaa",Keminmaa,ilmainen
0681732-9,Avain-Tilit Oy,Osakeyhtiö,"Talteentie 48, 11310 Riihimäki",Riihimäki,ilmainen
0682294-5,Espoon tili- ja verokonsultointi Oy,Osakeyhtiö,"Ojalantie 31, 03100 Nummela",Nummela,ilmainen
0682444-9,Taitotalous Oy,Osakeyhtiö,"Lauttasaarentie 14, 00200 Helsinki",Helsinki,ilmainen
0683625-5,Ecolex Oy,Osakeyhtiö,"Orvokkikuja 8 B, 01300 Vantaa",Vantaa,ilmainen
0683662-6,Toimistoapu R.A. Palsina Oy,Osakeyhtiö,"Kuutsalontie 12, 00910 Helsinki",Helsinki,ilmainen
0683911-4,Tilipalvelu Pieti Ky,Kommandiittiyhtiö,"Metsänkuninkaantie 3, 90250 Oulu",Oulu,ilmainen
0683956-0,VerkkoTilit Oy,Osakeyhtiö,"Jussilankatu 4, 15680 Lahti",Lahti,ilmainen
0685276-5,Interfast Oy,Osakeyhtiö,"Puuportti 2 C, 02600 Espoo",Espoo,ilmainen
0685465-6,Holdcession Oy,Osakeyhtiö,"Puuportti 2 C, 02600 Espoo",Espoo,ilmainen
0685748-6,Mediatili Oy,Osakeyhtiö,"Olavinkatu 44 A, 57100 Savonlinna",Savonlinna,ilmainen
0686418-4,Oy Clearvision Ltd,Osakeyhtiö,"Kultasepänkatu 5 A, 04250 Kerava",Kerava,ilmainen
0686610-4,Tilitoimisto Utriainen Oy,Osakeyhtiö,"Oksamantie 4 A, 91900 Liminka",Liminka,ilmainen
0686675-3,Juha Marviala Oy,Osakeyhtiö,"Haltiakuja 5 F, 04230 Kerava",Kerava,ilmainen
0687072-8,Oy P.G. Forsell Ab,Osakeyhtiö,"Lännhammarvägen 717, 09120 Karjalohja",Karjalohja,ilmainen
0687748-7,Tili-Tupa Oy,Osakeyhtiö,"Temppelikatu 10 A, 11100 Riihimäki",Riihimäki,ilmainen
0687853-5,Codecon Oy,Osakeyhtiö,03101 Nummela,Nummela,ilmainen
0688012-5,e-tilit Finland Oy,Osakeyhtiö,"Puistokatu 27, 38200 Sastamala",Sastamala,ilmainen
0688412-6,Yritysapu Mirja Hartikainen Ky,Kommandiittiyhtiö,"Pännitie 5, 03100 Nummela",Nummela,ilmainen
0688591-1,Tilioptio Oy,Osakeyhtiö,"Myllytie 4b A, 04410 Järvenpää",Järvenpää,ilmainen
0688594-6,PeMiLa Oy,Osakeyhtiö,"Kirkkoherrantie 2 A, 00650 Helsinki",Helsinki,ilmainen
0688924-2,Kb Bokföringsbyrå Henrik Åkerlund Tilitoimisto Ky,Kommandiittiyhtiö,"Kvarnvägen 12, 68600 Pietarsaari",Pietarsaari,ilmainen
0688999-8,Controllers Turku Oy,Osakeyhtiö,"Apollonkatu 11a A, 00100 Helsinki",Helsinki,ilmainen
0689057-7,KJM-Taloushallintopalvelut Ky,Avoin yhtiö,"Multatie 9, 90650 Oulu",Oulu,ilmainen
0689388-2,Salon Seudun Monitoimi Ky,Kommandiittiyhtiö,24100 Salo,Salo,ilmainen
0690013-0,Tilipalvelu & Veroneuvonta Pirkko Turppa Ky,Kommandiittiyhtiö,"Sahalahdentie 1284, 36420 Sahalahti",Sahalahti,ilmainen
0691180-9,Ala-Sepän Tili Ky,Kommandiittiyhtiö,"Länsirannantie 441, 62620 Ala-Seppä",Ala-Seppä,ilmainen
0691242-2,JK-Konttoripalvelu Oy,Osakeyhtiö,"Hyypäntie 6, 61800 Kauhajoki",Kauhajoki,ilmainen
0691501-7,Jokioisten Tilitoimisto Oy,Osakeyhtiö,"Keskuskatu 19, 31600 Jokioinen",Jokioinen,ilmainen
0691506-8,Tilitoimisto Äly Oy,Osakeyhtiö,"Ratapihankatu 53 A, 20100 Turku",Turku,ilmainen
0691727-4,Tilintarkastustoimisto Markku Koskela Oy,Osakeyhtiö,"Liinasaarentie 15, 02160 Espoo",Espoo,ilmainen
0692633-0,Akabroo Oy,Osakeyhtiö,"Köykkärintie 692, 62310 Voltti",Voltti,ilmainen
0692881-1,Turun Tilintarkastajat Oy,Osakeyhtiö,"Köpmansgatan 2 C, 20100 Turku",Turku,ilmainen
0693171-1,"Kiinteistö- ja tilitoimisto Sydän-Häme, avoin yhtiö",Avoin yhtiö,"Sahantie 14, 36600 Pälkäne",Pälkäne,ilmainen
0693302-0,Tilifennia Ky,Kommandiittiyhtiö,"Museokatu 13 B, 00100 Helsinki",Helsinki,ilmainen
0693817-1,Laskenta Piilola Oy,Osakeyhtiö,"Ahjokatu 13 A, 40320 Jyväskylä",Jyväskylä,ilmainen
0693898-0,Turunmaan ATK-Neuvonta Oy,Osakeyhtiö,"Lammentie 4, 23200 Vinkkilä",Vinkkilä,ilmainen
0693899-9,Tili-Ilmarinen Oy,Osakeyhtiö,"Leirikatu 9, 20360 Turku",Turku,ilmainen
0695339-8,Someron Laki- ja Verokonsultit Oy,Osakeyhtiö,"Yliopistonkatu 50 A, 33100 Tampere",Tampere,ilmainen
0695340-0,KLS-Invest Oy,Osakeyhtiö,"Simolankatu 7 F, 33270 Tampere",Tampere,ilmainen
0695729-2,Andelslaget Brändö Företagstjänst,Osuuskunta,"Norrviksvägen, 22910 Torsholma",Torsholma,ilmainen
0696766-9,JM-Team Oy,Osakeyhtiö,"Lepolantie 80 A, 00660 Helsinki",Helsinki,ilmainen
0698165-5,Mouhijärven Sijoitus Oy,Osakeyhtiö,"Kirkkokatu 1 B, 38200 Sastamala",Sastamala,ilmainen
0698578-7,Jannes Portfölj Ab,Osakeyhtiö,"Bolåkersvägen 12, 65410 Sundom",Sundom,ilmainen
0699073-8,Aitta-Tilit Oy,Osakeyhtiö,"Aittarivi 6 AS, 01660 Vantaa",Vantaa,ilmainen
0699078-9,Investointisysteemi Oy,Osakeyhtiö,"Malmirajanpolku 2, 01690 Vantaa",Vantaa,ilmainen
0699255-7,Numerelli Oy,Osakeyhtiö,"Maamonlahdentie 3 A, 00200 Helsinki",Helsinki,ilmainen
0700534-9,Leppävaaran Toimisto- ja Kiinteistöpalvelu Oy,Osakeyhtiö,"Everstinkuja 5 A, 02600 Espoo",Espoo,ilmainen
0702115-4,Tehokeino Oy,Osakeyhtiö,"Itäkatu 1-5 B, 00930 Helsinki",Helsinki,ilmainen
0702295-8,SYJ-Tilitoimisto Oy,Osakeyhtiö,"Pekankatu 4 A, 96200 Rovaniemi",Rovaniemi,ilmainen
0702533-1,Helsingin Sijoitussentteri Oy,Osakeyhtiö,"Tuohustie 2a C, 00670 Helsinki",Helsinki,ilmainen
0703118-4,Bumeco Oy,Osakeyhtiö,"Torpantie 22 A, 90230 Oulu",Oulu,ilmainen
0703501-1,KSBM Management Oy,Osakeyhtiö,"Turuntie 19, 24240 Salo",Salo,ilmainen
0703701-7,Tilitoimisto Exit Oy Hanna Pekkanen,Osakeyhtiö,"Avokatu 17 D, 04440 Järvenpää",Järvenpää,ilmainen
0703822-0,Tilitoimisto Liisa Metsäranta Ky,Kommandiittiyhtiö,"Hakaniemenranta 28 A, 00530 Helsinki",Helsinki,ilmainen
0703839-4,Tasemarkat Oy,Osakeyhtiö,"Vuorilinnantie 1 as., 25500 Perniö",Perniö,ilmainen
0704733-8,SinunMinun Oy,Osakeyhtiö,"Kiilakuja 3 D, 04400 Järvenpää",Järvenpää,ilmainen
0705825-6,Tili-Akka Oy,Osakeyhtiö,"Pietiläntie 6 B, 42100 Jämsä",Jämsä,ilmainen
0706222-0,Accountor Solutions Oy,Osakeyhtiö,"Keilaniementie 1, 02150 Espoo",Espoo,ilmainen
0706290-9,Aramaran Ky,Kommandiittiyhtiö,"Voorintanhua 49, 23600 Kalanti",Kalanti,ilmainen
0706583-5,Perkontil Oy,Osakeyhtiö,"Ellintie 4-6 B, 36200 Kangasala",Kangasala,ilmainen
0706584-3,PLT Monitori Oy,Osakeyhtiö,"Capellanranta 3 B, 00580 Helsinki",Helsinki,ilmainen
0706671-5,Kb Löfman Ky Gunilla Löfman,Kommandiittiyhtiö,"Skolvägen 5 A, 21660 Nauvo",Nauvo,ilmainen
0707017-5,Ulvilan tilitoimisto Oy,Osakeyhtiö,"Tehtaantie 2, 28400 Ulvila",Ulvila,ilmainen
0707102-0,Tilitoimisto Ikonen Ky,Kommandiittiyhtiö,"Kirjavakatu 2, 15300 Lahti",Lahti,ilmainen
0707484-6,Espoon Tilipalvelu Oy,Osakeyhtiö,"Tornitaso 3 as., 02120 Espoo",Espoo,ilmainen
0707668-1,Tilitoimisto Lyytikkä Oy,Osakeyhtiö,"Rengastie 1, 31400 Somero",Somero,ilmainen
0707942-8,Innobis Oy,Osakeyhtiö,"Koskelankuja 8, 01400 Vantaa",Vantaa,ilmainen
0708351-5,Kirju Oy,Osakeyhtiö,"Eteläinen Rantatie 964, 29900 Merikarvia",Merikarvia,ilmainen
0708615-0,Infoservice Kettunen Oy,Osakeyhtiö,"Lauttasaarentie 14, 00200 Helsinki",Helsinki,ilmainen
0709260-6,Böka Invest Ab,Osakeyhtiö,"Björkbackvägen 25, 65610 Mustasaari",Mustasaari,ilmainen
0709363-3,Jyvässeudun Laskentapalvelu Oy,Osakeyhtiö,"Kauppakatu 25 A, 40100 Jyväskylä",Jyväskylä,ilmainen
0709783-7,Tili- ja konsulttitoimisto Matti Sillantaka Ky,Kommandiittiyhtiö,"Rusthollinkatu 7 A, 08200 Lohja",Lohja,ilmainen
0710115-4,DG Henkilöstöpalvelut Oy,Osakeyhtiö,"Valimotie 17-19, 00380 Helsinki",Helsinki,ilmainen
0710345-9,T & H Palvelut Oy,Osakeyhtiö,"Vuoksenniskantie 103 A, 55800 Imatra",Imatra,ilmainen
0710426-7,Viitarinne Oy,Osakeyhtiö,"Tasbyntie 17-19 D, 01150 Söderkulla",Söderkulla,ilmainen
0710678-0,Heinolan Tulosdata Oy,Osakeyhtiö,"Reumantie 4, 18100 Heinola",Heinola,ilmainen
0711475-6,Toimistolaskenta TL OY,Osakeyhtiö,"Klaukkalantie 56 B, 01800 Klaukkala",Klaukkala,ilmainen
0711711-3,Rantalainen Oy Helsinki,Osakeyhtiö,"Keskuskatu 3 A, 00100 Helsinki",Helsinki,ilmainen
0711953-0,Oy Norm-Esko Consulting Ab,Osakeyhtiö,"Lapinlahdenkatu 31 B, 00180 Helsinki",Helsinki,ilmainen
0711966-1,Roi-Rast Oy,Osakeyhtiö,"Mäntyrinne 4, 96910 Rovaniemi",Rovaniemi,ilmainen
0712389-8,Pirkkalan Laskenta ja Tarkastus Oy,Osakeyhtiö,"Pyhäjärvenkatu 5 A, 33200 Tampere",Tampere,ilmainen
0712866-4,KMH-Bokföring Ab,Osakeyhtiö,"Co_Kim_Hellström, 02550 Evitskog",Evitskog,ilmainen
0715004-4,Tilitoimisto Leena Dufva Oy,Osakeyhtiö,"Suurlohjankatu 22, 08100 Lohja",Lohja,ilmainen
0715152-2,Oy Katekone Ab,Osakeyhtiö,"Nystadsvägen 7 A, 00350 Helsinki",Helsinki,ilmainen
0715324-5,Kb Bengt-Gunnar Dromberg Ky,Kommandiittiyhtiö,"Elimäentie 1040, 07980 Kuninkaankylä",Kuninkaankylä,ilmainen
0715355-2,Savon TP-Taito Ky,Kommandiittiyhtiö,"Kissakuusentie 2-4, 72100 Karttula",Karttula,ilmainen
0715429-9,Tikomark Oy,Osakeyhtiö,"Virtakatu 11, 04410 Järvenpää",Järvenpää,ilmainen
0715958-3,Oy JOC-Invest Ab,Osakeyhtiö,"Halmstadsgatan 23, 10900 Hanko",Hanko,ilmainen
0716005-8,Suomen Kibo Oy,Osakeyhtiö,"Kiveriönkatu 18 C, 15140 Lahti",Lahti,ilmainen
0716517-4,Laskenta Oy Tuula Kemiläinen,Osakeyhtiö,"Eliel Saarisen Tie 15 A, 00400 Helsinki",Helsinki,ilmainen
0716617-7,Tilipalvelu Tossavainen Oy,Osakeyhtiö,"Kirkkokatu 3, 98100 Kemijärvi",Kemijärvi,ilmainen
0716850-0,Nakkilan Isännöinti Oy,Osakeyhtiö,"Markuntie, 29250 Nakkila",Nakkila,ilmainen
0717692-2,Vesannon Isännöitsijä ja Tili Ky,Kommandiittiyhtiö,72300 Vesanto,Vesanto,ilmainen
0717781-0,Kotkan Tilitieto Oy,Osakeyhtiö,"Vihannestie 19, 48700 Kotka",Kotka,ilmainen
0717999-8,Tilitoimisto Heikki Peltola Oy,Osakeyhtiö,"Vihtorinkatu 11, 23800 Laitila",Laitila,ilmainen
0718243-3,Liiketilikeskus Haapalehto & Co Oy,Kommandiittiyhtiö,"Yliopistonkatu 33 D, 20100 Turku",Turku,ilmainen
0718970-7,Ileko Oy,Osakeyhtiö,"Käsityöläiskatu 18 B, 20100 Turku",Turku,ilmainen
0718977-4,Up and Down Business Oy,Osakeyhtiö,"Brahenkatu 14 E, 20100 Turku",Turku,ilmainen
0719883-0,Yritystoiminnan Ratkaisijat Oy,Osakeyhtiö,"Olavinkatu 52, 57100 Savonlinna",Savonlinna,ilmainen
0720896-3,Tilisektio Oy,Osakeyhtiö,"Velhovuorentie 8, 00330 Helsinki",Helsinki,ilmainen
0720925-3,Oivatili Oy,Osakeyhtiö,"Ähtärintie 3, 63800 Soini",Soini,ilmainen
0720963-2,PMK-tilipalvelu Oy,Osakeyhtiö,"Kauppurienkatu 30, 90100 Oulu",Oulu,ilmainen
0721429-8,Tili-insinöörit Oy,Osakeyhtiö,"Kuusipiha 9, 45100 Kouvola",Kouvola,ilmainen
0721660-5,Tiliylläs Oy,Osakeyhtiö,"Kemintie 11, 95420 Tornio",Tornio,ilmainen
0721798-2,WaBuCo Financial Services Oy,Osakeyhtiö,"Konepajankuja 3, 00510 Helsinki",Helsinki,ilmainen
0723115-1,Kangasalan Tilikeskus Ky,Kommandiittiyhtiö,"Kuohunharjuntie 10 B, 36200 Kangasala",Kangasala,ilmainen
0723448-3,Uudenmaan Erikoistilit Oy,Osakeyhtiö,"Pärnunkatu 8 B, 00980 Helsinki",Helsinki,ilmainen
0723526-7,Tilitoimisto Akipo Oy,Osakeyhtiö,"Brahenkatu 20, 20100 Turku",Turku,ilmainen
0723528-3,Tilitoimisto Järvinen & Katajisto Ky,Kommandiittiyhtiö,"Torikatu 1, 38200 Sastamala",Sastamala,ilmainen
0723595-3,Loimaan Tili ja Kiinteistö Oy,Osakeyhtiö,"Hirvikoskentie 222, 32210 Loimaa",Loimaa,ilmainen
0723719-0,Tili Sydwest Oy Ab,Osakeyhtiö,"Strandvägen 16 A, 21600 Parainen",Parainen,ilmainen
0723858-0,Arisma Oy,Osakeyhtiö,"Rantakatu 15, 23500 Uusikaupunki",Uusikaupunki,ilmainen
0723898-6,Konsu Oy,Osakeyhtiö,"Itälahdenkatu 15-17, 00210 Helsinki",Helsinki,ilmainen
0724782-3,Tilitoimisto E. Poutiainen Kommandiittiyhtiö,Kommandiittiyhtiö,"Laukaantie 4, 40320 Jyväskylä",Jyväskylä,ilmainen
0725458-0,Tilitoimisto Lahden Tilipiste Oy,Osakeyhtiö,"Vesijärvenkatu 9 C, 15140 Lahti",Lahti,ilmainen
0725885-6,Tilitoimisto Tili-Linna Oy,Osakeyhtiö,"Viittakarinkuja 3 B, 20900 Turku",Turku,ilmainen
0726010-4,Billnäs Bokföring Ab,Osakeyhtiö,"Forsbyntie 21 A, 10300 Karjaa",Karjaa,ilmainen
0726175-6,MagnusKrister Oy,Osakeyhtiö,"Enonniementie 23, 58170 Simanala",Simanala,ilmainen
0726247-6,Tiliareena Oy,Osakeyhtiö,"Ränkitie 10b B, 00750 Helsinki",Helsinki,ilmainen
0726515-9,Tehotilit Oy,Osakeyhtiö,"Malminkaari 23 A, 00700 Helsinki",Helsinki,ilmainen
0727223-6,Tilitopparit Oy,Kommandiittiyhtiö,"Kotoniityntie 3 D, 00650 Helsinki",Helsinki,ilmainen
0728118-3,JT-Tilit Ky,Kommandiittiyhtiö,"Kauppakatu 59 A, 78200 Varkaus",Varkaus,ilmainen
0728171-4,Oy Toimialakirjanpito-Branschbokföring Ab,Osakeyhtiö,"Institutsgatan 15, 65100 Vaasa",Vaasa,ilmainen
0728196-8,Reijolan Tilipalvelu Ky,Kommandiittiyhtiö,"Reijolantie 1, 80330 Reijola",Reijola,ilmainen
0728322-6,Bokföring P-E Nyberg Kb,Kommandiittiyhtiö,"Mastgatan 1, 10300 Karjaa",Karjaa,ilmainen
0728741-1,Tili ja Konsultointi Karpo Oy,Osakeyhtiö,00000 Osoite Tuntematon,Osoite Tuntematon,ilmainen
0732222-1,Jaana Kuulamo Oy,Osakeyhtiö,"Stenbäckinkatu 12 C, 00250 Helsinki",Helsinki,ilmainen
0732279-0,Sijoitusomena Oy,Osakeyhtiö,"Jyväskyläntie 9 A, 77700 Rautalampi",Rautalampi,ilmainen
0733097-7,Gallant Espoo Oy,Osakeyhtiö,"Firdonkatu 2 T, 00520 Helsinki",Helsinki,ilmainen
0735175-1,Arkadia Invest Oy,Osakeyhtiö,"Turuntie 2084, 09430 Saukkola",Saukkola,ilmainen
0735692-3,Tilifunktio Oy,Osakeyhtiö,"Koivikkotie 5, 13720 Parola",Parola,ilmainen
0735935-8,Speedway Oy,Osakeyhtiö,"Kukonkuja 1, 15880 Hollola",Hollola,ilmainen
0736116-7,Tili-Ollilat Oy,Kommandiittiyhtiö,"Urheilukatu 9-11 A, 96100 Rovaniemi",Rovaniemi,ilmainen
0736412-2,Tilitoimisto Sorvoja Oy,Kommandiittiyhtiö,"Viirretie 100, 68240 Ala-Viirre",Ala-Viirre,ilmainen
0736983-9,Laskenta Raento Oy,Osakeyhtiö,"Kurkikalliontie 48, 41660 Toivakka",Toivakka,ilmainen
0737118-9,Palvelutoimisto Multi-Service kommandiittiyhtiö,Kommandiittiyhtiö,"Hemvikintie 32, 02460 Kantvik",Kantvik,ilmainen
0737375-8,Asunto-Avekki Oy,Osakeyhtiö,"Multavierunkatu 1 B, 20100 Turku",Turku,ilmainen
0738374-5,Haapatilit Ky,Kommandiittiyhtiö,85800 Haapajärvi,Haapajärvi,ilmainen
0739757-3,Tiliseuranta Ky Lauri Silvasti,Kommandiittiyhtiö,"Hongistontie 5, 05400 Jokela",Jokela,ilmainen
0740752-4,Interleaf Oy,Osakeyhtiö,"Puuportti 2 C, 02600 Espoo",Espoo,ilmainen
0740868-2,Tilitoimisto Päätili Oy,Osakeyhtiö,"Mikonkatu 8 A, 00100 Helsinki",Helsinki,ilmainen
0740879-7,Ermakin Oy,Osakeyhtiö,"Nupurinkartanontie 2 E, 02820 Espoo",Espoo,ilmainen
0742823-7,Erottajan Tilitoimisto Oy,Osakeyhtiö,"Paasikivenkatu 18 A, 04200 Kerava",Kerava,ilmainen
0744722-7,Eames Oy,Osakeyhtiö,"Aniskuja 2 B, 01300 Vantaa",Vantaa,ilmainen
0744915-0,Ålands Bokföring Ab,Osakeyhtiö,"Blomstringevägen 12, 22150 Jomala",Jomala,ilmainen
0744930-2,Maks-Tili Oy,Osakeyhtiö,"Kolsarintie 11, 02460 Kantvik",Kantvik,ilmainen
0746264-6,Haagan Tilitoimisto Oy,Osakeyhtiö,"Tunnelitie 15, 00320 Helsinki",Helsinki,ilmainen
0746724-4,Tikkurilan Tilitoimisto Oy,Osakeyhtiö,"Peltolantie 10 A, 01300 Vantaa",Vantaa,ilmainen
0747115-5,Tinatili Oy,Osakeyhtiö,"Siriuksenkuja 10 A, 01450 Vantaa",Vantaa,ilmainen
0747535-9,Tammer-Tili Oy,Osakeyhtiö,"Kankaantaankatu 23, 37100 Nokia",Nokia,ilmainen
0747877-9,LT Tili Oy,Osakeyhtiö,"Kellomäentie 1, 54920 Taipalsaari",Taipalsaari,ilmainen
0748418-3,CoAccounting Oy Ab,Osakeyhtiö,"Puusepänkaarre 2, 06150 Porvoo",Porvoo,ilmainen
0748829-9,Tili-Ani Oy,Osakeyhtiö,"Unikkopolku 4 C, 01300 Vantaa",Vantaa,ilmainen
0748886-2,TJ Yrityspalvelut Ky,Kommandiittiyhtiö,"Lauttasaarentie 54 E, 00200 Helsinki",Helsinki,ilmainen
0749213-2,Virranrauta Oy,Osakeyhtiö,"Hatanpään Valtatie 30, 33100 Tampere",Tampere,ilmainen
0749217-5,TJ Tilit Oy,Osakeyhtiö,"Lauttasaarentie 54 E, 00200 Helsinki",Helsinki,ilmainen
0750836-8,Millemix Oy,Osakeyhtiö,"Otonkaarre 12 B, 42700 Keuruu",Keuruu,ilmainen
0751186-6,Mäntytieto Oy,Osakeyhtiö,"Reissutie 4, 52700 Mäntyharju",Mäntyharju,ilmainen
0751574-4,Fim Yrityspalvelut Oy,Osakeyhtiö,"Rauhantie 26, 85140 Tynkä",Tynkä,ilmainen
0751595-5,Tilitoimisto Riitta Hyry Oy,Kommandiittiyhtiö,"Hatanpään Valtatie 34 B, 33100 Tampere",Tampere,ilmainen
0752061-5,Maatila-Tili Juhani Saharinen Ky,Kommandiittiyhtiö,"Niementie 6 A, 16300 Orimattila",Orimattila,ilmainen
0753044-2,Bokföringsbyrå Ab J & J Oy Tilitoimisto,Osakeyhtiö,"Lappfjärdsvägen 728, 64300 Lapväärtti",Lapväärtti,ilmainen
0753371-5,Annevi Oy,Osakeyhtiö,"Höylätie 5 B, 01650 Vantaa",Vantaa,ilmainen
0753609-4,Vantaan Kirjanpitopalvelu Oy,Osakeyhtiö,"Avaintie 23, 01660 Vantaa",Vantaa,ilmainen
0753659-6,Tilipalvelu Irma Lehtinen Oy,Osakeyhtiö,"Metsäpurontie 12, 05460 Hyvinkää",Hyvinkää,ilmainen
0753830-5,Tili- ja markkinointitoimisto Katetuotto Oy,Osakeyhtiö,"Wallininkuja 5, 00530 Helsinki",Helsinki,ilmainen
0754720-1,Avoin yhtiö Bairan,Avoin yhtiö,"Ihalantie 74, 21260 Raisio",Raisio,ilmainen
0755219-0,Aalto Patrick Konsultointi Oy,Osakeyhtiö,"Huvilatie 15, 40200 Jyväskylä",Jyväskylä,ilmainen
0755410-2,Tilitoimisto Aune Pietarinen Oy,Osakeyhtiö,"Leivosenkuja 2 D, 00780 Helsinki",Helsinki,ilmainen
0755598-1,Olari Trading Oy,Osakeyhtiö,"Lehtokortteentie 20a, 02970 Espoo",Espoo,ilmainen
0755936-8,Tamkotek Oy,Osakeyhtiö,"Irjalankatu 9, 33560 Tampere",Tampere,ilmainen
0756374-6,Asiantuntijapalvelut J.Laine Oy,Osakeyhtiö,"Aroniitunkuja 7 A, 13500 Hämeenlinna",Hämeenlinna,ilmainen
0756393-0,Yritysterapia Oy,Osakeyhtiö,"Talvisalonkatu 21, 57100 Savonlinna",Savonlinna,ilmainen
0756409-5,Ylöjärven Laskenta Oy,Osakeyhtiö,"Mikkolantie 13 B, 33470 Ylöjärvi",Ylöjärvi,ilmainen
0756973-4,M&L Laskenta Oy,Osakeyhtiö,"Luuvaniementie 3 D, 00350 Helsinki",Helsinki,ilmainen
0757362-9,Kalervo-Laskenta & Tili Oy,Osakeyhtiö,"Mäkitie 3, 12310 Ryttylä",Ryttylä,ilmainen
0757494-7,KSS-Group Oy,Osakeyhtiö,"Väinämöisenkatu 29 A, 00100 Helsinki",Helsinki,ilmainen
0759099-8,Kirjanpitotoimisto Eskelinen Oy,Osakeyhtiö,"Uudenmaankatu 65, 05830 Hyvinkää",Hyvinkää,ilmainen
0759110-6,Matalamäki Ky,Kommandiittiyhtiö,"Ladonlukonpolku 8 B, 00430 Helsinki",Helsinki,ilmainen
0760119-1,Bokföringsbyrå Balansfix Ab,Osakeyhtiö,"Öurvägen 17 B, 66800 Oravainen",Oravainen,ilmainen
0760754-2,Taloustoimisto Oy Backoffice Ab,Osakeyhtiö,"Pukinmäenaukio 2, 00720 Helsinki",Helsinki,ilmainen
0762036-8,Tilitoimisto Iikku Oy,Osakeyhtiö,"Talvisillantie 91, 31400 Somero",Somero,ilmainen
0762103-7,Tilitoimisto Rautakoski Ky,Kommandiittiyhtiö,"Vuorikatu 34, 70100 Kuopio",Kuopio,ilmainen
0762179-0,Tilitoimisto Pentti Lavanko Ky,Kommandiittiyhtiö,00620 Helsinki,Helsinki,ilmainen
0762278-5,Rantapalvelu SLS Oy,Osakeyhtiö,"Henry Fordinkatu 5 B, 00150 Helsinki",Helsinki,ilmainen
0762788-5,Maatilayrityspalvelu Farmek Oy,Osakeyhtiö,"Tiilikkalantie 119, 69310 Laitala",Laitala,ilmainen
0762901-2,Tilitoimisto Arkor Oy,Osakeyhtiö,"Kauppiaskatu 9b A, 20100 Turku",Turku,ilmainen
0763387-1,"Ky Danders, L.K.Andersson Kb",Kommandiittiyhtiö,,,ilmainen
0763699-2,Tilitiksi Ky,Kommandiittiyhtiö,"Neilikkapolku 3 D, 01300 Vantaa",Vantaa,ilmainen
0764565-3,Tilitoimisto Birgit Kommandiittiyhtiö,Kommandiittiyhtiö,"Heinäväenkuja 7, 02760 Espoo",Espoo,ilmainen
0764888-9,HK-Data Oy,Osakeyhtiö,"Kotinummenkuja 2 F, 00700 Helsinki",Helsinki,ilmainen
0765027-6,Abaton Oy,Osakeyhtiö,"Töröntie 3, 82600 Tohmajärvi",Tohmajärvi,ilmainen
0766846-8,Werner Holding Oy,Osakeyhtiö,"Hollantilaisentie 9 A, 00330 Helsinki",Helsinki,ilmainen
0767940-7,Ewissa-Tilit Oy,Osakeyhtiö,"Sointutie 4 A, 00730 Helsinki",Helsinki,ilmainen
0768501-4,Tilitoimisto Laskentatulos Oy,Osakeyhtiö,"Kuurnankatu 7, 80100 Joensuu",Joensuu,ilmainen
0768651-9,Ovidoor Oy,Osakeyhtiö,"Linnoitustie 4 B, 02600 Espoo",Espoo,ilmainen
0768887-2,RK-Palvelu Oy,Osakeyhtiö,"Takkatie 14, 00370 Helsinki",Helsinki,ilmainen
0770552-1,Elimäen Kiinteistökeskus Oy,Osakeyhtiö,"Vanhamaantie 12, 47200 Elimäki",Elimäki,ilmainen
0770728-7,tilipiste Debet Oy,Osakeyhtiö,"Laurinkatu 27 A, 08100 Lohja",Lohja,ilmainen
0770784-2,Yrityspalvelu Bamica Ky,Kommandiittiyhtiö,"Tallitie 20 A, 13500 Hämeenlinna",Hämeenlinna,ilmainen
0772438-6,Logplan Oy,Osakeyhtiö,"Torkkelink. 3 C, 00500 Helsinki",Helsinki,ilmainen
0772549-3,Saudit Oy,Osakeyhtiö,"Mustankivenaukio 5 A, 00980 Helsinki",Helsinki,ilmainen
0773548-0,Pirkan Tilitoimisto Oy,Osakeyhtiö,"Hämeenkatu 5 B, 33100 Tampere",Tampere,ilmainen
0774071-4,Laskenta Ecumar Oy,Osakeyhtiö,"Tapiolantie 3 A, 00610 Helsinki",Helsinki,ilmainen
0774136-2,Kirjanpitopalvelu Miettinen Ky,Kommandiittiyhtiö,"Saimaantie 7, 54100 Joutseno",Joutseno,ilmainen
0774148-5,Pirkanmaan Finanssi Oy,Osakeyhtiö,"Tammikuja 3 G, 33840 Tampere",Tampere,ilmainen
0774662-2,Tili- ja lakiasiaintoimisto Tilijuridiikka Oy,Osakeyhtiö,"Hiirihaukantie 29, 70820 Kuopio",Kuopio,ilmainen
0774712-3,Satinno Oy,Osakeyhtiö,"Ridalintie 4 A, 03100 Nummela",Nummela,ilmainen
0776289-2,JSF-Tilit Oy,Osakeyhtiö,"Eenokinkuja 1, 21420 Lieto",Lieto,ilmainen
0776506-5,Tilitoimisto K. Katajamäki Ky,Kommandiittiyhtiö,"Hakkapeliittatie 3, 31300 Tammela",Tammela,ilmainen
0776749-0,Tili- ja Isännöitsijätoimisto T. A. Hokkanen Oy,Osakeyhtiö,"Ristikorventie 17, 40800 Vaajakoski",Vaajakoski,ilmainen
0776838-9,Kirjanpito M Häkkinen Ky,Kommandiittiyhtiö,"Katajatie 8 A, 02360 Espoo",Espoo,ilmainen
0777290-0,SolidiaTilit Oy,Osakeyhtiö,"Postikatu 7, 33100 Tampere",Tampere,ilmainen
0777292-7,Tilitiedotus Ky Saaristo Matti,Kommandiittiyhtiö,"Kuusikorvenkatu 12, 33420 Tampere",Tampere,ilmainen
0777349-5,Firmalogia Ky,Kommandiittiyhtiö,"Sandnäsvägen 6, 21650 Lillandet",Lillandet,ilmainen
0777475-4,Greenfield Oy,Osakeyhtiö,"Kaaritie 1 F, 01840 Klaukkala",Klaukkala,ilmainen
0777596-8,JMR-Tilit Oy,Osakeyhtiö,"Patomäentie 22, 15610 Lahti",Lahti,ilmainen
0778193-8,Tilikeskus PTK Oy,Osakeyhtiö,"Keskustie 4, 01900 Nurmijärvi",Nurmijärvi,ilmainen
0778282-6,Optimi Kate Kommandiittiyhtiö,Kommandiittiyhtiö,"Pellavamäentie 7 B, 04320 Tuusula",Tuusula,ilmainen
0778617-3,Liikepalvelu Kreditor Oy,Osakeyhtiö,"Vaskipellontie 10 E, 01610 Vantaa",Vantaa,ilmainen
0778972-9,Kb Bokföringsbyrå Nummenmaa Kirjanpitotoimisto Ky,Kommandiittiyhtiö,"Åsvängen 10, 10300 Karjaa",Karjaa,ilmainen
0779103-6,Etelä-Savon Laskenta ja Konsultointi Ky,Kommandiittiyhtiö,"Porrassalmenkatu 25 B, 50100 Mikkeli",Mikkeli,ilmainen
0779747-0,Toimistopalvelu Teljä Ky,Kommandiittiyhtiö,"Tulkkilantie 32, 32800 Kokemäki",Kokemäki,ilmainen
0779775-3,Tilikanava Oy,Osakeyhtiö,"Koulukatu 13, 53100 Lappeenranta",Lappeenranta,ilmainen
0780199-4,Apidae Oy,Osakeyhtiö,"Takojantie 10 A, 48220 Kotka",Kotka,ilmainen
0780699-8,Tilipalvelu Olkkola Oy,Osakeyhtiö,"Apulintie 14, 85100 Kalajoki",Kalajoki,ilmainen
0780791-5,Uudenmaan Tilimix Oy,Osakeyhtiö,"Järvihaantie 4 B, 01800 Klaukkala",Klaukkala,ilmainen
0780873-1,Taloushallinto Ky Kari Jakonen,Kommandiittiyhtiö,"Lepomäentie 18, 17240 Kalkkinen",Kalkkinen,ilmainen
0781495-5,Taavetin Tilitieto Ky,Kommandiittiyhtiö,"Linnalantie 33, 54500 Taavetti",Taavetti,ilmainen
0781664-3,Oy Comcomp Finland Ltd,Osakeyhtiö,"Kuortaneentie 448, 62100 Lapua",Lapua,ilmainen
0782114-3,Convido Ab Oy,Osakeyhtiö,"Viasvägen 97, 66140 Övermalax",Övermalax,ilmainen
0782233-0,Taloushallinnon palvelutoimisto Jääskeläinen Oy,Osakeyhtiö,"Pukkimäki 7 F, 01690 Vantaa",Vantaa,ilmainen
0782558-2,Orden Oy,Osakeyhtiö,"Korppiniementie 53, 71570 Syvänniemi",Syvänniemi,ilmainen
0784232-3,Bokföring & Revision Söderberg Oy,Osakeyhtiö,"Kauppiaankatu 17, 10300 Karjaa",Karjaa,ilmainen
0785519-1,Tilipalvelu S.M. Kukka Avoin yhtiö,Avoin yhtiö,"Onkkaalantie 829, 36570 Kaivanto",Kaivanto,ilmainen
0785695-2,Maataloustilitoimisto Erkki Rekola Oy,Osakeyhtiö,"Terveystie 27 A, 15870 Hollola",Hollola,ilmainen
0786610-6,Salmi & Riiali Oy,Osakeyhtiö,"Pukinmäenaukio 2, 00720 Helsinki",Helsinki,ilmainen
0787054-3,Harjusinvest Oy,Osakeyhtiö,"Mechelinikatu 4 B, 00100 Helsinki",Helsinki,ilmainen
0787281-3,Kronoby Bokföringsservice Kb,Kommandiittiyhtiö,68500 Kruunupyy,Kruunupyy,ilmainen
0787758-5,Tilipalvelu Kuronen Oy,Kommandiittiyhtiö,"Uudenmaankatu 2, 05800 Hyvinkää",Hyvinkää,ilmainen
0788009-8,Tili- ja talouslaskenta M. Halme Oy,Osakeyhtiö,"Sorkkalantie 254, 33980 Pirkkala",Pirkkala,ilmainen
0788014-3,Yrityspalvelu Tilifax Ky,Kommandiittiyhtiö,"Pöllitie 4, 12540 Launonen",Launonen,ilmainen
0789294-5,Majiq Oy,Osakeyhtiö,"Tarkk'Ampujankatu 10, 00150 Helsinki",Helsinki,ilmainen
0790170-9,Sysmän Tilipalvelut Ky,Kommandiittiyhtiö,"Uotintie 1, 19700 Sysmä",Sysmä,ilmainen
0790173-3,Oma-Tili Oy,Osakeyhtiö,"Krister Juutin Polku 4 B, 00790 Helsinki",Helsinki,ilmainen
0790232-2,Tilitaito Mastola Ky,Kommandiittiyhtiö,"Kohotie 7, 80170 Joensuu",Joensuu,ilmainen
0790640-3,Parmas Oy,Osakeyhtiö,"Jänissuontie 120, 04130 Sipoo",Sipoo,ilmainen
0791132-5,Accountdata HS Oy,Osakeyhtiö,"Caloniuksenkatu 7 B, 00100 Helsinki",Helsinki,ilmainen
0791415-5,Tikolep Oy,Osakeyhtiö,"Kuulantie 5 A, 63300 Alavus",Alavus,ilmainen
0793075-3,Viitasaaren Yrityspalvelu Ky,Kommandiittiyhtiö,"Porthanintie 4 as., 44500 Viitasaari",Viitasaari,ilmainen
0793135-0,Tilitoimisto Liisa Aaltonen Ky,Kommandiittiyhtiö,"Merimiehenkatu 16 A, 23500 Uusikaupunki",Uusikaupunki,ilmainen
0793280-4,Kuppeli Ky,Kommandiittiyhtiö,"Koulukatu 3 A, 48100 Kotka",Kotka,ilmainen
0794008-9,Oy Barecon Ab,Osakeyhtiö,"Råskogsvägen 138, 64210 Kalax",Kalax,ilmainen
0794338-6,Tilitoimisto Kymppiset Oy,Kommandiittiyhtiö,"Kauppakatu 21, 44100 Äänekoski",Äänekoski,ilmainen
0794454-9,Vehka-Tili Ky,Kommandiittiyhtiö,"Maariankatu 14 F, 49400 Hamina",Hamina,ilmainen
0794855-8,Tilitoimisto S.E.K. Oy,Osakeyhtiö,"Kauppakatu 17-19 C, 89600 Suomussalmi",Suomussalmi,ilmainen
0795063-1,Tietotoimisto Oilat Ky,Kommandiittiyhtiö,"Pekolankatu 66, 13220 Hämeenlinna",Hämeenlinna,ilmainen
0795153-8,Yrityspalvelu Visiotili Oy,Osakeyhtiö,"Ahertajantie 6 C, 02100 Espoo",Espoo,ilmainen
0795395-5,"SL-Yrityslaskenta, avoin yhtiö",Avoin yhtiö,"Aulikintie 14, 01420 Vantaa",Vantaa,ilmainen
0795761-4,Tilisarake Ky,Kommandiittiyhtiö,"Yli-Anttilantie 40, 05830 Hyvinkää",Hyvinkää,ilmainen
0795775-3,Kredit Creder Ky,Kommandiittiyhtiö,"Toikantie 1-5 B, 36240 Kangasala",Kangasala,ilmainen
0795833-4,Solrac Ky,Kommandiittiyhtiö,"Jäspilänkatu 28 C, 04250 Kerava",Kerava,ilmainen
0796725-7,XY-Tili Ky,Kommandiittiyhtiö,"Hankasuontie 8, 00390 Helsinki",Helsinki,ilmainen
0796762-8,Kb Ekenäs Bokförings- och Disponenttjänst - Tammisaaren Tili- ja Isännöintipalvelu Ky,Kommandiittiyhtiö,"Trollbergsvägen 11, 10650 Tammisaari",Tammisaari,ilmainen
0796849-5,Kiinteistö-Tavastia Oy,Osakeyhtiö,"Papinkatu 16 B, 33200 Tampere",Tampere,ilmainen
0799558-1,EL Brokers Oy,Osakeyhtiö,"Jukolantie 14 Z, 04340 Tuusula",Tuusula,ilmainen
0800808-2,Arowa Oy,Osakeyhtiö,"Koulukatu 10-12, 05800 Hyvinkää",Hyvinkää,ilmainen
0801113-4,Isännöitsijätoimisto Kaikumäki Ky,Kommandiittiyhtiö,"Hämeenkatu 3a A, 20500 Turku",Turku,ilmainen
0801584-8,Tilitoimisto Anu Laakkonen Oy,Osakeyhtiö,"Pälvitie 4, 04220 Kerava",Kerava,ilmainen
0801653-3,Tulosoptimi Ky,Kommandiittiyhtiö,"Kaupinkuja 2, 01360 Vantaa",Vantaa,ilmainen
0803062-6,Tilintarkastus Inkeröinen Oy,Kommandiittiyhtiö,"Mesimarjakatu 10, 50170 Mikkeli",Mikkeli,ilmainen
0804318-7,Tasiat Oy,Osakeyhtiö,"Mesimäki 7, 02780 Espoo",Espoo,ilmainen
0804878-9,Oy IFE Marketing Ab,Osakeyhtiö,"Ormvråkgatan 3 E, 65320 Vaasa",Vaasa,ilmainen
0804911-6,Tilivahti Pyhtää Oy,Osakeyhtiö,"Karhulantie 31, 48600 Kotka",Kotka,ilmainen
0804953-8,Kivitili Oy,Osakeyhtiö,,,ilmainen
0805723-9,K Keinänen Oy,Osakeyhtiö,"Koskentie 55, 10470 Fiskari",Fiskari,ilmainen
0806021-9,R. Hytönen Ky,Kommandiittiyhtiö,"Keskustie 16, 43800 Kivijärvi",Kivijärvi,ilmainen
0806318-8,Karjalan Tilipalvelu Oy,Osakeyhtiö,"Itäranta 12, 80100 Joensuu",Joensuu,ilmainen
0806399-7,Oy Lede Ab,Osakeyhtiö,"Yliopistonkatu 33, 20100 Turku",Turku,ilmainen
0807055-6,Tilitoimisto Leila Illi Ky,Kommandiittiyhtiö,"Jätkäsaarenkuja 13 A, 00220 Helsinki",Helsinki,ilmainen
0807118-8,Ehrs Invest Ab,Osakeyhtiö,"Vettmossvägen 95, 64230 Närpiö As",Närpiö As,ilmainen
0807583-2,Tilitoimisto Sirpa Hämäläinen Oy,Osakeyhtiö,"Karpalotie 6, 78500 Varkaus",Varkaus,ilmainen
0807884-9,Confido Bokföringsbyrå Ab,Osakeyhtiö,"Blomstringevägen 12, 22150 Jomala",Jomala,ilmainen
0808094-9,Kirjanpito Huusari Ky,Kommandiittiyhtiö,"Maijastiinanpolku 4, 48810 Kotka",Kotka,ilmainen
0808111-6,Tilipalvelu Ahonen Oy,Osakeyhtiö,"Valjaskatu 10, 55100 Imatra",Imatra,ilmainen
0808328-5,Yrityspalvelu Lappalainen Oy,Osakeyhtiö,"Merivalkama 22 B, 02320 Espoo",Espoo,ilmainen
0808380-8,Konsultti- ja tilitoimi Pekka Halonen Ky,Kommandiittiyhtiö,"Haaransuontie 8 B, 90240 Oulu",Oulu,ilmainen
0808420-2,ToimiVille Oy,Osakeyhtiö,"Kylmäläntie 139, 02550 Evitskog",Evitskog,ilmainen
0808963-6,D-K Control Oy Ab,Osakeyhtiö,"Kolabacksvägen 2, 25900 Taalintehdas",Taalintehdas,ilmainen
0809339-5,Oy Decima Ab,Osakeyhtiö,"Lägereldsringen 45-49 A, 65300 Vaasa",Vaasa,ilmainen
0809453-1,Tili-Bang Oy,Osakeyhtiö,"Lukkosepänkatu 6 A, 20320 Turku",Turku,ilmainen
0809916-4,Tilitoimisto Raimo Varis Oy,Osakeyhtiö,"Paasikivenkatu 14 A, 04200 Kerava",Kerava,ilmainen
0809965-8,Railef-Invest Oy,Osakeyhtiö,"Elonpolku 10, 31400 Somero",Somero,ilmainen
0810494-7,Tersero Oy,Osakeyhtiö,"Torpankuja 6, 29600 Noormarkku",Noormarkku,ilmainen
0810752-3,Tilitoimisto Ekonom Oy,Osakeyhtiö,"Tunnelikatu 45, 74130 Iisalmi",Iisalmi,ilmainen
0812010-3,Tilipalvelu Pitkänen Ky,Kommandiittiyhtiö,"Pukinmäenaukio 4 B, 00720 Helsinki",Helsinki,ilmainen
0812357-4,Sagamix Ky,Kommandiittiyhtiö,"Siepontaival 2 C, 60200 Seinäjoki",Seinäjoki,ilmainen
0812580-1,Tilitoimisto Riitta Heikkilä Oy,Osakeyhtiö,"Vuorikatu 24, 15110 Lahti",Lahti,ilmainen
0812896-5,Jupcon Oy,Osakeyhtiö,"Pisteenkaari 4, 03100 Nummela",Nummela,ilmainen
0813301-9,Bicolla Oy,Osakeyhtiö,"Puutarhatie 10, 02880 Veikkola",Veikkola,ilmainen
0813732-7,Toimistopalvelu Ka-Ta Oy,Osakeyhtiö,"Puijonsarventie 56 A, 70260 Kuopio",Kuopio,ilmainen
0814019-8,Tili- ja ATK-palvelu Fiscus Ky,Kommandiittiyhtiö,"Muottikatu 3 B, 90530 Oulu",Oulu,ilmainen
0814895-8,AJ Laskenta Oy,Kommandiittiyhtiö,"Harjukatu 12 E, 40100 Jyväskylä",Jyväskylä,ilmainen
0815104-9,Länsirajan Tilitoimisto Ky,Kommandiittiyhtiö,"Pellontie 17 A, 95700 Pello",Pello,ilmainen
0815182-3,Oravais Företagsservice Ab,Osakeyhtiö,"Skolvägen 20 C, 66800 Oravainen",Oravainen,ilmainen
0815293-0,Dataco Oy,Osakeyhtiö,"Rakentajantie 1 D, 00370 Helsinki",Helsinki,ilmainen
0816432-5,Kiinteistökirjanpito Leena Vuorio Oy,Osakeyhtiö,"Leppälinnuntie 20 A, 00780 Helsinki",Helsinki,ilmainen
0816749-7,Tilitoimisto Huhdanmäki Oy,Osakeyhtiö,"Antinkatu 11, 28100 Pori",Pori,ilmainen
0816794-8,Vuokkari Oy,Osakeyhtiö,"Salpakankaantie 18 B, 15860 Hollola",Hollola,ilmainen
0817186-7,Vasarakadun Tilitupa Oy,Osakeyhtiö,"Vasarakatu 1 A, 40320 Jyväskylä",Jyväskylä,ilmainen
0817700-3,Tilikymi Oy,Osakeyhtiö,"Takojantie 10 A, 48220 Kotka",Kotka,ilmainen
0817708-9,Tilitoimisto R. Karasti Oy Ab,Osakeyhtiö,"Kaislatie 28 A, 01300 Vantaa",Vantaa,ilmainen
0817776-7,Stylman Oy,Osakeyhtiö,"Väinö Auerin Katu 7 D, 00560 Helsinki",Helsinki,ilmainen
0818542-5,Peltokoski-Product Avoin yhtiö,Avoin yhtiö,"Kielokatu 10, 04430 Järvenpää",Järvenpää,ilmainen
0818587-1,Etelä-Suomen Tili Oy,Osakeyhtiö,"Levässuontie 97, 35220 Eräjärvi",Eräjärvi,ilmainen
0818788-5,R-Tili ja Tuote Ky,Kommandiittiyhtiö,"Pursialankatu 32, 50100 Mikkeli",Mikkeli,ilmainen
0819459-1,PK-LASKENTA OY,Osakeyhtiö,"Kalevanpuisto 30, 28120 Pori",Pori,ilmainen
0819622-0,Tili- ja Yrityspalvelu Ky Kuittinen,Kommandiittiyhtiö,"Sepänkatu 1 A, 75700 Valtimo",Valtimo,ilmainen
0819757-3,Avitus Oy,Osakeyhtiö,"Pellavakaskenmäki 3 a, 02340 Espoo",Espoo,ilmainen
0819957-9,Tilikoskela Ky,Kommandiittiyhtiö,"Liinasaarentie 15, 02160 Espoo",Espoo,ilmainen
0820889-3,Rääkkylän Maataloustilit Ky,Kommandiittiyhtiö,82300 Rääkkylä,Rääkkylä,ilmainen
0821125-9,Leadsol Oy,Osakeyhtiö,"Pekka-Pellontie 27, 03220 Tervalampi",Tervalampi,ilmainen
0822147-3,Jata-Marin Oy,Osakeyhtiö,"Saarineitamontie 16, 99800 Ivalo",Ivalo,ilmainen
0822239-6,Ostolan Tilitoimisto Oy,Osakeyhtiö,"Linjatie 9, 63700 Ähtäri",Ähtäri,ilmainen
0823004-6,Aghe Oy,Osakeyhtiö,"Maratontie 22, 01280 Vantaa",Vantaa,ilmainen
0823174-3,Kymen Tilitiimi Oy,Osakeyhtiö,"Hallituskatu 13 B, 45100 Kouvola",Kouvola,ilmainen
0823602-6,Lakeuden tehoperintä,Osakeyhtiö,"Kuortaneentie 448, 62100 Lapua",Lapua,ilmainen
0823751-2,Speratus Oy,Osakeyhtiö,"Elimäenkatu 20 A, 00510 Helsinki",Helsinki,ilmainen
0824207-1,Tilipalvelu Patrikka Ky,Kommandiittiyhtiö,"Kermanrannantie 2, 79700 Heinävesi",Heinävesi,ilmainen
0824269-6,Tif Tof Oy,Osakeyhtiö,"Äestäjänkuja 2, 00390 Helsinki",Helsinki,ilmainen
0825018-6,Uudenmaan Tilitieto Oy,Osakeyhtiö,"Haukkavuorenrinne 8, 04220 Kerava",Kerava,ilmainen
0825256-0,Tilitoimisto Koskitilit Ky,Avoin yhtiö,"Valtakatu 21 lh., 37600 Valkeakoski",Valkeakoski,ilmainen
0825924-4,Hammaslahden Tilitoimisto Oy,Kommandiittiyhtiö,"Lastaustie 1, 82200 Hammaslahti",Hammaslahti,ilmainen
0826559-9,Atterossi Oy,Osakeyhtiö,"Tuulensuuntie 9, 39500 Ikaalinen",Ikaalinen,ilmainen
0826620-9,Ulvilan Yrityspalvelu Oy,Osakeyhtiö,"Naapurintie 14, 28400 Ulvila",Ulvila,ilmainen
0827130-7,Tili ja Isännöinti S Tilander Ky,Kommandiittiyhtiö,"Punamullantie 9 B, 01900 Nurmijärvi",Nurmijärvi,ilmainen
0827886-7,Tilitoimisto Enterprise Ky,Kommandiittiyhtiö,"Sammonkatu 43 B, 33540 Tampere",Tampere,ilmainen
0828533-8,Yritys-Talentit Oy,Osakeyhtiö,"Kaikulantie 105, 04390 Jäniksenlinna",Jäniksenlinna,ilmainen
0828554-9,Oy Tilitupa Henry Friman Ab,Kommandiittiyhtiö,"Itäinen Tullikatu 1, 07900 Loviisa",Loviisa,ilmainen
0829101-7,Tilitoimisto Haapala Oy,Osakeyhtiö,"Kappelikuja 1, 32700 Huittinen",Huittinen,ilmainen
0829803-2,Satakunnan Yritystili Oy,Osakeyhtiö,"Isolinnankatu 24, 28100 Pori",Pori,ilmainen
0830299-4,Isännöinti- ja Tilipalvelu Porin Balanssi Ky,Kommandiittiyhtiö,"Valtakatu 6, 28100 Pori",Pori,ilmainen
0830521-2,Salon Tilipalvelu Oy,Osakeyhtiö,"Turuntie 21, 24240 Salo",Salo,ilmainen
0830569-3,Tili- ja Konsultointi Sili Ky,Kommandiittiyhtiö,"Tuomistontie 4, 39500 Ikaalinen",Ikaalinen,ilmainen
0830605-5,Yrityspalvelut Kairakari ja Särkelä Oy,Osakeyhtiö,"Valkiantie 21, 23500 Uusikaupunki",Uusikaupunki,ilmainen
0830662-9,Tili- & Konsulttitoimisto Ky Salex Kb,Kommandiittiyhtiö,"Raksontie 25-27, 67700 Kokkola",Kokkola,ilmainen
0830682-1,Nettotilit Oy,Osakeyhtiö,"Mäkitervakontie 5 B, 53920 Lappeenranta",Lappeenranta,ilmainen
0830834-1,TR-Laskenta Oy,Osakeyhtiö,"Härkiöntie 13, 19950 Luhanka",Luhanka,ilmainen
0831505-8,Talco Lasse Talsi Ky,Kommandiittiyhtiö,"Kyminlinnantie 6, 48600 Kotka",Kotka,ilmainen
0831690-7,Ductum OY,Osakeyhtiö,"Läntinen Teollisuuskatu 11, 02920 Espoo",Espoo,ilmainen
0832100-1,Tilitoimisto Tuula Iisakkila Ky,Kommandiittiyhtiö,"Hauhontie 14, 14700 Hauho",Hauho,ilmainen
0832533-6,Tilitoimisto Anir Oy,Osakeyhtiö,"Kiviportintie 47 A, 00950 Helsinki",Helsinki,ilmainen
0833046-9,Tilipalvelu Heikkinen Oy,Osakeyhtiö,"Kehräämöntie 7, 87400 Kajaani",Kajaani,ilmainen
0833069-6,Helena Pulkkinen Oy,Osakeyhtiö,"Keskipellonkatu 10 C, 04230 Kerava",Kerava,ilmainen
0833129-3,Someron Tilintarkastus- ja Yrityspalvelu Ky,Kommandiittiyhtiö,"Jaatilantie 79, 31400 Somero",Somero,ilmainen
0833272-0,Tilitoimisto Fokus Oy,Osakeyhtiö,"Temmeksentie 12, 90400 Oulu",Oulu,ilmainen
0833311-7,Avoin yhtiö Ekomin,Avoin yhtiö,"Karhulantie 50 D, 48600 Kotka",Kotka,ilmainen
0833529-4,Avista-Tilit Oy,Osakeyhtiö,"Yrittäjäntie 4, 37910 Akaa",Akaa,ilmainen
0834305-9,Mukar Oy,Osakeyhtiö,"Eskolantie 12-14, 00720 Helsinki",Helsinki,ilmainen
0834736-7,Numerla Oy,Osakeyhtiö,"Savukuja 2, 21420 Lieto",Lieto,ilmainen
0834914-3,P. Vilén Consulting Ab Oy,Osakeyhtiö,"Sandvägen 30, 65630 Karperö",Karperö,ilmainen
0835607-9,Eljox Oy,Osakeyhtiö,"Putkolantie 62, 77520 Haapakoski",Haapakoski,ilmainen
0836100-3,Tilipinna Oy,Osakeyhtiö,"Yläkatu 33, 48700 Kotka",Kotka,ilmainen
0836457-0,Metpin Avoin yhtiö,Kommandiittiyhtiö,"Mäntyluodonkatu 5, 28880 Pori",Pori,ilmainen
0836588-0,Äetsän Laskenta ja Yrityspalvelu Oy,Osakeyhtiö,"Narvantie 243 B, 38200 Sastamala",Sastamala,ilmainen
0837093-8,Toikan Tilipalvelu Oy,Kommandiittiyhtiö,"Jaskarintie 2 as., 66400 Laihia",Laihia,ilmainen
0837868-1,EH-Invest Oy,Osakeyhtiö,"Kaitalahdenranta 13 A, 02260 Espoo",Espoo,ilmainen
0838098-4,Tilintarkastus J. Etelämaa Oy,Osakeyhtiö,"Ainontie 5-9 D, 13500 Hämeenlinna",Hämeenlinna,ilmainen
0838803-8,European Emporoi Oy,Osakeyhtiö,"Vantaanjänne 2 B, 01730 Vantaa",Vantaa,ilmainen
0838969-8,Tilitoimisto Horisontti Oy,Kommandiittiyhtiö,"Rysätie 3, 90810 Kiviniemi",Kiviniemi,ilmainen
0839068-0,Toimistopalvelu K.Repo Ky,Kommandiittiyhtiö,"Vanha Turuntie 99, 10420 Pohjankuru",Pohjankuru,ilmainen
0839293-4,Yrityspalvelu Toimex Ky,Kommandiittiyhtiö,"Osurannantie 88, 08800 Lohja",Lohja,ilmainen
0839488-4,Salejaka Oy,Osakeyhtiö,"Ainontie 5 D, 13500 Hämeenlinna",Hämeenlinna,ilmainen
0839607-0,Nöjd Oy Tili- ja Lakiasiaintoimisto,Osakeyhtiö,"Avokatu 2, 04440 Järvenpää",Järvenpää,ilmainen
0840311-1,K&KK Company Oy,Osakeyhtiö,"Olaskuja 1 C, 04430 Järvenpää",Järvenpää,ilmainen
0840326-9,Angelma & Mäkelä Group Oy,Osakeyhtiö,"Kansikatu 1 B, 33100 Tampere",Tampere,ilmainen
0840481-9,Strave Oy,Osakeyhtiö,"Urheilukatu 52 A, 00250 Helsinki",Helsinki,ilmainen
0840526-4,PrimeTalous Oy,Osakeyhtiö,"Talviunentie 7, 80230 Joensuu",Joensuu,ilmainen
0840775-3,Tilatieto-Jussila Oy,Osakeyhtiö,"Simpuntie 1 A, 90830 Haukipudas",Haukipudas,ilmainen
0841115-4,Ab Gabriella Oy,Osakeyhtiö,"Gropvägen 19, 64300 Lapväärtti",Lapväärtti,ilmainen
0841257-9,Savelan Tilikeskus Oy,Osakeyhtiö,"Mikontie 3, 60800 Ilmajoki",Ilmajoki,ilmainen
0841871-9,Tilitoimisto Anki Oy,Osakeyhtiö,"Koirasaarentie 43 A, 00590 Helsinki",Helsinki,ilmainen
0842162-7,O. Ruissalo Ky,Kommandiittiyhtiö,00531 Helsinki,Helsinki,ilmainen
0842285-7,Administer Oy Jämsä,Osakeyhtiö,"Keskuskatu 11, 42100 Jämsä",Jämsä,ilmainen
0842479-9,Yrityspalvelu Väkevä Ky,Avoin yhtiö,"Pirttipolku 2 B, 45150 Kouvola",Kouvola,ilmainen
0842559-9,Santperän Tilitoimisto Oy,Osakeyhtiö,"Patotie 2, 01600 Vantaa",Vantaa,ilmainen
0843058-2,Taloushallinto Härmä Oy,Osakeyhtiö,"Kauppakatu 2, 91900 Liminka",Liminka,ilmainen
0844103-8,Boreal Finance Oy,Osakeyhtiö,"Palojoentie 3 B, 16300 Orimattila",Orimattila,ilmainen
0844910-1,Enzian Oy,Osakeyhtiö,"Ritarikatu 7 A, 00170 Helsinki",Helsinki,ilmainen
0844928-3,Kurun Profitiimi Oy,Kommandiittiyhtiö,"Ristaniementie 404, 34330 Poikelus",Poikelus,ilmainen
0845184-2,Tili-Piikkiö Oy,Osakeyhtiö,"Hadvalantie 9, 21500 Piikkiö",Piikkiö,ilmainen
0845384-8,Pälsbalans Kb,Kommandiittiyhtiö,"Monäsvägen 393, 66970 Hirvlax",Hirvlax,ilmainen
0846262-1,TILIJUSSILA KY,Kommandiittiyhtiö,"Penttilänkatu 1 F, 80220 Joensuu",Joensuu,ilmainen
0846610-4,Hilapo Oy,Osakeyhtiö,"Takojankatu 15 A, 33540 Tampere",Tampere,ilmainen
0847246-7,Finntase Oy,Osakeyhtiö,"Susitie 18, 02400 Kirkkonummi",Kirkkonummi,ilmainen
0847287-0,Aka-Nor Oy,Osakeyhtiö,"Pensaskertuntie 1 B, 02660 Espoo",Espoo,ilmainen
0847644-1,Petriko Oy,Osakeyhtiö,"Horsmakuja 10, 01300 Vantaa",Vantaa,ilmainen
0847777-8,Leos Oy,Osakeyhtiö,"Jaakkolantie 12 B, 60100 Seinäjoki",Seinäjoki,ilmainen
0848125-9,Raitin Konsultointi Oy,Osakeyhtiö,"Vantaanlaaksonraitti 3 A, 01670 Vantaa",Vantaa,ilmainen
0850286-5,Oulu-Tilit Ky,Kommandiittiyhtiö,"Kiilakiventie 1, 90250 Oulu",Oulu,ilmainen
0850920-7,Tilinovo Ky,Kommandiittiyhtiö,"Leinikintie 12 B, 28660 Pori",Pori,ilmainen
0851120-0,Mopi Palvelut Oy,Osakeyhtiö,"Siltakyläntie 2 H, 00740 Helsinki",Helsinki,ilmainen
0851365-2,Plata Laskenta Oy,Osakeyhtiö,"Urheilukatu 2, 26100 Rauma",Rauma,ilmainen
0851730-3,RS-Tili Ky,Kommandiittiyhtiö,"Puistotie 36, 61800 Kauhajoki",Kauhajoki,ilmainen
0853060-4,Kiinteistöpalvelu Muntila Oy,Osakeyhtiö,"Maitoistentie 140, 12100 Oitti",Oitti,ilmainen
0853275-7,Tilikasi Oy,Osakeyhtiö,"Hämeentie 4549, 21560 Ollila",Ollila,ilmainen
0853437-3,Tihahe Oy,Osakeyhtiö,"Turuntie 22, 24240 Salo",Salo,ilmainen
0854604-0,Kovalainen & Suni Osakeyhtiö,Osakeyhtiö,"Hälintie 15, 90800 Oulu",Oulu,ilmainen
0855010-3,Mikaje Ky,Kommandiittiyhtiö,"Luhtajoentie 4 A, 01800 Klaukkala",Klaukkala,ilmainen
0855090-4,Maccon Oy,Osakeyhtiö,"Tarkk'Ampujankatu 11 lh., 00120 Helsinki",Helsinki,ilmainen
0855831-6,Express-Tilit Oy,Osakeyhtiö,"Torkkelinkatu 3 C, 00500 Helsinki",Helsinki,ilmainen
0856254-2,Sam-Tilit Ky,Kommandiittiyhtiö,"Majavankuja 19, 40400 Jyväskylä",Jyväskylä,ilmainen
0856273-7,Tilipalvelu Maija Retva Oy,Osakeyhtiö,"Helsingintie 69, 24100 Salo",Salo,ilmainen
0856288-4,Kihniön Tilipalvelu Oy,Osakeyhtiö,"Pohjoiskauppatori 1 C, 28100 Pori",Pori,ilmainen
0856406-2,Econea Oy,Osakeyhtiö,"Laivakatu 1 E, 70840 Kuopio",Kuopio,ilmainen
0856995-5,JTN-Yhtiö Oy,Osakeyhtiö,"Aamukasteenkuja 18, 00740 Helsinki",Helsinki,ilmainen
0856999-8,RN-Yrityspalvelu Oy,Osakeyhtiö,"Korppaanmäentie 16 lh., 00300 Helsinki",Helsinki,ilmainen
0857481-8,Sotkamon Yrityspalvelut Oy,Osakeyhtiö,"Savitie 9, 88600 Sotkamo",Sotkamo,ilmainen
0857596-8,Ylä-Savon Tilipalvelu Oy,Osakeyhtiö,"Ponssentie 2, 74200 Vieremä",Vieremä,ilmainen
0857873-9,Maaningan Tili- ja Isännöintipalvelu Ky,Kommandiittiyhtiö,70110 Kuopio,Kuopio,ilmainen
0858076-7,MoosePoint consulting Oy,Osakeyhtiö,"Suvikummuntie 1 B, 02120 Espoo",Espoo,ilmainen
0858423-1,Treiben Oy,Osakeyhtiö,,,ilmainen
0858813-6,Tilitoimisto Nevalainen Oy,Osakeyhtiö,"Yrjönkatu 7 D, 28100 Pori",Pori,ilmainen
0859141-5,Taloushallintopalvelu Meriitti Oy,Osakeyhtiö,"Itälahdenkatu 23 B, 00210 Helsinki",Helsinki,ilmainen
0859810-7,JK-yhtiöt Oy,Kommandiittiyhtiö,"Kolmas Linja 18, 00530 Helsinki",Helsinki,ilmainen
0860391-4,Oy Teejii-Tuloste,Osakeyhtiö,"Sammalpolku 9, 16300 Orimattila",Orimattila,ilmainen
0860603-1,Kausalan Laskenta Oy,Osakeyhtiö,"Lähteenkulma 2, 47400 Kausala",Kausala,ilmainen
0860998-8,Tilitoimisto Lars Huhta Kommandiittiyhtiö,Kommandiittiyhtiö,"Treksiläntie 221, 06750 Tolkkinen",Tolkkinen,ilmainen
0861286-1,Tili- ja Konsulttitoimisto Lindström Oy,Osakeyhtiö,"Kutojantie 3, 02630 Espoo",Espoo,ilmainen
0861406-6,Vernos Oy,Osakeyhtiö,"Haitintie 159, 13330 Harviala",Harviala,ilmainen
0861745-1,Kuopion Ykköstilit Oy,Osakeyhtiö,"Puijonkatu 25 B, 70100 Kuopio",Kuopio,ilmainen
0862237-3,Tiliverstas avoin yhtiö,Avoin yhtiö,"Vanhaväylä 23 D, 00830 Helsinki",Helsinki,ilmainen
0862827-3,Kontjuristo Ky,Kommandiittiyhtiö,"Pensaskuja 4 B, 00750 Helsinki",Helsinki,ilmainen
0862867-9,Helena Rosenström Ky,Kommandiittiyhtiö,"Raatihuoneenkatu 8, 06100 Porvoo",Porvoo,ilmainen
0862873-2,Södra vikens bokföring AB,Osakeyhtiö,"Grönalundsgatan 7 B, 10600 Tammisaari",Tammisaari,ilmainen
0862893-5,Tiliala Oy,Osakeyhtiö,"Sörnäisten Rantatie 33 C, 00580 Helsinki",Helsinki,ilmainen
0863108-5,Contas Consulting ab,Osakeyhtiö,"Lepolantie 69 I, 00660 Helsinki",Helsinki,ilmainen
0863115-7,Tilitoimisto Carinan Tilit ja Taseet Oy,Osakeyhtiö,"Jousenpuistonkatu 15 B, 02200 Espoo",Espoo,ilmainen
0863440-3,WEM Consulting Oy,Osakeyhtiö,"Tietäjäntie 2, 02130 Espoo",Espoo,ilmainen
0863909-5,Valtonen Advisory and Finance Oy,Osakeyhtiö,"Aleksanterinkatu 17, 15110 Lahti",Lahti,ilmainen
0864385-2,Tilitoimisto Ilkka Eskelinen Ky,Kommandiittiyhtiö,"Himminpolku 1 B, 37500 Lempäälä",Lempäälä,ilmainen
0865020-0,Suomen Yrittäjäin Tilitieto Oy,Osakeyhtiö,"Piispankatu 34, 06100 Porvoo",Porvoo,ilmainen
0865494-9,Tilitoimisto Ville Vaulaste Ky,Kommandiittiyhtiö,"Hallituskatu 7 B, 45100 Kouvola",Kouvola,ilmainen
0866922-7,White Tiger Service Oy,Osakeyhtiö,"Torpankuja 3 B, 40740 Jyväskylä",Jyväskylä,ilmainen
0868402-1,"Närhi, Örn & Co. Oy",Osakeyhtiö,"Simakuja 5 A, 00750 Helsinki",Helsinki,ilmainen
0868902-5,Tili & Talous Kettunen Oy,Osakeyhtiö,"Lauttasaarentie 5, 00200 Helsinki",Helsinki,ilmainen
0869091-5,Tuppence Oy,Osakeyhtiö,"Aleksanterinkatu 29 A, 33100 Tampere",Tampere,ilmainen
0869319-8,Ulla Ulan Oy,Osakeyhtiö,"Sammatintie 6 N, 00550 Helsinki",Helsinki,ilmainen
0869476-4,Isännöinti- ja tilipalvelu Mertanen Ky,Kommandiittiyhtiö,"Keskuskatu 21, 81100 Kontiolahti",Kontiolahti,ilmainen
0869505-4,Veljekset Kiukainen Oy,Osakeyhtiö,"Valtakatu 10, 39200 Kyröskoski",Kyröskoski,ilmainen
0869952-2,Kauppatorin Tilikeskus Oy,Osakeyhtiö,"Aurakatu 12 B, 20100 Turku",Turku,ilmainen
0870242-9,Prego Oy DOCG,Osakeyhtiö,"Juoksijantie 12, 02580 Siuntio",Siuntio,ilmainen
0870479-0,Aikamitta Oy,Osakeyhtiö,"Uunirinne 3 B, 01200 Vantaa",Vantaa,ilmainen
0870553-1,Tasetiimi Oy,Osakeyhtiö,"Pätkäkuja 1 A, 21200 Raisio",Raisio,ilmainen
0870555-8,Revisa Ab,Osakeyhtiö,"Ålandsvägen 26, 22100 Mariehamn",Mariehamn,ilmainen
0871197-4,Tilikuukkari Oy,Osakeyhtiö,"Kalevanpuisto 56, 28120 Pori",Pori,ilmainen
0871377-7,Tili- ja talopalvelu Helin Avoin yhtiö,Avoin yhtiö,"Luotsitie 12 A, 70460 Kuopio",Kuopio,ilmainen
0871591-6,Kirjanpito- ja veropalvelu Raija Saarimaa Ky,Kommandiittiyhtiö,"Simunanmäenkatu 10 A, 60200 Seinäjoki",Seinäjoki,ilmainen
0871734-8,TH Taloushallinto Oy,Kommandiittiyhtiö,"Lallankatu 13 B, 04430 Järvenpää",Järvenpää,ilmainen
0871781-5,Joroisten Tilipalvelu Ky,Kommandiittiyhtiö,"Kauppakatu 14, 78200 Varkaus",Varkaus,ilmainen
0872093-4,Tiliaktiiva Oy - Porvoo,Osakeyhtiö,"Mannerheiminkatu 1 C, 06100 Porvoo",Porvoo,ilmainen
0872094-2,Tiliaktiiva Oy - Helsinki,Osakeyhtiö,"Kotkankatu 8, 00510 Helsinki",Helsinki,ilmainen
0872326-2,Yrityspalvelu Loihe Oy,Kommandiittiyhtiö,"Vankkurikuja 13, 01200 Vantaa",Vantaa,ilmainen
0872406-2,Lohjan tili- ja veropalvelu Ky,Kommandiittiyhtiö,"Kartanonkuja 1, 08200 Lohja",Lohja,ilmainen
0873124-6,Terholan Tilitoimisto Oy,Osakeyhtiö,"Ahertajankatu 1, 04440 Järvenpää",Järvenpää,ilmainen
0873583-7,Kb Mega Collector Ky,Kommandiittiyhtiö,"Skärgårdsvägen 1801, 21600 Parainen",Parainen,ilmainen
0874986-8,Oy Nortours Ab,Osakeyhtiö,"Portinsvägen 16, 68600 Pietarsaari",Pietarsaari,ilmainen
0875518-4,Lakeuden Tilipalvelu Oy,Osakeyhtiö,"Kuninkaankartanontie 49 A, 65380 Vaasa",Vaasa,ilmainen
0875754-2,Tilitoimisto Hovén Ky,Kommandiittiyhtiö,"Myrskyläntie 4 A, 07820 Porlammi",Porlammi,ilmainen
0876162-1,Hämeen ATK-Remmi Oy,Osakeyhtiö,"Kivijärventie 126, 15230 Lahti",Lahti,ilmainen
0876170-1,Ypäjän Kirjanpito Oy,Osakeyhtiö,"Soinintie 3, 32100 Ypäjä",Ypäjä,ilmainen
0876551-8,Turun Tilivoima Maarit Virta Ky,Kommandiittiyhtiö,"Finskyläntie 2, 21570 Sauvo",Sauvo,ilmainen
0876842-8,Tilitoimisto Aarnio Loimaa Oy,Osakeyhtiö,"Myrskylinnankatu 2c A, 32200 Loimaa",Loimaa,ilmainen
0876957-8,Pilvi Product Oy,Osakeyhtiö,"Kärkikulmantie 90, 39810 Linnankylä",Linnankylä,ilmainen
0876989-3,TMS Business Oy,Osakeyhtiö,"Elannontie 3, 01510 Vantaa",Vantaa,ilmainen
0877125-6,Tilitiistai Oy,Osakeyhtiö,"Kullervonkatu 32 C, 00610 Helsinki",Helsinki,ilmainen
0877199-3,Pauli Tyyvi Ky,Kommandiittiyhtiö,"Kp 6, 62200 Kauhava",Kauhava,ilmainen
0877256-6,Tili-Aatu Oy,Osakeyhtiö,"Heikkiläntie 21, 19650 Joutsa",Joutsa,ilmainen
0877407-8,Conbook Ky,Kommandiittiyhtiö,"Runkotie 7, 40320 Jyväskylä",Jyväskylä,ilmainen
0878380-4,TK Tili- ja Laskenta Oy,Osakeyhtiö,"Varastokatu 3 A, 33100 Tampere",Tampere,ilmainen
0878431-3,Kymen Tili-Tupa Oy,Osakeyhtiö,"Louhenkatu 3 C, 48700 Kotka",Kotka,ilmainen
0878848-8,Karjalan Tili ja Talous Oy,Osakeyhtiö,"Siltakatu 10 A, 80100 Joensuu",Joensuu,ilmainen
0879726-1,VK Tilinpito Ky,Kommandiittiyhtiö,"Lokitie 20, 90560 Oulu",Oulu,ilmainen
0880417-7,Suomen Debit Oy,Osakeyhtiö,"Isokatu 62 B, 90120 Oulu",Oulu,ilmainen
0880962-1,Teratili Ky,Kommandiittiyhtiö,"Kärrytie 4, 16300 Orimattila",Orimattila,ilmainen
0881196-7,Sihteeripalvelu Iibis Ky,Kommandiittiyhtiö,"Karjalankatu 53, 18100 Heinola",Heinola,ilmainen
0881207-0,Tilitoimisto Taito & Tieto Oy,Osakeyhtiö,"Yhteiskouluntie 17, 04400 Järvenpää",Järvenpää,ilmainen
0881452-7,MM Trade & Consult Oy,Osakeyhtiö,"Lemmikkitie 5 C, 01350 Vantaa",Vantaa,ilmainen
0881458-6,Blue-Team Oy,Osakeyhtiö,"Luoteisväylä 32 A, 00200 Helsinki",Helsinki,ilmainen
0881653-0,Tilintarkastus Pauli Aaltonen Oy,Osakeyhtiö,"Mariankatu 15 A, 00170 Helsinki",Helsinki,ilmainen
0881919-2,Tasetehdas Oy,Osakeyhtiö,"Metsäkulmantie 290, 07550 Torppi",Torppi,ilmainen
0882605-0,Tilikellari Ky,Kommandiittiyhtiö,"Romsarbyntie 280, 10360 Mustio",Mustio,ilmainen
0883112-4,Jbb Fastighetsförvaltning Ab,Kommandiittiyhtiö,"Stationsvägen 1, 68600 Pietarsaari",Pietarsaari,ilmainen
0883241-8,Lahti-Calculi Oy,Osakeyhtiö,"Tuhkelonkuja 4, 19410 Kuortti",Kuortti,ilmainen
0883327-7,Karjalan Tilitiimi Oy,Osakeyhtiö,"Tellervonkatu 49 A, 53100 Lappeenranta",Lappeenranta,ilmainen
0884146-1,Larsen & Kolehmainen Accounting Oy Ltd,Osakeyhtiö,"Hannikaisenkatu 11-13 lh., 40100 Jyväskylä",Jyväskylä,ilmainen
0885524-9,Verokonsultointi Järvenoja Oy,Osakeyhtiö,"Rankakuja 5, 03100 Nummela",Nummela,ilmainen
0885574-0,Dekotex Oy,Osakeyhtiö,"Rullantie 8 D, 18130 Heinola",Heinola,ilmainen
0886904-2,Pieksämäen Kirjanpitopalvelu Ky,Kommandiittiyhtiö,"Keskuskatu 54 B, 76150 Pieksämäki",Pieksämäki,ilmainen
0886914-9,Tilitoimisto Niinimäki & Pirinen,Avoin yhtiö,"Kirkkokatu 14 B, 53100 Lappeenranta",Lappeenranta,ilmainen
0887438-6,Sil-Kas Oy,Osakeyhtiö,"Maaherrankatu 14, 50100 Mikkeli",Mikkeli,ilmainen
0887641-0,Tervolan Monitoimi ky,Kommandiittiyhtiö,"Koivuntie 59, 95355 Koivu",Koivu,ilmainen
0888042-8,Rakennustili Oy,Osakeyhtiö,"Marttilankatu 8 D, 04260 Kerava",Kerava,ilmainen
0888515-7,Tilitoimisto Numeretti Oy,Osakeyhtiö,"Merimiehenkatu 31, 00150 Helsinki",Helsinki,ilmainen
0888856-9,ABC-Laskenta Oy,Osakeyhtiö,"Lemminkäisenkatu 2 B, 33540 Tampere",Tampere,ilmainen
0890097-8,T&E Taloustiimi Oy,Osakeyhtiö,"Koivusillantie 82, 82200 Hammaslahti",Hammaslahti,ilmainen
0890401-2,Toimistopalvelu Paju Oy,Osakeyhtiö,"Metsätie 4-8 A, 03100 Nummela",Nummela,ilmainen
0890540-2,Satakunnan Tilipalvelu Oy,Osakeyhtiö,"Eteläkauppatori 2 C, 28100 Pori",Pori,ilmainen
0890577-9,Rinape Oy,Osakeyhtiö,"Kaukotie 22, 04410 Järvenpää",Järvenpää,ilmainen
0891317-0,AE Hallintopalvelut Oy,Osakeyhtiö,"Ahventie 4 B, 02170 Espoo",Espoo,ilmainen
0891608-0,Cactus Office-Service Oy,Osakeyhtiö,33340 Tampere,Tampere,ilmainen
0892400-5,Tili- ja Tilintarkastustoimisto Pentti Haapanen Oy,Osakeyhtiö,"Ojalankyläntie 13 B, 33610 Tampere",Tampere,ilmainen
0892445-1,YPL Palvelu Oy,Osakeyhtiö,"Koulukuja 7, 32200 Loimaa",Loimaa,ilmainen
0892687-9,First Step Invest Oy,Osakeyhtiö,"Ranta-Tampellan Katu 31 A, 33180 Tampere",Tampere,ilmainen
0892862-0,Tunturi-Lapin Laskenta Oy,Osakeyhtiö,"Valtatie 2-4, 99100 Kittilä",Kittilä,ilmainen
0893144-0,Oy KFM Accounting Ltd,Osakeyhtiö,"Sinimäentie 10 B, 02630 Espoo",Espoo,ilmainen
0893592-7,Kokkolan Tiliasema Oy,Osakeyhtiö,"Kankurinkatu 6 as., 67100 Kokkola",Kokkola,ilmainen
0894890-4,Kipal Oy,Osakeyhtiö,"Aino Acktentie 1 D, 00400 Helsinki",Helsinki,ilmainen
0894991-5,Tilitoimisto Jalonen Oy,Osakeyhtiö,"Luostarinkatu 9, 26100 Rauma",Rauma,ilmainen
0895257-5,Tilitoimisto ECAS Oy European Consulting and Accounting Services Ltd,Osakeyhtiö,"Rajatorpantie 8, 01600 Vantaa",Vantaa,ilmainen
0895814-1,YP-Yrityspörssi Oy,Osakeyhtiö,"Sibeluksenkatu 18, 04400 Järvenpää",Järvenpää,ilmainen
0895852-0,THP-laskenta Oy,Osakeyhtiö,"Katariina Saksilaisen Katu 12 A, 00560 Helsinki",Helsinki,ilmainen
0896475-2,Veropalvelu Sofia Oy,Osakeyhtiö,"Metsolantie 59 E, 01450 Vantaa",Vantaa,ilmainen
0896709-9,PS-Yrityspalvelu-Företagstjänst Ky,Kommandiittiyhtiö,"Vretantie 2, 25700 Kemiö",Kemiö,ilmainen
0897037-8,Arvo-Tilit Oy,Osakeyhtiö,"Kuitukatu 7, 20660 Littoinen",Littoinen,ilmainen
0897262-1,Yrityshelppi Oy,Osakeyhtiö,"Maaherrankatu 12, 50100 Mikkeli",Mikkeli,ilmainen
0897355-2,Top Interest Ky,Kommandiittiyhtiö,"Raatihuoneenkatu 8 A, 06100 Porvoo",Porvoo,ilmainen
0897367-5,Tilitellervo Oy,Osakeyhtiö,"Käenkaari 23, 53650 Lappeenranta",Lappeenranta,ilmainen
0897377-1,Lindmar Oy,Osakeyhtiö,"Merivirta 5 A, 02320 Espoo",Espoo,ilmainen
0897447-5,Tulosmesta Oy,Osakeyhtiö,"Sompiontie 1, 00730 Helsinki",Helsinki,ilmainen
0897753-7,Truedot Tilintarkastus Oy,Osakeyhtiö,"Kasinokuja 1 A, 04400 Järvenpää",Järvenpää,ilmainen
0897868-7,JK-Tilit Oy,Osakeyhtiö,"Ukonvaaja 2 B, 02130 Espoo",Espoo,ilmainen
0898388-1,Tilitoimisto Mercurius Oy,Osakeyhtiö,,,ilmainen
0898624-9,Tili-Holli Ky,Kommandiittiyhtiö,"Kielokuja 1, 33480 Ylöjärvi",Ylöjärvi,ilmainen
0898654-8,Liperin Tilipalvelu avoin yhtiö,Avoin yhtiö,"Liperintie 125, 83100 Liperi",Liperi,ilmainen
0898687-1,Tilitoimisto H. Laukkanen Ky,Kommandiittiyhtiö,"Karhulantie 1 A, 00910 Helsinki",Helsinki,ilmainen
0898772-7,PR-Syst Partners Oy,Osakeyhtiö,"Höyläämötie 11 A, 00380 Helsinki",Helsinki,ilmainen
0899139-8,Tili-Bella Oy,Osakeyhtiö,"Niittyvillankuja 3, 01510 Vantaa",Vantaa,ilmainen
0899294-8,Tilitoimisto Edustustili Oy,Osakeyhtiö,"Esterinportti 2, 00240 Helsinki",Helsinki,ilmainen
0899573-5,JTA-Konsultointi Oy,Osakeyhtiö,00000 Osoite Tuntematon,Osoite Tuntematon,ilmainen
0899666-6,Kyröstieto avoin yhtiö,Avoin yhtiö,"Tuurnankatu 1, 33270 Tampere",Tampere,ilmainen
0900192-3,Oy Hai-Rent Ab,Osakeyhtiö,"Teollisuustie 2, 01800 Klaukkala",Klaukkala,ilmainen
0903149-5,Tili- ja veroasiaintoimisto P. Tarhonen Oy,Osakeyhtiö,"Laurintie 140, 01400 Vantaa",Vantaa,ilmainen
0903508-2,Tilitoimisto Ylitervo Ky,Kommandiittiyhtiö,"Tellervonkatu 41, 53100 Lappeenranta",Lappeenranta,ilmainen
0903765-1,VD-Yrityspalvelu Oy,Osakeyhtiö,"Haapakyläntie 14 A, 03100 Nummela",Nummela,ilmainen
0903863-8,Savonlinnan Tilitoimisto Oy,Osakeyhtiö,"Olavinkatu 35 A, 57130 Savonlinna",Savonlinna,ilmainen
0904539-5,Vesamasa Oy,Osakeyhtiö,"Rautatienkatu 19 A, 15110 Lahti",Lahti,ilmainen
0904829-7,Prime Profit Oy,Osakeyhtiö,"Kytöperänkuja 13 B, 04430 Järvenpää",Järvenpää,ilmainen
0905019-4,Ky MXE Kehitysyhtiö Kb,Kommandiittiyhtiö,"Kauppatie, 62200 Kauhava",Kauhava,ilmainen
0905124-2,Finndebet Oy,Osakeyhtiö,"Tikkurilantie 68 C, 01300 Vantaa",Vantaa,ilmainen
0905319-2,Tilito Oy,Osakeyhtiö,"Puolatie 6, 60510 Hyllykallio",Hyllykallio,ilmainen
0905324-8,Isännöinti ja kirjanpito Tilikiha Oy,Osakeyhtiö,"Kummunkatu 10, 83500 Outokumpu",Outokumpu,ilmainen
0905988-5,Helpit Oy hallintopalvelut,Osakeyhtiö,"Råkilankuja 4, 01120 Västerskog",Västerskog,ilmainen
0906209-9,Tilipalvelu Roininen Oy,Osakeyhtiö,"Helsingintie 8, 04400 Järvenpää",Järvenpää,ilmainen
0906504-6,HRE Finland Oy,Osakeyhtiö,"Friisiläntie 16, 02240 Espoo",Espoo,ilmainen
0906745-5,Fennoteam Oy,Osakeyhtiö,00811 Helsinki,Helsinki,ilmainen
0906956-5,"Östra Nylands Notariat och Bokföring, öppet bolag",Avoin yhtiö,"Brandensteinsgatan 11, 07900 Loviisa",Loviisa,ilmainen
0907159-3,Capolino Oy,Osakeyhtiö,"Säästäjänkuja 3 lt., 33840 Tampere",Tampere,ilmainen
0907707-1,Tilimari Ky,Kommandiittiyhtiö,"Länsikatu 15, 80110 Joensuu",Joensuu,ilmainen
0907991-5,TOP-Compus Oy,Osakeyhtiö,"Yliopistonkatu 29 C, 20100 Turku",Turku,ilmainen
0908077-2,Kiilankulma Oy,Osakeyhtiö,"Hannikaisenkatu 27 B, 40100 Jyväskylä",Jyväskylä,ilmainen
0908214-5,Tommy Östersund Ab Oy,Osakeyhtiö,"Trollmossvägen 10, 65410 Sundom",Sundom,ilmainen
0908389-3,Kirjanpito Kirsi Oy,Osakeyhtiö,"Pisteenkaari 5, 03100 Nummela",Nummela,ilmainen
0908448-2,Kasi Yhtiöt Oy,Osakeyhtiö,"Runsorintie 1, 65380 Vaasa",Vaasa,ilmainen
0908549-3,Tilitakomo Oy,Osakeyhtiö,"Tunturikatu 1 C, 00100 Helsinki",Helsinki,ilmainen
0908660-5,Metsäkylän Puoti Oy,Osakeyhtiö,"Kokkomäentie 5, 49540 Metsäkylä",Metsäkylä,ilmainen
0909048-7,Tilitoimisto J. Marviala Oy,Osakeyhtiö,"Haltiakuja 5 F, 04230 Kerava",Kerava,ilmainen
0909120-1,Fox Tilit Ky,Kommandiittiyhtiö,"Turuntie 123, 02620 Espoo",Espoo,ilmainen
0909268-5,Kotikissa Oy tilitoimisto,Osakeyhtiö,"Nupikuja 1 A, 00970 Helsinki",Helsinki,ilmainen
0909303-9,Mäntsälän Tili ja Isännöinti Ky,Kommandiittiyhtiö,"Keskuskatu 11 B, 04600 Mäntsälä",Mäntsälä,ilmainen
0909415-4,Meri-Lapin Tilitoimisto Oy,Osakeyhtiö,"Sormisarantie 5, 94400 Keminmaa",Keminmaa,ilmainen
0909453-3,HRL Balancia Consulting Oy,Osakeyhtiö,"Kaskenpolttajantie 28 A, 00670 Helsinki",Helsinki,ilmainen
0909544-8,Kauklahden Kymppi-tili Oy,Osakeyhtiö,"Kehänreuna 1, 02430 Masala",Masala,ilmainen
0909745-1,TiliKonsilo Oy,Osakeyhtiö,"Lempääläntie 39, 37630 Valkeakoski",Valkeakoski,ilmainen
0910135-0,A & S Toimistoasema Oy,Osakeyhtiö,"Kuivaluodontie 229 B, 23360 Kustavi",Kustavi,ilmainen
0910162-5,S Partners Oy,Osakeyhtiö,"Paloheinäntie 47b B, 00670 Helsinki",Helsinki,ilmainen
0910349-5,ICB - International Christian Business Oy,Osakeyhtiö,"Fräntintie 20, 61730 Yli-Valli",Yli-Valli,ilmainen
0910655-7,TalousAdvisor Oy,Osakeyhtiö,"Tikaskallio 4, 02250 Espoo",Espoo,ilmainen
0910985-4,Suonranta Oy,Osakeyhtiö,"Erkylänkatu 23, 05820 Hyvinkää",Hyvinkää,ilmainen
0911172-7,Tilipalvelu Yrityssilta Oy,Osakeyhtiö,"Rengonraitti 16 lh., 14300 Renko",Renko,ilmainen
0911181-5,Tili-Fakta Oy,Osakeyhtiö,"Virtaintie 42, 34800 Virrat",Virrat,ilmainen
0911642-1,Petosen Tilipiste Ky,Kommandiittiyhtiö,"Kuukusenkuja 12 AS, 70800 Kuopio",Kuopio,ilmainen
0911925-1,Soundhouse Trading Oy,Osakeyhtiö,"Haartmaninkatu 2 A, 20320 Turku",Turku,ilmainen
0912482-7,Debetum Oy,Osakeyhtiö,"Osmankäämintie 29 D, 01300 Vantaa",Vantaa,ilmainen
0912609-9,Laskentapalvelu N ja A Mäkinen Oy,Osakeyhtiö,"Pyytie 10, 21540 Preitilä",Preitilä,ilmainen
0912935-3,Tilitek Ky,Kommandiittiyhtiö,"Tainionkoskentie 70, 55120 Imatra",Imatra,ilmainen
0913838-0,Lallukka & Kasanen Oy,Osakeyhtiö,"Lyöttiläntie 12, 47520 Iitti",Iitti,ilmainen
0913870-0,Vuokon Toimistopalvelu Oy,Osakeyhtiö,"Tuomistontie 11, 38600 Lavia",Lavia,ilmainen
0914143-2,Ovil Oy,Osakeyhtiö,"Korsontie 12, 01450 Vantaa",Vantaa,ilmainen
0914196-9,Tapiolan Tilipalvelu Oy,Osakeyhtiö,"Hauenkalliontie 12-14 F, 02170 Espoo",Espoo,ilmainen
0914199-3,PJU Investments Oy,Osakeyhtiö,"Kirsitie 30 B, 00760 Helsinki",Helsinki,ilmainen
0914547-6,Tilintarkastus - Niemi Oy,Osakeyhtiö,"Kirvesmiehentie 16, 04200 Kerava",Kerava,ilmainen
0914806-0,Tili ja Yrityspalvelu Oy Kaisu Lehtovaara,Osakeyhtiö,"Kannontie 149, 61600 Jalasjärvi",Jalasjärvi,ilmainen
0915299-1,Turun Tasevalvonta Oy,Osakeyhtiö,"Merikulmantie 51 C, 20250 Turku",Turku,ilmainen
0915400-6,Tilitori Oy,Osakeyhtiö,"Valtakatu 34 as., 96200 Rovaniemi",Rovaniemi,ilmainen
0915449-5,Aktiebolaget Disab,Osakeyhtiö,"Strandgatan 2 B, 22100 Mariehamn",Mariehamn,ilmainen
0915593-0,Datrex Ky,Kommandiittiyhtiö,"Tallimestarintie 5 C, 02940 Espoo",Espoo,ilmainen
0915661-8,Tilitoimisto Pasi Koskela Oy,Osakeyhtiö,"Peltolamminkatu 16 A, 33840 Tampere",Tampere,ilmainen
0916001-9,Cleros Oy,Osakeyhtiö,"Vuoksenniskantie 103 A, 55800 Imatra",Imatra,ilmainen
0916772-0,Tilitoimisto Kuopion Tili-Consults Oy,Osakeyhtiö,"Lapinlinnankatu 2, 70100 Kuopio",Kuopio,ilmainen
0916819-2,Genehead Oy,Osakeyhtiö,"Strömsinlahdenkuja 1 F, 00820 Helsinki",Helsinki,ilmainen
0917188-5,Kosken Bygga Oy,Osakeyhtiö,"Järvihaantie 4 A, 01800 Klaukkala",Klaukkala,ilmainen
0917604-5,Kauhavan Yrityspalvelu Ky,Kommandiittiyhtiö,"Fastankuja 15, 62200 Kauhava",Kauhava,ilmainen
0917899-9,Balanco Lappi Oy,Osakeyhtiö,"Rovakatu 18, 96200 Rovaniemi",Rovaniemi,ilmainen
0918651-8,Timarkki Oy,Osakeyhtiö,"Hakakuja 2 D, 36220 Kangasala",Kangasala,ilmainen
0918793-2,Tilisec Oy,Osakeyhtiö,"Raisiontori 5, 21200 Raisio",Raisio,ilmainen
0920123-9,Kirjanpito- ja ATK-palvelu Tuomisto Oy,Osakeyhtiö,"Ravanintie 454, 28450 Vanha-Ulvila",Vanha-Ulvila,ilmainen
0920630-4,KH-Laskenta Oy,Osakeyhtiö,"Asemapäällikönkuja 2 lt., 05400 Jokela",Jokela,ilmainen
0920758-5,Kirjanpitotoimisto Anne Rönkkö Oy,Osakeyhtiö,"Venlantie 23 B, 04200 Kerava",Kerava,ilmainen
0920821-1,Oy Hansa-Astra Ab,Osakeyhtiö,"Sahaajankatu 20-22 E, 00880 Helsinki",Helsinki,ilmainen
0920932-9,Tilisym Oy,Osakeyhtiö,"Papinkatu 21 lh., 33200 Tampere",Tampere,ilmainen
0920940-9,MJ Sahlstedt Oy,Osakeyhtiö,"Valukuopankatu 1, 33340 Tampere",Tampere,ilmainen
0921270-4,Site-Invest Oy,Osakeyhtiö,"Westendintie 99 A, 02160 Espoo",Espoo,ilmainen
0922003-4,Leppävaaran Tilipalvelu Oy,Osakeyhtiö,"Peuramäenkuja 2 B, 02750 Espoo",Espoo,ilmainen
0922053-6,Toimistopalvelu S. Pohjonen Ky,Kommandiittiyhtiö,"Teollisuuskatu 26 A, 29200 Harjavalta",Harjavalta,ilmainen
0922101-0,Perheyhtiö Tuulia Oy,Osakeyhtiö,"Pihatie 4, 46910 Anjala",Anjala,ilmainen
0922275-0,Keski-Suomen Tilitaito Ky,Kommandiittiyhtiö,"Puistokatu 2 A, 40100 Jyväskylä",Jyväskylä,ilmainen
0922296-1,Tili-Paimio Oy,Osakeyhtiö,"Vistantie 16 A, 21530 Paimio",Paimio,ilmainen
0922766-6,Uotila & Laine Oy,Osakeyhtiö,"Yliopistonkatu 13b, 20100 Turku",Turku,ilmainen
0923648-2,Tili ja Laskenta Heikkinen Oy,Kommandiittiyhtiö,"Lankilantie 25 D, 85100 Kalajoki",Kalajoki,ilmainen
0923844-5,Tilikievari Ky,Kommandiittiyhtiö,"Kivikkotie 5, 45360 Valkeala",Valkeala,ilmainen
0925230-0,Kiinteistö- ja Yrityspalvelu Ky Valola,Kommandiittiyhtiö,"Olavinkatu 48, 57100 Savonlinna",Savonlinna,ilmainen
0925784-9,Pajecon Oy,Osakeyhtiö,"Ylinenkatu 17 lh., 23500 Uusikaupunki",Uusikaupunki,ilmainen
0927116-5,Tivonet Oy,Osakeyhtiö,"Ratamestarinkatu 11, 00520 Helsinki",Helsinki,ilmainen
0927419-8,Tilitäsmärit Oy,Osakeyhtiö,"Niittykatu 6 A, 02200 Espoo",Espoo,ilmainen
0927840-4,Tilivaaka Ky,Kommandiittiyhtiö,"Gallen-Kallelankatu 9 A, 28100 Pori",Pori,ilmainen
0927992-5,Tioria Oy,Osakeyhtiö,"Ahmoontie 65, 03620 Karkkila",Karkkila,ilmainen
0928709-5,Virilium Business Consulting Oy,Osakeyhtiö,"Fleminginkatu 12b A, 00530 Helsinki",Helsinki,ilmainen
0929533-5,Espoon Yrityskehitys Oy,Osakeyhtiö,"Peräsimentie 8, 03100 Nummela",Nummela,ilmainen
0929978-2,Isännöinti Lampila Oy,Osakeyhtiö,"Revontie 2 Ii Krs, 90830 Haukipudas",Haukipudas,ilmainen
0930087-8,Ordent Oy,Osakeyhtiö,04251 Kerava,Kerava,ilmainen
0930348-9,Rekoset Oy,Osakeyhtiö,"Korppivaarantie 7, 99800 Ivalo",Ivalo,ilmainen
0930630-5,Tilikimi Oy,Osakeyhtiö,"Liiketie 17, 00730 Helsinki",Helsinki,ilmainen
0930639-9,Pöystico Oy,Osakeyhtiö,"Urttilantie 1, 05200 Rajamäki",Rajamäki,ilmainen
0930644-4,Treasso Oy,Osakeyhtiö,"Vesitie 1 C, 03400 Vihti",Vihti,ilmainen
0930674-3,Suonenjoen Tilisara Ky,Kommandiittiyhtiö,"Tapionkatu 5-7, 70500 Kuopio",Kuopio,ilmainen
0930741-2,Udarnik Oy,Osakeyhtiö,"Palohovintie 84, 95225 Viantie",Viantie,ilmainen
0930830-0,Talous- ja hallintopalvelu Tilistit Oy,Osakeyhtiö,"Juoksuhaudantie 10, 00430 Helsinki",Helsinki,ilmainen
0930872-2,Joensuun Tili ja Laskenta Oy,Kommandiittiyhtiö,"Teollisuuskatu 4, 80100 Joensuu",Joensuu,ilmainen
0931320-6,Notax Oy,Osakeyhtiö,"Tampereentie 190, 38200 Sastamala",Sastamala,ilmainen
0931620-4,Rosaman Oy,Osakeyhtiö,"Pyhän Sigfridintie 13, 04130 Sipoo",Sipoo,ilmainen
0931621-2,Tilipalvelu Joustava Oy,Osakeyhtiö,"Asemanrinne 9, 08500 Lohja",Lohja,ilmainen
0932167-9,Accountor Services Oy,Osakeyhtiö,"Keilaniementie 1, 02150 Espoo",Espoo,ilmainen
0932430-0,Puutili Ky,Kommandiittiyhtiö,"Keskustie 2, 63500 Lehtimäki",Lehtimäki,ilmainen
0932763-2,Miksa-Tili Oy,Osakeyhtiö,"Siitolanranta 5, 55120 Imatra",Imatra,ilmainen
0932873-1,Lasimaailma Oy,Osakeyhtiö,"Töröntie 3, 82600 Tohmajärvi",Tohmajärvi,ilmainen
0933157-8,Mari-Tase Oy,Osakeyhtiö,"Erkki Melartinin Tie 1 D, 00720 Helsinki",Helsinki,ilmainen
0933363-7,Yrityspalvelu Heidi Sormunen Oy,Osakeyhtiö,"Sibeliuksenkatu 18, 04400 Järvenpää",Järvenpää,ilmainen
0933389-9,Jarkko Herranen Oy,Osakeyhtiö,"Sommerinkatu 9 A, 33180 Tampere",Tampere,ilmainen
0933854-2,Laskentapalvelu Oy Ecotax Ab,Osakeyhtiö,,,ilmainen
0933946-5,Tilitaituri Oy,Osakeyhtiö,"Vanhanväylänkuja 3 B, 00830 Helsinki",Helsinki,ilmainen
0934155-7,Tiliaudit Oy-Kotka,Osakeyhtiö,"Kirkkokatu 1, 48100 Kotka",Kotka,ilmainen
0934449-1,Stelina Oy,Osakeyhtiö,"Rouvienpolku 11 A, 00810 Helsinki",Helsinki,ilmainen
0934549-4,Reijo Sertti Oy,Osakeyhtiö,"Yhdystie 3, 19600 Hartola",Hartola,ilmainen
0934632-3,Tilitoimisto Teen Tilit Oy,Osakeyhtiö,"Rukkilanrinne 3 A, 00410 Helsinki",Helsinki,ilmainen
0934639-0,Tili- ja Isännöintipalvelu Tilisä Oy,Osakeyhtiö,"Hollantilaisentie 28-30 lh., 00330 Helsinki",Helsinki,ilmainen
0934921-7,Doser Oy,Osakeyhtiö,"Annankatu 31-33 D, 00100 Helsinki",Helsinki,ilmainen
0935095-5,Kiinteistövälitys ja isännöinti Ossi Perkiö Oy,Osakeyhtiö,"Martinkatu 1, 24100 Salo",Salo,ilmainen
0935097-1,Porin Kirjanpito Oy,Osakeyhtiö,"Isolinnankatu 28, 28100 Pori",Pori,ilmainen
0935371-8,Ives Oy,Osakeyhtiö,"Junakatu 9, 20100 Turku",Turku,ilmainen
0935422-7,Hämeen Mera-tilit Oy,Kommandiittiyhtiö,"Järvensivuntie 9 A, 33100 Tampere",Tampere,ilmainen
0935785-8,Pirkan Talousneuvonta Oy,Osakeyhtiö,"Toukokatu 6 A, 37120 Nokia",Nokia,ilmainen
0936186-5,Okurma Oy,Osakeyhtiö,"Keskustie 14 as., 32610 Vampula",Vampula,ilmainen
0936247-0,Haka-Laskenta Oy,Osakeyhtiö,"Takkatie 14, 00370 Helsinki",Helsinki,ilmainen
0936351-0,Tilipalvelu Ascor Oy,Osakeyhtiö,"Vanha Raadelmantie 8, 21500 Piikkiö",Piikkiö,ilmainen
0937269-5,Toimistopiste PT Ky,Kommandiittiyhtiö,"Hevosenkenkä 1, 28430 Pori",Pori,ilmainen
0937275-9,Rannikon Tili ja Atk Oy,Osakeyhtiö,"Kalliomäentie 15, 86160 Pirttikoski",Pirttikoski,ilmainen
0937294-3,Tilikaija Oy,Osakeyhtiö,"Penttiläntie 50, 21370 Aura Kk",Aura Kk,ilmainen
0937316-1,Paula Funck avoin yhtiö,Avoin yhtiö,"Heinjoenpolku 3 C, 02140 Espoo",Espoo,ilmainen
0937703-1,Mapika Oy Yrityspalvelu,Osakeyhtiö,05831 Hyvinkää,Hyvinkää,ilmainen
0937864-0,OC-Tuotanto Oy,Osakeyhtiö,"Hakametsäntie 10 B, 21410 Vanhalinna",Vanhalinna,ilmainen
0938493-6,Pike-yrityspalvelut Oy,Osakeyhtiö,"Temppelikatu 19 D, 00100 Helsinki",Helsinki,ilmainen
0938843-5,Tilitoimisto Jokinen Oy,Osakeyhtiö,"Runkotie 8, 60100 Seinäjoki",Seinäjoki,ilmainen
0938844-3,Tilitarha Oy,Osakeyhtiö,"Suomalaistentie 7, 02270 Espoo",Espoo,ilmainen
0938893-7,Cursor Plus Oy,Osakeyhtiö,"Kyminlinnantie 6, 48600 Kotka",Kotka,ilmainen
0939497-4,Toijalan Yrityspalvelu Oy,Osakeyhtiö,"Pl 16, 37801 Akaa",Akaa,ilmainen
0939512-5,Joki-Tilit Ky,Kommandiittiyhtiö,"Louhivaarankuja 10, 31600 Jokioinen",Jokioinen,ilmainen
0939560-0,Oy Lesbia Ltd,Osakeyhtiö,"Temppelikatu 12 A, 00100 Helsinki",Helsinki,ilmainen
0940003-5,Oy Debex Ab,Osakeyhtiö,"Notbrinken 4 G, 02230 Espoo",Espoo,ilmainen
0940037-7,Casa tilitoimisto-CTY Oy,Osakeyhtiö,"Itälahdenkatu 15-17, 00210 Helsinki",Helsinki,ilmainen
0940063-3,TP Tasapaino Oy,Osakeyhtiö,"Kuusistontie 9, 01760 Vantaa",Vantaa,ilmainen
0940107-0,Yrityspalvelu Eiriö Ky,Kommandiittiyhtiö,"Makarantie 17 B, 15230 Lahti",Lahti,ilmainen
0940385-0,Terebra Oy,Osakeyhtiö,"Majavamutka 7, 90850 Martinniemi",Martinniemi,ilmainen
0940423-9,Yrittäjäin Tilitieto Oy,Osakeyhtiö,"Puutarhakatu 12, 20100 Turku",Turku,ilmainen
0940873-1,Ab Memera Oy,Osakeyhtiö,"Hongikko 2, 21660 Nauvo",Nauvo,ilmainen
0941263-4,Eelis Hacka Oy,Osakeyhtiö,"Ihanakatu 11 A, 33100 Tampere",Tampere,ilmainen
0941365-3,Necarex Oy,Osakeyhtiö,"Tuohikuja 2B, 02130 Espoo",Espoo,ilmainen
0941806-7,Pinson Oy,Osakeyhtiö,"Isomäentie 22, 29250 Nakkila",Nakkila,ilmainen
0942667-3,Altera Oy,Osakeyhtiö,"Kytäjäntie 1429, 05720 Hyvinkää",Hyvinkää,ilmainen
0943550-2,Donconsulting Oy,Osakeyhtiö,"Råbackantie 9, 02510 Oitmäki",Oitmäki,ilmainen
0943933-5,Talenom Consulting Oy,Osakeyhtiö,"Töölönlahdenkatu 2, 00100 Helsinki",Helsinki,ilmainen
0943956-2,TF Taloushallinto Oy,Osakeyhtiö,"Vasarakatu 9 C, 40320 Jyväskylä",Jyväskylä,ilmainen
0944081-1,Rouvali Tekniikka ja Talous Oy,Osakeyhtiö,"Länsikaari 9, 08500 Lohja",Lohja,ilmainen
0944601-7,Ekonomitoimisto A. Rajala Oy,Osakeyhtiö,"Savelankuja 2, 61600 Jalasjärvi",Jalasjärvi,ilmainen
0944620-1,Oy Pro-Access Ab,Osakeyhtiö,"Pernåvägen 107, 07930 Pernaja",Pernaja,ilmainen
0945765-6,Omaris Ky,Kommandiittiyhtiö,"Liljakatu 9, 04420 Järvenpää",Järvenpää,ilmainen
0945868-3,Centerfold Oy,Osakeyhtiö,"Sahakuja 5 as., 01650 Vantaa",Vantaa,ilmainen
0945917-6,Forandi Oy,Osakeyhtiö,"Riihiraitti 5, 90240 Oulu",Oulu,ilmainen
0945943-2,Laroscon Oy,Osakeyhtiö,"Revontulentie 1 lh., 02100 Espoo",Espoo,ilmainen
0946093-5,A.M.S. Bokföring Oy Ab,Osakeyhtiö,"Linnankoskenkatu 41 A, 06100 Porvoo",Porvoo,ilmainen
0946112-9,TW-Laskentapalvelut Oy,Osakeyhtiö,"Hatanpään Valtatie 13, 33100 Tampere",Tampere,ilmainen
0946319-1,Plastsol Oy,Osakeyhtiö,,,ilmainen
0946425-8,Savon Tilikeskus Oy,Osakeyhtiö,"Jaakkoniitynkatu 9, 70840 Kuopio",Kuopio,ilmainen
0946557-6,Tampereen Kiinteistökirjanpito Oy,Osakeyhtiö,"Pyhäjärvenkatu 5 A, 33200 Tampere",Tampere,ilmainen
0946634-1,Tilipalvelu Lukkarinen Oy,Osakeyhtiö,00000 Osoite Tuntematon,Osoite Tuntematon,ilmainen
0946983-3,Joensuun Tilipalvelu Oy,Osakeyhtiö,"Savottatie 6, 80710 Lehmo",Lehmo,ilmainen
0947069-0,Jaconir Oy,Osakeyhtiö,"Jokisentie 7, 04370 Rusutjärvi",Rusutjärvi,ilmainen
0947169-3,Turun Tilimies Oy,Osakeyhtiö,"Maariankatu 4 B, 20100 Turku",Turku,ilmainen
0947330-6,Lahden atk- ja yrityspalvelu Oy,Osakeyhtiö,"Rutalahdentie 491, 17150 Urajärvi",Urajärvi,ilmainen
0949042-1,Kirkkonummen Tilitoimisto Oy - Kyrkslätts Räkenskapsbyrå Ab,Osakeyhtiö,"Kidetie 15, 02460 Kantvik",Kantvik,ilmainen
0949060-8,Haagan Tilipalvelu Oy,Osakeyhtiö,"Tunnelitie 15, 00320 Helsinki",Helsinki,ilmainen
0949153-9,TM Mäkynen Konsultointi Ky,Kommandiittiyhtiö,"Nahkalantie 18, 62800 Vimpeli",Vimpeli,ilmainen
0949325-1,Oy Rodentia Ab,Osakeyhtiö,"Merikannontie 5 C, 00260 Helsinki",Helsinki,ilmainen
0949440-6,Crassus Oy,Osakeyhtiö,"Kauppakartanonkatu 17 D, 00930 Helsinki",Helsinki,ilmainen
0949763-1,Wankersit Oy,Osakeyhtiö,"Salomonkatu 17 A, 00100 Helsinki",Helsinki,ilmainen
0950246-1,Tili-Helinä Oy,Osakeyhtiö,"Takkatie 14, 00370 Helsinki",Helsinki,ilmainen
0950526-7,Tilitoimisto R. Turtiainen Oy,Osakeyhtiö,"Isonniitynkatu 3, 00520 Helsinki",Helsinki,ilmainen
0950553-1,Helsingin Laskentakeskus Oy,Osakeyhtiö,"Urheilukatu 52 A, 00250 Helsinki",Helsinki,ilmainen
0951481-7,Jyväs-Tilit Ky,Kommandiittiyhtiö,"Tiedepolku 2 C, 40720 Jyväskylä",Jyväskylä,ilmainen
0951513-1,Talenom Yritystilit Oy,Osakeyhtiö,"Yrttipellontie 2, 90230 Oulu",Oulu,ilmainen
0951665-2,Mavico-Tilit Oy,Osakeyhtiö,"Upseerikerhonkatu 5 A, 15700 Lahti",Lahti,ilmainen
0952105-6,Erquim Oy,Osakeyhtiö,"Veromäentie 10 A, 01510 Vantaa",Vantaa,ilmainen
0952179-3,Tilitoimisto Halikon Vemat Oy,Osakeyhtiö,"Väinönkatu 6 D, 24100 Salo",Salo,ilmainen
0952469-5,Tilitoimisto Clerkit Oy,Osakeyhtiö,"Sunnanvikintie 11, 02580 Siuntio",Siuntio,ilmainen
0952547-9,Yrityspalvelu Lång Oy,Osakeyhtiö,"Auringonkierto 1, 70820 Kuopio",Kuopio,ilmainen
0952682-6,Länsi-Pohjan Yrityspalvelu Oy,Osakeyhtiö,"Uusikatu 10 A, 95400 Tornio",Tornio,ilmainen
0953067-3,Tilisi Oy,Osakeyhtiö,"Tekniikantie 12, 02150 Espoo",Espoo,ilmainen
0953564-2,Avant Account Oy,Osakeyhtiö,"Kappelikuja 6 A, 02200 Espoo",Espoo,ilmainen
0953601-2,Rafab Ab,Osakeyhtiö,"Nåtö, 22100 Mariehamn",Mariehamn,ilmainen
0953926-4,Stucco Oy,Osakeyhtiö,"Vesijärvenkatu 11 C, 15140 Lahti",Lahti,ilmainen
0953930-1,Nastolan Isännöintipalvelu Oy,Osakeyhtiö,"Muurarintie 2, 15550 Nastola",Nastola,ilmainen
0954380-2,Merit Line Tax Oy,Osakeyhtiö,"Rantatie 1204, 27820 Säkylä",Säkylä,ilmainen
0955368-0,Merit Line Consulting Oy,Osakeyhtiö,"Rantatie 1204, 27820 Säkylä",Säkylä,ilmainen
0955839-3,Enpee Oy,Osakeyhtiö,"Kyläkunnantie 14 C, 00660 Helsinki",Helsinki,ilmainen
0956453-1,Tilitoimisto Arimaa & Robertsson Osakeyhtiö,Osakeyhtiö,"Terhotie 6, 20720 Turku",Turku,ilmainen
0956714-2,Tilihelsinki Oy,Osakeyhtiö,00730 Helsinki,Helsinki,ilmainen
0956951-9,Jasecon Oy,Osakeyhtiö,"Vapaalantie 2 B, 01650 Vantaa",Vantaa,ilmainen
0957005-0,Allround Office Oy,Osakeyhtiö,"Päivöläntie 28 A, 00730 Helsinki",Helsinki,ilmainen
0957118-4,"Bokföringsbyrå Ismene, Grüssner & Grüssner",Avoin yhtiö,"Tistelgränd 6 bst., 22410 Godby",Godby,ilmainen
0957233-9,Laskenta Pekkanen Ky,Kommandiittiyhtiö,"Aatoksenkatu 8 B, 40720 Jyväskylä",Jyväskylä,ilmainen
0957278-5,Alastaron Tili ja Kiinteistö Oy,Osakeyhtiö,"Ilolantie 6, 32440 Alastaro",Alastaro,ilmainen
0957795-7,Oriveden Tili- ja Kiinteistöpalvelu Oy,Osakeyhtiö,"Keskustie 37, 35300 Orivesi",Orivesi,ilmainen
0957927-4,Kappelin Tilikulma Oy,Osakeyhtiö,"Kaustintie 5, 69600 Kaustinen",Kaustinen,ilmainen
0958643-1,Laskentapalvelu Mikkonen Oy,Osakeyhtiö,"Itkonniemenkatu 11, 70500 Kuopio",Kuopio,ilmainen
0958770-9,Lahden Tulosdata Oy,Osakeyhtiö,"Niemenkatu 73, 15140 Lahti",Lahti,ilmainen
0959083-6,Pikku-Torni Oy,Osakeyhtiö,"Vasaratie 1, 00700 Helsinki",Helsinki,ilmainen
0959395-7,Oy Interfina Ab,Osakeyhtiö,"Tankomäenkatu 3 B, 00950 Helsinki",Helsinki,ilmainen
0959721-0,Marjanneli Kommandiittiyhtiö,Kommandiittiyhtiö,"Länsikatu 15 B, 80110 Joensuu",Joensuu,ilmainen
0959744-8,Toimistopalvelu Oy Teija Varjonen,Osakeyhtiö,"Huhdantie 216, 27110 Eurajoki",Eurajoki,ilmainen
0961695-2,Kasener Oy,Osakeyhtiö,"Lehtimäentie 4, 01800 Klaukkala",Klaukkala,ilmainen
0962091-9,Oy Kirjanpitotoimisto Solvens Ab,Osakeyhtiö,"Kalliomäentie 4, 20660 Littoinen",Littoinen,ilmainen
0962313-2,Tilitoimisto Tilimaisteri Oy,Osakeyhtiö,"Laaksopolku 6 A, 70910 Vuorela",Vuorela,ilmainen
0962473-3,TEMM Oy,Osakeyhtiö,"Sepänkatu 3 A, 83500 Outokumpu",Outokumpu,ilmainen
0962706-1,Cosmicon Oy,Osakeyhtiö,"Sulennontie 165, 46810 Ummeljoki",Ummeljoki,ilmainen
0963086-9,Suokas-Pitkänen Oy,Osakeyhtiö,"Kivenhakkaajankatu 2 A, 00150 Helsinki",Helsinki,ilmainen
0963243-4,JAK Nordic Oy,Osakeyhtiö,"Karunankuja 2, 20400 Turku",Turku,ilmainen
0963641-9,Miksen Oy,Osakeyhtiö,"Kalkkivuorentie 39 B, 00760 Helsinki",Helsinki,ilmainen
0963728-6,Tili-Seno Oy,Osakeyhtiö,"Leipäläntie 1, 20300 Turku",Turku,ilmainen
0964049-3,Janri Oy,Osakeyhtiö,"Neilikkapolku 3 D, 01300 Vantaa",Vantaa,ilmainen
0964056-5,Keski-Savon Kaunisranta Oy,Osakeyhtiö,"Taskisentie 27, 78400 Varkaus",Varkaus,ilmainen
0964277-1,AcMi Ab,Osakeyhtiö,"Tervahovintie 13, 64100 Kristiinankaupunki",Kristiinankaupunki,ilmainen
0965450-2,EMM's Wellness Oy,Osakeyhtiö,"Nevantie 38, 45200 Kouvola",Kouvola,ilmainen
0966280-1,Salon Yritystilit Oy,Osakeyhtiö,"Turuntie 3, 24100 Salo",Salo,ilmainen
0966869-9,Setler Oy,Osakeyhtiö,"Poppelikatu 9 B, 39500 Ikaalinen",Ikaalinen,ilmainen
0966896-3,Enso-korundi Oy,Osakeyhtiö,"Tarakkamäentie 6, 90440 Kempele",Kempele,ilmainen
0967564-5,Isännöitsijätoimisto Vuorela Oy,Osakeyhtiö,"Kuusaantie 27, 85800 Haapajärvi",Haapajärvi,ilmainen
0967734-1,Tili ja tarkastus Olli Lehtimäki Oy,Osakeyhtiö,"Pätsiniementie 9, 37800 Akaa",Akaa,ilmainen
0967741-3,Kymi Kirjanpito Oy,Osakeyhtiö,"Saalastintie 16 A, 46900 Inkeroinen",Inkeroinen,ilmainen
0967876-6,Tilipippuri Oy,Osakeyhtiö,"Lähettilääntie 5 A, 01520 Vantaa",Vantaa,ilmainen
0968107-6,Hannu Roppo Ky,Kommandiittiyhtiö,"Ruuhimäentie 10, 16800 Hämeenkoski",Hämeenkoski,ilmainen
0968385-6,Jyväskylän AM-Laskenta Oy,Osakeyhtiö,"Lauttasaarentie 32 A, 00200 Helsinki",Helsinki,ilmainen
0968632-8,Tili- ja Isännöintitoimisto K. Haukijärvi Oy,Osakeyhtiö,"Torninkatu 1a, 20100 Turku",Turku,ilmainen
0968720-8,Sebam Oy,Osakeyhtiö,"Kappelitie 6 B, 02200 Espoo",Espoo,ilmainen
0968843-8,Tili- ja konttoripalvelu Poutanen Kommandiittiyhtiö,Kommandiittiyhtiö,"Siltakatu 12, 18100 Heinola",Heinola,ilmainen
0969264-8,Suupohjan tili- ja lakiasiaintoimisto Oy,Osakeyhtiö,"Taalonranta 12, 99130 Sirkka",Sirkka,ilmainen
0969416-8,"Bokföringsbyrå Da-Ka, öppet bolag",Avoin yhtiö,"Köpmansgatan 9, 22100 Mariehamn",Mariehamn,ilmainen
0969495-0,Äetsän Tilihuolto Oy,Osakeyhtiö,"Hykköntie 20, 38300 Sastamala",Sastamala,ilmainen
0969901-4,Yrityspalvelu Harju Oy,Osakeyhtiö,"Jokijalantie 28, 95900 Kolari",Kolari,ilmainen
0969932-1,"Borgå NSP Bokföringstjänst, öppet bolag",Avoin yhtiö,"Nygård 45, 06100 Porvoo",Porvoo,ilmainen
0969943-6,Tilitoimisto A-Palvelu Oy,Osakeyhtiö,"Korkeavuorenkatu 43 D, 00130 Helsinki",Helsinki,ilmainen
0970067-9,Förstin Tilipalvelu Oy,Osakeyhtiö,"Kehätie 6, 62200 Kauhava",Kauhava,ilmainen
0970142-8,A & O Tili-ja Toimistopalvelu Oy,Osakeyhtiö,"Viilarinkatu 5, 20320 Turku",Turku,ilmainen
0970214-8,MP-Laskenta Ky,Kommandiittiyhtiö,"Pyörätie 24 A, 01280 Vantaa",Vantaa,ilmainen
0970337-8,Supramaster Oy,Osakeyhtiö,00000 Osoite Tuntematon,Osoite Tuntematon,ilmainen
0970442-6,Tili-Paulia Oy,Osakeyhtiö,"Anttilantie 19, 47400 Kausala",Kausala,ilmainen
0971032-4,Lounais-Hämeen Tilipalvelu avoin yhtiö,Avoin yhtiö,"Rengastie 1, 31400 Somero",Somero,ilmainen
0971207-1,KS-Company Kongressi- ja Yrityspalvelu Oy,Osakeyhtiö,"Vuosikuja 4 AS, 02200 Espoo",Espoo,ilmainen
0971915-0,Noori Oy,Osakeyhtiö,"Työpajankatu 10 A, 00580 Helsinki",Helsinki,ilmainen
0971956-4,Haapajärven Kiinteistötili Ky,Kommandiittiyhtiö,"Laurikkalantie 39, 85800 Haapajärvi",Haapajärvi,ilmainen
0972284-3,TIJ-Yrityspalvelu Ky,Kommandiittiyhtiö,"Brontie 11 A, 02480 Kirkkonummi",Kirkkonummi,ilmainen
0972506-7,Leena Helin Ky,Kommandiittiyhtiö,"Koulukatu 16 lh., 13100 Hämeenlinna",Hämeenlinna,ilmainen
0972675-6,Diafora Oy,Osakeyhtiö,"Hämeentie 31, 00500 Helsinki",Helsinki,ilmainen
0972780-4,Oy Tihel Ltd,Osakeyhtiö,"Voudinkatu 4, 05830 Hyvinkää",Hyvinkää,ilmainen
0972826-8,Tilikontti Oy,Osakeyhtiö,"Liinakkotie 22, 04220 Kerava",Kerava,ilmainen
0972941-2,Laskentapari Oy,Osakeyhtiö,"Pyynpolku 5 as., 40270 Palokka",Palokka,ilmainen
0973152-0,Leilixia Oy,Osakeyhtiö,"Nuijamiestentie 5 C, 00400 Helsinki",Helsinki,ilmainen
0973288-1,Tilitoimisto Tilexman Oy,Osakeyhtiö,"Itäkatu 1-5 D, 00930 Helsinki",Helsinki,ilmainen
0973418-2,Haapaveden Toimistopalvelu Oy,Osakeyhtiö,"Vanhatie 59, 86600 Haapavesi",Haapavesi,ilmainen
0973632-1,Talman Tili Oy,Osakeyhtiö,"Vanikontie 58, 04240 Talma",Talma,ilmainen
0973978-4,Comptus Oy,Osakeyhtiö,"Sörnäisten Rantatie 33 C, 00500 Helsinki",Helsinki,ilmainen
0974071-8,Tilitoimisto Leena Kähkönen Oy,Osakeyhtiö,"Pursimiehenkatu 24 A, 00150 Helsinki",Helsinki,ilmainen
0974104-0,Tilitoimisto Anne Nevasto Ky,Kommandiittiyhtiö,"Painontie 13, 37630 Valkeakoski",Valkeakoski,ilmainen
0974374-0,Mäklarnas Handelshus Mekka Företagstjänst Kyrkslätt Ab,Osakeyhtiö,"Itämerenkatu 1, 00180 Helsinki",Helsinki,ilmainen
0974680-2,Orimattilan Yrityspalvelu Ky,Kommandiittiyhtiö,"Koivukaari 26, 16300 Orimattila",Orimattila,ilmainen
0974988-6,Talous-Aksa Oy,Osakeyhtiö,"Lanssitie 20, 96500 Rovaniemi",Rovaniemi,ilmainen
0975433-5,Tili- ja Konsultointipalvelu Finndata Oy,Osakeyhtiö,"Turuntie 8 B, 24100 Salo",Salo,ilmainen
0975523-1,Tili-Flikat Oy,Osakeyhtiö,"Tampereentie 8, 20300 Turku",Turku,ilmainen
0975571-7,Ram-Account Ky,Kommandiittiyhtiö,"Klaneettitie 4 B, 00420 Helsinki",Helsinki,ilmainen
0976171-1,Oy EAG-Economic Administration Group Ltd,Osakeyhtiö,"Malminkaari 23 A, 00700 Helsinki",Helsinki,ilmainen
0976541-3,ARUCO Ky,Kommandiittiyhtiö,"Vaasanpuistikko 17, 65100 Vaasa",Vaasa,ilmainen
0976685-4,Kari Taipale Oy,Osakeyhtiö,"Niemenkyläntie 21, 43900 Kinnula",Kinnula,ilmainen
0977099-2,Oy Jaanto Ab,Osakeyhtiö,"Juhantie 5, 21130 Poikko",Poikko,ilmainen
0977218-9,Mukkumäki Oy,Osakeyhtiö,"Myrskyläntie 4 A, 07820 Porlammi",Porlammi,ilmainen
0978069-9,Itä-Uudenmaan Maaseutupalvelu Ky,Kommandiittiyhtiö,"Teutjärventie 36, 07980 Kuninkaankylä",Kuninkaankylä,ilmainen
0978112-2,TP-Visit Oy,Osakeyhtiö,"Järvisentie 61, 01810 Luhtajoki",Luhtajoki,ilmainen
0978145-6,Bruna Byrån Ab,Osakeyhtiö,"Dalvägen 3, 02700 Kauniainen",Kauniainen,ilmainen
0978219-2,Crookus Ky,Kommandiittiyhtiö,"Isonniityntie 150, 02540 Kylmälä",Kylmälä,ilmainen
0978343-5,Promific Oy,Osakeyhtiö,"Karhiniementie 150, 32700 Huittinen",Huittinen,ilmainen
0978703-0,Esomer Ky,Kommandiittiyhtiö,"Tiaisentie 5, 02660 Espoo",Espoo,ilmainen
0978808-4,Dito Yrityspalvelut Oy,Osakeyhtiö,"Nahkahousuntie 1 A, 00210 Helsinki",Helsinki,ilmainen
0978925-5,Lomapolku Ltd Oy,Osakeyhtiö,"Nummentaustantie 2 A, 08100 Lohja",Lohja,ilmainen
0979561-2,Sata-Pirkan Tilintarkastus ja Yrityspalvelu Oy,Osakeyhtiö,"Tuulensuuntie 10, 39500 Ikaalinen",Ikaalinen,ilmainen
0980017-8,JV-Apricum Oy,Osakeyhtiö,"Läntinen Teollisuuskatu 11, 02920 Espoo",Espoo,ilmainen
0980100-7,Louhevuori Oy,Osakeyhtiö,"Rauhankatu 13 A, 20100 Turku",Turku,ilmainen
0980305-3,J&T Talouskonsultointi Oy,Osakeyhtiö,"Töllinmäki 16 E, 00640 Helsinki",Helsinki,ilmainen
0980520-0,KAS-Person Oy,Osakeyhtiö,"Hallituskatu 7 B, 45100 Kouvola",Kouvola,ilmainen
0980756-4,Kehitys Oy Caius,Osakeyhtiö,"Louhentie 1 B, 02130 Espoo",Espoo,ilmainen
0981187-0,Conto di blu Oy,Osakeyhtiö,"Pohjoinen Rautatiekatu 30 A, 00100 Helsinki",Helsinki,ilmainen
0982346-8,Tilitoimisto Katajamäki Oy,Osakeyhtiö,"Hakkapeliittatie 3, 31300 Tammela",Tammela,ilmainen
0982826-9,Seconet Oy,Osakeyhtiö,"Kympinkatu 3 A, 20320 Turku",Turku,ilmainen
0983367-4,Tilipalvelu Tiliopus Oy,Osakeyhtiö,"Västäräkinpolku 4 D, 20610 Turku",Turku,ilmainen
0984012-9,Hyvinkään Tilivalikko Oy,Osakeyhtiö,"Kankurinkatu 46 H, 05800 Hyvinkää",Hyvinkää,ilmainen
0984202-8,ATH Hallintoyhtiö Oy,Osakeyhtiö,"Tornitaso 1 A, 02120 Espoo",Espoo,ilmainen
0984540-5,Konttorirotta Oy,Osakeyhtiö,"Peltomäentie 9, 01260 Vantaa",Vantaa,ilmainen
0984598-2,Ekonomi Resurs Ab Ben Henriksson,Osakeyhtiö,"Neptunigatan 30, 22100 Mariehamn",Mariehamn,ilmainen
0984610-9,Tilitoimisto Hautala Oy,Osakeyhtiö,"Nurmontie 20, 60550 Nurmo",Nurmo,ilmainen
0985752-9,X-Product 2000 Oy,Osakeyhtiö,"Teollisuuskatu 20 B, 00520 Helsinki",Helsinki,ilmainen
0985799-1,Procedure Oy,Osakeyhtiö,"Eskolantie 12-14, 00720 Helsinki",Helsinki,ilmainen
0985844-1,Satakunnan Talousohjaus Oy,Osakeyhtiö,29250 Nakkila,Nakkila,ilmainen
0985849-2,Savoira Oy,Osakeyhtiö,"Vihersalonkuja 62, 21500 Piikkiö",Piikkiö,ilmainen
0986546-5,Sanibel Oy,Osakeyhtiö,"Bulevardi 54 A, 00120 Helsinki",Helsinki,ilmainen
0987024-8,Oy Håkan Nystedt Ab,Osakeyhtiö,"Pohjoinen Rantakatu 17 A, 10600 Tammisaari",Tammisaari,ilmainen
0987134-7,K-P Yrityspalvelu Oy,Osakeyhtiö,"Viitalammintie 69, 69950 Perho",Perho,ilmainen
0987378-0,Balance Systems Oy,Osakeyhtiö,"Kaivokatu 3 A, 94100 Kemi",Kemi,ilmainen
0987747-4,Saimaan Konsultointi Oy,Osakeyhtiö,"Pölläsentie 195, 54410 Ylämaa",Ylämaa,ilmainen
0988055-0,Riekkinen & Pojat Oy,Osakeyhtiö,"Metsäpirtintie 1, 02130 Espoo",Espoo,ilmainen
0988230-2,Turun Tilihallinta Oy,Osakeyhtiö,"Kirkkotie 4c C, 21420 Lieto",Lieto,ilmainen
0988406-8,Helsingin Tilicom Oy,Osakeyhtiö,"Ahventie 4 B, 02170 Espoo",Espoo,ilmainen
0988969-4,Tilitoimisto Talouspäälliköt Oy,Osakeyhtiö,"Alppilankatu 2, 21100 Naantali",Naantali,ilmainen
0989784-6,Vakka Isännöinti Oy,Osakeyhtiö,"Alinenkatu 21, 23500 Uusikaupunki",Uusikaupunki,ilmainen
0990196-4,Kiteytys Oy,Osakeyhtiö,"Rantakatu 26 B, 80100 Joensuu",Joensuu,ilmainen
0990336-1,Ekonen Oy,Osakeyhtiö,"Niipperintie 52, 02920 Espoo",Espoo,ilmainen
0990657-0,Lady Balance Oy,Osakeyhtiö,"Ajurinkatu 4 C, 02650 Espoo",Espoo,ilmainen
0990822-6,Euromite Ky,Kommandiittiyhtiö,"Vähäntuvantie 2 F, 00390 Helsinki",Helsinki,ilmainen
0991685-9,Tammer-Palvelut Oy,Osakeyhtiö,"Tanhuatie 3 as., 33430 Vuorentausta",Vuorentausta,ilmainen
0991886-2,Tili ja konsultointi Ilkka Vairimaa Oy,Osakeyhtiö,"Piispankuja 4 D, 05820 Hyvinkää",Hyvinkää,ilmainen
0991887-0,Tiliekspertti M. Vink Oy,Osakeyhtiö,"Erkontie 20, 16300 Orimattila",Orimattila,ilmainen
0991918-7,PR-Laskenta Oy,Osakeyhtiö,"Ahjokuja 1 A, 00320 Helsinki",Helsinki,ilmainen
0992302-0,Count Twice Oy,Osakeyhtiö,"Päivärinteentie 23, 04330 Lahela",Lahela,ilmainen
0992305-5,Tilitoimisto Helpp Oy,Kommandiittiyhtiö,"Keskuskatu 8 A, 88600 Sotkamo",Sotkamo,ilmainen
0993050-3,Ab Cefem Oy,Osakeyhtiö,"Sandbackavägen 45, 68410 Alaveteli",Alaveteli,ilmainen
0993178-4,Acquit Oy,Osakeyhtiö,"Mätästie 3 B, 00770 Helsinki",Helsinki,ilmainen
0993330-9,Quokka Oy,Osakeyhtiö,"Jokirannantie 10 E, 48700 Kotka",Kotka,ilmainen
0993460-0,Tulos-Forum Oy,Osakeyhtiö,"Annankatu 8, 24240 Salo",Salo,ilmainen
0993547-8,Tilitoimisto Maila Vallström Oy,Kommandiittiyhtiö,"Kirkkokatu 49, 90100 Oulu",Oulu,ilmainen
0993903-0,Vestep Oy,Osakeyhtiö,"Riihenojantie 8/10, 39500 Ikaalinen",Ikaalinen,ilmainen
0993974-3,Matarone Oy,Osakeyhtiö,"Härkiöntie 13, 19950 Luhanka",Luhanka,ilmainen
0994316-0,KH-Tili Oy,Osakeyhtiö,"Ahventie 4 B, 02170 Espoo",Espoo,ilmainen
0994652-1,Marikatti Avoin yhtiö,Kommandiittiyhtiö,"Satamakatu 9, 48100 Kotka",Kotka,ilmainen
0994671-6,Päijät-Hämeen Tilitoimisto Oy,Osakeyhtiö,"Koulukatu 17, 18100 Heinola",Heinola,ilmainen
0994676-7,Vero- ja tilipörssi Avoin yhtiö Eertamo & Eertamo,Avoin yhtiö,"Säkyläntie 1261, 21340 Tortinmäki",Tortinmäki,ilmainen
0994737-2,Auditkari Oy,Osakeyhtiö,"Sauvojantie 2 C, 90560 Oulu",Oulu,ilmainen
0995164-6,ACC Partners Oy,Osakeyhtiö,"Aarnivalkeantie 5 C, 02100 Espoo",Espoo,ilmainen
0996045-4,Åsens Kontorsservice Öppet Bolag,Avoin yhtiö,"Orrgärdsåsvägen 205, 64220 Yttermark",Yttermark,ilmainen
0996198-3,Kuure-Yhtymä Oy,Osakeyhtiö,"Haapakuja 2 B, 60100 Seinäjoki",Seinäjoki,ilmainen
0996447-1,Tilitoimisto Suutala Oy,Osakeyhtiö,"Konstaapelinkatu 4, 02650 Espoo",Espoo,ilmainen
0996724-2,Ari E. J. Suoniemi Oy,Osakeyhtiö,"Virontörmänkatu 10 A, 33310 Tampere",Tampere,ilmainen
0996834-1,LPH-Tilit Oy,Osakeyhtiö,"Pyhäjärvenkatu 1 A, 33200 Tampere",Tampere,ilmainen
0996926-4,Kirjanpitotoimisto Kotkan Tilipalvelu Oy,Osakeyhtiö,"Kirkkokatu 18, 48100 Kotka",Kotka,ilmainen
0997054-8,Roslund § Roslund Oy,Osakeyhtiö,"Koulukatu 13, 53100 Lappeenranta",Lappeenranta,ilmainen
0997333-5,Tilitoimisto Kladiator Oy,Osakeyhtiö,"Reginankuja 3 A, 00810 Helsinki",Helsinki,ilmainen
0997552-5,Minnan tilitoimisto Oy,Osakeyhtiö,"Kalliorinne 10 A, 02770 Espoo",Espoo,ilmainen
0997709-6,Oy Tilitiia Ab,Osakeyhtiö,"Vanhalinnavägen 10 B, 00900 Helsinki",Helsinki,ilmainen
0998194-1,Marko Salejärvi Oy,Osakeyhtiö,"Puotikatu 7, 15700 Lahti",Lahti,ilmainen
0998597-7,H.K.P. Tili ja Laki Oy,Osakeyhtiö,"Sateenkaari 8, 01480 Vantaa",Vantaa,ilmainen
0999975-4,Erca tilit Oy,Osakeyhtiö,"Sirrikuja 3, 00940 Helsinki",Helsinki,ilmainen
1000103-1,Oy Tilitoimisto Proximo Ab,Osakeyhtiö,"Enäjärventie 5 A, 03100 Nummela",Nummela,ilmainen
1000284-3,Tili ja laskenta Save-la Oy,Osakeyhtiö,"Sillankorvantie 25, 33960 Pirkkala",Pirkkala,ilmainen
1000787-1,Mapiti Oy,Osakeyhtiö,"Pekkolantie 3, 62900 Alajärvi",Alajärvi,ilmainen
1001207-2,Tilizenta Ky,Kommandiittiyhtiö,00320 Helsinki,Helsinki,ilmainen
1001600-6,Oblom Oy,Osakeyhtiö,"Laurintie 140, 01400 Vantaa",Vantaa,ilmainen
1002027-5,Pecus Marin Oy,Osakeyhtiö,"Suokalliontie 30, 02420 Jorvas",Jorvas,ilmainen
1002152-6,TS All for Your business Ab Oy,Osakeyhtiö,10601 Tammisaari,Tammisaari,ilmainen
1003059-6,Suomen Yrityskaupat Helsinki Oy,Osakeyhtiö,"Itälahdenkatu 22 A, 00210 Helsinki",Helsinki,ilmainen
1003586-4,"Tunturikadun Tili, Niku-Paavola & Co Oy",Osakeyhtiö,"Metsästäjänkatu 1, 10650 Tammisaari",Tammisaari,ilmainen
1003791-5,Laskutaito Lexa Oy,Osakeyhtiö,"Kuminatie 16 A, 01300 Vantaa",Vantaa,ilmainen
1004517-3,Oy Lindvest Ab,Osakeyhtiö,"Björknäsvägen 147, 06200 Porvoo",Porvoo,ilmainen
1004659-8,Aito-Palvelu Oy,Osakeyhtiö,"Voltintie 10 as., 62510 Kuoppa-Aho",Kuoppa-Aho,ilmainen
1004748-6,Tili-Arla Oy,Osakeyhtiö,"Torikatu 1, 63300 Alavus",Alavus,ilmainen
1004874-5,Roin Tili- ja Veropalvelut Ky,Kommandiittiyhtiö,"Ukkoherrantie 9 A, 96100 Rovaniemi",Rovaniemi,ilmainen
1005393-1,Tilitoimisto Mercante Sirkka Hakkarainen Oy,Osakeyhtiö,"Arinatie 20 D, 01520 Vantaa",Vantaa,ilmainen
1005651-8,Marjut Louhula Oy,Osakeyhtiö,"Ramsinniementie 14 B, 00980 Helsinki",Helsinki,ilmainen
1006265-1,Tilitoimisto Lehtinen Oy,Osakeyhtiö,"Pohjoisranta 14 A, 00170 Helsinki",Helsinki,ilmainen
1007261-4,As Oy:n Tilipalvelu AT Oy,Osakeyhtiö,"Kotoniityntie 3 D, 00650 Helsinki",Helsinki,ilmainen
1007830-3,Tilitoimisto K&KK Oy,Osakeyhtiö,"Asemanaukio 2, 04200 Kerava",Kerava,ilmainen
1008115-8,Balance Audit Oy Ab,Osakeyhtiö,"Liito-Oravankatu 1, 65350 Vaasa",Vaasa,ilmainen
1008486-9,Ainame Oy,Osakeyhtiö,"Hopeatie 14, 02750 Espoo",Espoo,ilmainen
1009123-3,Oy Vaasa Ekopress Ab,Osakeyhtiö,"Kärrgränd 4, 65610 Mustasaari",Mustasaari,ilmainen
1009509-0,Tilitoimisto Attasea Ky,Avoin yhtiö,"Runeberginkatu 24, 67100 Kokkola",Kokkola,ilmainen
1010048-6,Tulosnurkka Oy,Osakeyhtiö,"Maapallonkatu 3 lt., 02210 Espoo",Espoo,ilmainen
1011039-3,Inscrire Oy,Osakeyhtiö,"Harjukatu 30, 05900 Hyvinkää",Hyvinkää,ilmainen
1011229-2,Ab Bokföringsbyrå Esse Tilitoimisto Oy,Osakeyhtiö,"Depåvägen 2, 06150 Porvoo",Porvoo,ilmainen
1011367-4,Pääkaupunkiseudun taloustaito Oy,Osakeyhtiö,"Tupavuori 3 G, 00570 Helsinki",Helsinki,ilmainen
1011592-8,Yrityspalvelu Macsiimi Oy,Osakeyhtiö,"Jänislammenkatu 19, 33410 Tampere",Tampere,ilmainen
1011692-0,Kirsi Uusitalo Oy,Osakeyhtiö,"Haapaniementie 34, 39310 Viljakkala",Viljakkala,ilmainen
1012233-5,Oy Meninx Ltd,Osakeyhtiö,"Puijonsarventie 56 A, 70260 Kuopio",Kuopio,ilmainen
1013090-9,Financo Oy,Osakeyhtiö,"Aholanperäntie 1, 99100 Kittilä",Kittilä,ilmainen
1013283-2,Jaminkamir Oy,Osakeyhtiö,"Vanha Vihdintie 150, 03600 Karkkila",Karkkila,ilmainen
1013411-7,KMM Information Oy,Osakeyhtiö,"Piispalanmäentie 41, 77600 Suonenjoki",Suonenjoki,ilmainen
1013547-8,Kuusamon Laskenta Oy,Osakeyhtiö,"Kitkantie 15, 93600 Kuusamo",Kuusamo,ilmainen
1013915-3,Tilitoimisto Tuire Minkkinen Oy,Osakeyhtiö,"Vareliuksenkatu 2, 38200 Sastamala",Sastamala,ilmainen
1014766-3,Tampereen Palvelutiimi Oy,Osakeyhtiö,"Kartanonkatu 2 E, 33820 Tampere",Tampere,ilmainen
1014962-6,Damshaus Oy,Osakeyhtiö,"Moisionkatu 7, 81700 Lieksa",Lieksa,ilmainen
1015107-2,Länsi-Helsingin kirjanpito Oy,Osakeyhtiö,"Kirjanpitäjänkuja 3 C, 02770 Espoo",Espoo,ilmainen
1015377-2,Petri Ala-Koukkari Oy,Osakeyhtiö,"Kanneltie 12 B, 00420 Helsinki",Helsinki,ilmainen
1015707-9,Ab Bokföringsbyrå Memo Kirjanpitotoimisto Oy,Osakeyhtiö,"Drottninggatan 9, 07900 Loviisa",Loviisa,ilmainen
1015768-5,Helsingin Mac-Tilit Oy,Osakeyhtiö,"Melkonkatu 17 B, 00210 Helsinki",Helsinki,ilmainen
1015831-1,Tilitoimisto Luotola Oy,Osakeyhtiö,"Asemakatu 14, 44200 Suolahti",Suolahti,ilmainen
1017127-6,Tilitoimisto Torsti Myllymäki Oy,Osakeyhtiö,"Kuninkaanlähteenkatu 2, 38700 Kankaanpää",Kankaanpää,ilmainen
1017326-3,Etelän Kirjanpitotalo Oy,Osakeyhtiö,"Itäkatu 1-5 B, 00930 Helsinki",Helsinki,ilmainen
1017391-7,Fenno-Tili Oy,Osakeyhtiö,"Krogiuksentie 16 D, 00340 Helsinki",Helsinki,ilmainen
1017757-1,Tililiitto Oy,Osakeyhtiö,"Puutarhakatu 12, 20100 Turku",Turku,ilmainen
1018076-2,Agro-Tilit Oy,Osakeyhtiö,"Koulukatu 13, 30100 Forssa",Forssa,ilmainen
1018098-1,Avoin yhtiö Puolakka & Palonen,Avoin yhtiö,"Petsamontie 34 B, 99800 Ivalo",Ivalo,ilmainen
1018695-3,Viac Holding Oy,Osakeyhtiö,"Pitkänsillankatu 8 A, 67100 Kokkola",Kokkola,ilmainen
1018721-9,Realitilit Ky Raisio,Kommandiittiyhtiö,"Inkoistenkatu 25, 21260 Raisio",Raisio,ilmainen
1018772-9,Tilihaltia Oy,Osakeyhtiö,"Rusthollinkatu 6 D, 08200 Lohja",Lohja,ilmainen
1018896-7,Innodentis Oy,Osakeyhtiö,"Hietalahdenranta 15 A, 00180 Helsinki",Helsinki,ilmainen
1019108-2,Oy Aboa Auditmark Ab,Osakeyhtiö,,,ilmainen
1019184-0,Teknola Oy,Osakeyhtiö,"Puuskansaarentie 5c, 50100 Mikkeli",Mikkeli,ilmainen
1019594-8,Fekarro Ky,Kommandiittiyhtiö,"Lammasmäentie 1B, 58910 Rantasalmi As",Rantasalmi As,ilmainen
1019987-7,Yrityspalvelut Hakanen Ky,Kommandiittiyhtiö,"Kuokkamaantie 4 B, 33800 Tampere",Tampere,ilmainen
1020139-1,Ratinan Tili Oy,Osakeyhtiö,"Hämeentie 10, 30100 Forssa",Forssa,ilmainen
1022236-0,Cedika Oy,Osakeyhtiö,"Leikosaarentie 13 B, 00980 Helsinki",Helsinki,ilmainen
1022320-8,Tili-Joensuu Oy,Osakeyhtiö,"Koulukatu 13 C, 60100 Seinäjoki",Seinäjoki,ilmainen
1024359-1,Tilitoimisto Lagström Oy,Osakeyhtiö,"Merikannontie 5 B, 00260 Helsinki",Helsinki,ilmainen
1025497-9,Uivelo Oy,Kommandiittiyhtiö,"Sepänkatu 3-5, 08100 Lohja",Lohja,ilmainen
1025906-7,Kirjanpitotoimisto Taina Niemelä Oy,Osakeyhtiö,"Purokatu 25, 20810 Turku",Turku,ilmainen
1026026-0,Tilitoimisto Merhill Oy,Osakeyhtiö,"Pohjantähdentie 28b, 00740 Helsinki",Helsinki,ilmainen
1026038-3,MAS - Management Accounting Services Oy,Osakeyhtiö,"Ivar Ståhlen Kuja 4, 02360 Espoo",Espoo,ilmainen
1026133-5,Lännen Tilitieto Oy,Osakeyhtiö,20100 Turku,Turku,ilmainen
1026382-4,Tilitoimisto Ovado Oy,Osakeyhtiö,"Iirislahdenranta 9 B, 02230 Espoo",Espoo,ilmainen
1026454-4,Tilipalvelu Korhonen ky,Kommandiittiyhtiö,"Keskustie 32, 41520 Hankasalmi",Hankasalmi,ilmainen
1026464-0,Canny Pal Oy,Osakeyhtiö,"Jämsänkatu 2 A, 00520 Helsinki",Helsinki,ilmainen
1031934-9,Tilitoimisto Karjalainen Oy,Osakeyhtiö,"Suvikatu 10 lt., 80200 Joensuu",Joensuu,ilmainen
1032250-5,Solveig Eriksson Oy Ab,Osakeyhtiö,"Smedsgatan 3-5 C, 00150 Helsinki",Helsinki,ilmainen
1032660-2,Tilivakka Oy,Osakeyhtiö,"Koulukatu 1, 23500 Uusikaupunki",Uusikaupunki,ilmainen
1032825-3,Tili- ja Yrityspalvelut H. Suomela Oy,Osakeyhtiö,"Kauppapuistikko 6 A, 65100 Vaasa",Vaasa,ilmainen
1032922-1,V. Karjalainen Oy,Osakeyhtiö,"Palopellonkatu 6 D, 04250 Kerava",Kerava,ilmainen
1033014-2,Tiliporras Karjala Oy,Osakeyhtiö,"Yrjönkatu 7 D, 53600 Lappeenranta",Lappeenranta,ilmainen
1033358-9,Bokföringsbyrå Karis Ekonomitjänst Kb,Kommandiittiyhtiö,"Elin Kurcksgatan 12, 10300 Karjaa",Karjaa,ilmainen
1033378-1,Mani Admini Kb Ky,Kommandiittiyhtiö,"Ravalsvägen 15, 02400 Kirkkonummi",Kirkkonummi,ilmainen
1033455-7,Tili-Turunen Oy,Osakeyhtiö,"Piispanristintie 2c, 20760 Piispanristi",Piispanristi,ilmainen
1033578-7,Tilihila Oy,Osakeyhtiö,"Juholanraitti 45 C, 07190 Halkia",Halkia,ilmainen
1033989-2,R Rikkonen Oy,Osakeyhtiö,"Tuuliviirinkatu 2 E, 20780 Kaarina",Kaarina,ilmainen
1034133-5,Iitin Tili Oy,Osakeyhtiö,"Kauppakatu 16, 47400 Kausala",Kausala,ilmainen
1034592-6,Tili-Ostera Oy,Osakeyhtiö,"Nuuniitynkuja 2 B, 02710 Espoo",Espoo,ilmainen
1034597-7,Keski-Suomen Taloushallinto Oy,Osakeyhtiö,"Vaajakoskentie 127, 40800 Vaajakoski",Vaajakoski,ilmainen
1034766-5,Pienyrityspalvelu Alén Oy,Osakeyhtiö,"Hämeentie 1 A, 30100 Forssa",Forssa,ilmainen
1034796-4,Tilintarkastus Arja Ylönen Oy,Osakeyhtiö,"Myllärintie 30, 70780 Kuopio",Kuopio,ilmainen
1034825-4,Kirjanpitopalvelu Arponen & Janatuinen Ky,Kommandiittiyhtiö,"Kukkolinnankatu 5, 55120 Imatra",Imatra,ilmainen
1035233-3,CMB Catering Oy,Osakeyhtiö,"Salomonkatu 17 A, 00100 Helsinki",Helsinki,ilmainen
1035443-5,Tili-Severi Oy,Osakeyhtiö,"Käsityökatu 29, 78200 Varkaus",Varkaus,ilmainen
1035910-5,Tilitoimisto Eija Seitz Ky,Kommandiittiyhtiö,"Yläkartanonkuja 3 A, 02360 Espoo",Espoo,ilmainen
1036656-7,Tilitoimisto Anita Ranta Ky,Kommandiittiyhtiö,"Mietaantie 695, 61370 Lohiluoma",Lohiluoma,ilmainen
1036903-9,Tili- ja Kiinteistötaito M. Lokkila Ky,Kommandiittiyhtiö,"Salmelantie 2, 16200 Artjärvi",Artjärvi,ilmainen
1036931-1,Pieksämäen Tilitoimisto Oy,Kommandiittiyhtiö,"Keskuskatu 17-19, 76100 Pieksämäki",Pieksämäki,ilmainen
1037737-0,Perintäpetteri Oy,Osakeyhtiö,"Pihkatie 14 A, 90800 Oulu",Oulu,ilmainen
1037808-2,Yrityspalvelu Pentti Mäkinen Oy,Osakeyhtiö,"Nuijamiestentie 5 A, 00400 Helsinki",Helsinki,ilmainen
1038041-4,Taloustaito Terttu Ky,Kommandiittiyhtiö,"Nuutisarankatu 15, 33900 Tampere",Tampere,ilmainen
1038411-6,JN-Audit Oy,Osakeyhtiö,"Kauniaistentie 13 F, 02700 Kauniainen",Kauniainen,ilmainen
1038932-0,Tilintarkastustoimisto Conaudit Oy,Osakeyhtiö,"Murskaamonkuja 8 C, 04300 Tuusula",Tuusula,ilmainen
1039203-6,Equita Oy,Osakeyhtiö,"Koronakuja 4 C, 02210 Espoo",Espoo,ilmainen
1039264-2,Avaralti Oy,Osakeyhtiö,"Heinolantie 297, 16100 Uusikylä",Uusikylä,ilmainen
1039708-0,Meconom Oy,Osakeyhtiö,"Söderkullan Tori 4 C, 01150 Söderkulla",Söderkulla,ilmainen
1039734-7,Multipalvelut Vähämäki Oy,Osakeyhtiö,"Laurintie 140, 01400 Vantaa",Vantaa,ilmainen
1039986-0,Oy Solve Ab,Osakeyhtiö,"Keltavuokontie 24, 01350 Vantaa",Vantaa,ilmainen
1040084-1,Tilitoimisto Anu Mäki Oy,Osakeyhtiö,"Messeniuksenkatu 1 B, 00250 Helsinki",Helsinki,ilmainen
1040099-9,Nastia Oy,Osakeyhtiö,"Kristiinantie 607, 64830 Villamo",Villamo,ilmainen
1041293-0,Aatek Oy,Osakeyhtiö,"Kauppatie 8 as., 66300 Jurva",Jurva,ilmainen
1041466-1,Tarjake-Tampere Oy,Osakeyhtiö,"Liinakonkatu 1 A, 33580 Tampere",Tampere,ilmainen
1041557-6,Tilipalvelu T & K Loukia Oy,Osakeyhtiö,"Vanha Soukkiontie 514, 04680 Hirvihaara",Hirvihaara,ilmainen
1042543-2,Pexio Production Oy,Osakeyhtiö,"Munkkiluodonkuja 6 A, 02160 Espoo",Espoo,ilmainen
1043036-2,Aajama Ky,Kommandiittiyhtiö,"Keskustie 2, 2.Kerros, 04600 Mäntsälä",Mäntsälä,ilmainen
1044735-9,Tilipros Oy,Osakeyhtiö,"Itäkatu 1-5 D, 00930 Helsinki",Helsinki,ilmainen
1045474-3,SKS-TILIT OY,Osakeyhtiö,"Brontie 7 E, 02480 Kirkkonummi",Kirkkonummi,ilmainen
1045789-9,Salon Leinotilit Oy,Osakeyhtiö,"Ruuhikoskenkatu 10 C, 24240 Salo",Salo,ilmainen
1046280-7,Pluscom taloushallinto Oy,Osakeyhtiö,"Sammonkatu 19 H, 33540 Tampere",Tampere,ilmainen
1046706-9,Maija Nissinen Ky,Kommandiittiyhtiö,"Luokkimäki 84, 70800 Kuopio",Kuopio,ilmainen
1048146-9,Ristak Oy,Osakeyhtiö,"Isonjärvenranta 4 C, 02940 Espoo",Espoo,ilmainen
1048527-5,Antson & Co Oy,Osakeyhtiö,"Huopalahdentie 29 A, 00350 Helsinki",Helsinki,ilmainen
1049084-0,Interlink Oy,Osakeyhtiö,"Enonkoskentie 750, 57310 Savonlinna",Savonlinna,ilmainen
1052547-6,PS-Laskenta Oy,Osakeyhtiö,"Rauhankatu 6 A, 15110 Lahti",Lahti,ilmainen
1053153-4,Kirjanpito & Laskenta Tuula Jansson Ky,Kommandiittiyhtiö,"Kuokkalantie 2, 01900 Nurmijärvi",Nurmijärvi,ilmainen
1053156-9,Lapin ATK-Laskenta Ky,Kommandiittiyhtiö,"Rautatienkatu 3 B, 26100 Rauma",Rauma,ilmainen
1053194-8,T. Salonen Oy,Osakeyhtiö,"Antti Chydeniuksen Katu 51, 67100 Kokkola",Kokkola,ilmainen
1053285-2,Merkarpat Oy,Osakeyhtiö,"Lyylikinsola 6, 60120 Seinäjoki",Seinäjoki,ilmainen
1053292-4,JL-Tilipiste Oy,Osakeyhtiö,"Satosuontie 89, 43100 Saarijärvi",Saarijärvi,ilmainen
1054187-1,Oy Borgmaster Ab,Osakeyhtiö,"Borgmästars Ekenäsvägen 42, 10320 Karjaa",Karjaa,ilmainen
1054473-0,Maki-Tili Oy,Osakeyhtiö,"Tolkinojantie 14 D, 05400 Jokela",Jokela,ilmainen
1054873-1,Tilipalvelu Giornale Oy,Osakeyhtiö,"Kirstinsyrjä 6 C, 02760 Espoo",Espoo,ilmainen
1055419-7,Aho & Sandström T.I. Lex Oy,Osakeyhtiö,04330 Lahela,Lahela,ilmainen
1055650-4,Ahkera-Tilit Oy,Osakeyhtiö,"Nervanderinkatu 9 A, 00100 Helsinki",Helsinki,ilmainen
1056166-1,Jotuvi-Palvelut Oy,Osakeyhtiö,"Nummisten Myllyn Tie 237, 12640 Jokiniemi",Jokiniemi,ilmainen
1056179-2,Länsi-Suomen Yritysohjaus Oy,Osakeyhtiö,"Tiedepuisto 4, 28600 Pori",Pori,ilmainen
1056627-8,M-Niekat Oy,Osakeyhtiö,"Itälahdenkatu 6 B, 00210 Helsinki",Helsinki,ilmainen
1056803-8,Tilipalvelu Koponen Oy,Osakeyhtiö,"Itkonniemenkatu 21, 70500 Kuopio",Kuopio,ilmainen
1056902-2,Ellax Oy,Osakeyhtiö,"Vasteenin Rantatie 19, 49400 Hamina",Hamina,ilmainen
1057243-2,Yrityspalvelu Uotila Oy,Osakeyhtiö,"Yliopistonkatu 13b, 20100 Turku",Turku,ilmainen
1058344-9,Markku Liukkunen Ky,Kommandiittiyhtiö,"Soipuntie 95, 73410 Pieksänkoski",Pieksänkoski,ilmainen
1058719-1,JR-laskenta Oy,Osakeyhtiö,"Lansantorppa 11 as., 02630 Espoo",Espoo,ilmainen
1059869-1,Logitas Oy,Osakeyhtiö,"Pitkänsillankatu 8 A, 67100 Kokkola",Kokkola,ilmainen
1060194-2,Conservator Oy,Osakeyhtiö,"Kursuntie 28, 98600 Kursu",Kursu,ilmainen
1061835-7,Malmin Tilitoimisto Ky,Kommandiittiyhtiö,"Kiskontie 7, 00280 Helsinki",Helsinki,ilmainen
1062584-8,ARJ-Taloushallinto Oy,Osakeyhtiö,"Keksijäntie 5, 60510 Hyllykallio",Hyllykallio,ilmainen
1063597-4,A1 Tilit Oy,Osakeyhtiö,"Ongenkoukku 30 C, 01490 Vantaa",Vantaa,ilmainen
1064497-7,Tilisiivox avoin yhtiö,Avoin yhtiö,"Hurukselantie 71, 48600 Kotka",Kotka,ilmainen
1064602-4,Oy Wave's Group Ltd,Osakeyhtiö,"Hiekkalaiturintie 4, 00980 Helsinki",Helsinki,ilmainen
1065221-3,Marimine Oy,Osakeyhtiö,"Tiilenpolttajankuja 5 A, 01720 Vantaa",Vantaa,ilmainen
1065438-2,Tilimaailma Oy,Osakeyhtiö,"Käsityöläiskatu 9, 20100 Turku",Turku,ilmainen
1065550-2,Bio-Actors Ab,Osakeyhtiö,"Vanha Kuninkojantie 28, 20320 Turku",Turku,ilmainen
1065874-6,MastoCon Oy,Osakeyhtiö,"Vanha Talvitie 7 A, 00580 Helsinki",Helsinki,ilmainen
1066258-5,Ryhdistys Oy,Osakeyhtiö,"Metsätähdentie 11 A, 01350 Vantaa",Vantaa,ilmainen
1066284-1,FoxeLind Ky,Kommandiittiyhtiö,"Malminmäenkaari 11 A, 02280 Espoo",Espoo,ilmainen
1067007-5,HS-Profitax Oy,Osakeyhtiö,"Laurinkatu 47, 08100 Lohja",Lohja,ilmainen
1067220-6,Helsingin Yritysvälitys Oy,Osakeyhtiö,"Niittytaival 5 A, 02200 Espoo",Espoo,ilmainen
1067273-2,Tilitoimisto T. Eklund Oy,Osakeyhtiö,"Nastolantie 21 A, 00600 Helsinki",Helsinki,ilmainen
1067520-4,P. Hautala Oy,Osakeyhtiö,"Filppulantie 18, 61800 Kauhajoki",Kauhajoki,ilmainen
1068393-3,Rva K.A. Koskisen Tili- ja Toimistopalvelu Oy,Osakeyhtiö,"Työpajankatu 13 A, 00580 Helsinki",Helsinki,ilmainen
1068458-1,Akaki Oy,Osakeyhtiö,"Niittykatu 9, 20720 Turku",Turku,ilmainen
1068565-6,Laskentapalvelu Oy Vantaa,Osakeyhtiö,"Kellokukantie 4, 01300 Vantaa",Vantaa,ilmainen
1068960-6,Meducon Oy,Osakeyhtiö,"Orsitie 7 C, 70820 Kuopio",Kuopio,ilmainen
1069287-2,Rantuu Oy,Osakeyhtiö,"Jussilantie 8 G, 41660 Toivakka",Toivakka,ilmainen
1069893-2,Tilitoimisto Heini Sorsa Oy,Osakeyhtiö,"Soidintie 12, 00700 Helsinki",Helsinki,ilmainen
1069899-1,Tili Anti Oy,Osakeyhtiö,"Vaskomäentie 1 A, 01800 Klaukkala",Klaukkala,ilmainen
1069941-7,Tilitoimisto Hailio Oy,Osakeyhtiö,"Purjetie 10 B, 00960 Helsinki",Helsinki,ilmainen
1070407-9,My Point Oy,Osakeyhtiö,"Yläkartanonkuja 6 B, 02360 Espoo",Espoo,ilmainen
1070534-6,Fim Laskentapalvelut Oy,Osakeyhtiö,"Rauhantie 26, 85140 Tynkä",Tynkä,ilmainen
1071106-8,AAT-Toimistotyö Oy,Osakeyhtiö,"Kankkilantie 886, 07690 Kankkila",Kankkila,ilmainen
1071196-5,Tili- ja Konsulttipalvelu Laskentakanava Oy,Osakeyhtiö,,,ilmainen
1071361-0,Tilitoimisto Lahden Tilitiimi Oy,Osakeyhtiö,"Karjalankatu 12, 15140 Lahti",Lahti,ilmainen
1071424-2,Nokian Tilipiste Oy,Osakeyhtiö,"Välikatu 8, 37100 Nokia",Nokia,ilmainen
1072671-0,Tomtilit Oy,Osakeyhtiö,"Palontie 270 as., 39200 Kyröskoski",Kyröskoski,ilmainen
1073101-8,Wulff Ekonomi Oy,Osakeyhtiö,"Kilonkartanontie 3, 02610 Espoo",Espoo,ilmainen
1073577-2,Tilitoimisto Kroisos Pennanen Oy,Osakeyhtiö,"Kummunkatu 22, 83500 Outokumpu",Outokumpu,ilmainen
1073809-2,Yrityspalvelu Ledum Palustre Oy,Osakeyhtiö,"Vanjoentie 20, 03430 Jokikunta",Jokikunta,ilmainen
1074595-4,Vampulan Tili ja Isännöinti Oy,Osakeyhtiö,"Sallilantie 49, 32610 Vampula",Vampula,ilmainen
1074720-4,Mikkelin Tili ja Tuote Oy,Osakeyhtiö,"Koivukatu 18, 50130 Mikkeli",Mikkeli,ilmainen
1074979-5,Bokföringsbyrå All-Bokföring kommanditbolag,Kommandiittiyhtiö,"Petalaxvägen 18 A, 66240 Petolahti",Petolahti,ilmainen
1075196-7,Tilitoimisto Jouni Simonen Oy,Osakeyhtiö,"Hatanpään Valtatie 34 E, 33100 Tampere",Tampere,ilmainen
1076310-8,IL-Tilit Ky,Kommandiittiyhtiö,"Lähdekankaantie 35, 84100 Ylivieska",Ylivieska,ilmainen
1077052-7,Tilitoimisto Kalle Martti Oy,Osakeyhtiö,"Oripääntie 708, 32410 Niinijoki",Niinijoki,ilmainen
1077405-0,Tilitoimisto Kimmo Heikkinen Ky,Kommandiittiyhtiö,"Hiirakkokatu 4, 20380 Turku",Turku,ilmainen
1078371-5,Alkemax Oy,Osakeyhtiö,"Mansikkapolku 5 B, 06100 Porvoo",Porvoo,ilmainen
1078432-0,Hyvinkään Artemis Oy,Osakeyhtiö,"Sepänkatu 5 A, 11710 Riihimäki",Riihimäki,ilmainen
1078511-2,Bekele-Tilit Oy,Osakeyhtiö,"Konalantie 47 C, 00390 Helsinki",Helsinki,ilmainen
1080696-4,M & M Aronn Oy Ltd.,Osakeyhtiö,"Koskelokuja 21, 23500 Uusikaupunki",Uusikaupunki,ilmainen
1081687-1,Waiway Ky,Kommandiittiyhtiö,"Anttilantie 219, 69410 Sykäräinen",Sykäräinen,ilmainen
1081991-7,Tieto-Jarkka Oy,Osakeyhtiö,"Ilonanpolku 4, 79100 Leppävirta",Leppävirta,ilmainen
1082092-6,Havacon Oy,Osakeyhtiö,"Itälahdenkatu 15-17 A, 00210 Helsinki",Helsinki,ilmainen
1082367-6,Tili ja Konsultointi KOM Oy Ltd.,Osakeyhtiö,"Sitratie 7, 00420 Helsinki",Helsinki,ilmainen
1082745-8,Whimsy Oy,Osakeyhtiö,"Hiirakonkuja 8 A, 00780 Helsinki",Helsinki,ilmainen
1083252-1,Overwide Finland Oy,Osakeyhtiö,"Haapaniemenkatu 3 B, 00530 Helsinki",Helsinki,ilmainen
1085111-6,Notatus Oy,Osakeyhtiö,"Sinimäentie 8b, 02630 Espoo",Espoo,ilmainen
1085563-5,Nettilaskenta Oy,Osakeyhtiö,"Palokunnantie 44 A, 15800 Lahti",Lahti,ilmainen
1086035-4,Tili- ja laskentapalvelu H. Peltomäki Ky,Kommandiittiyhtiö,"Hietasentie 160-19, 39880 Kihniö As",Kihniö As,ilmainen
1087791-4,Oulun ALV-palvelu Oy,Osakeyhtiö,"Pitkänmöljäntie 13 A, 90510 Oulu",Oulu,ilmainen
1088069-7,Tilitoimisto P. Räsänen Ky,Kommandiittiyhtiö,"Sibeliuskatu 38, 49400 Hamina",Hamina,ilmainen
1088712-7,Bodoni Oy,Osakeyhtiö,"Kaunismäentie 5 A, 28800 Pori",Pori,ilmainen
1089650-9,Tilintarkastus Marketta Puiro Oy,Osakeyhtiö,"Vattuniemenranta 2, 00210 Helsinki",Helsinki,ilmainen
1090775-7,Yrityspalvelu Pappi Ky,Kommandiittiyhtiö,"Norkkokatu 2 A, 40530 Jyväskylä",Jyväskylä,ilmainen
1090814-3,TFV-Yrityspalvelu Oy,Osakeyhtiö,"Puustellintie 1 A, 00410 Helsinki",Helsinki,ilmainen
1092989-2,Optimus talous- & hallintopalvelut Oy,Osakeyhtiö,"Kulosaarentie 8 C, 00570 Helsinki",Helsinki,ilmainen
1092995-6,Bokföringsbyrå Tililaskenta Ab - Tilitoimisto Tililaskenta Oy,Osakeyhtiö,"Riihikuja 1, 68600 Pietarsaari",Pietarsaari,ilmainen
1093184-5,Roimela Group Oy,Osakeyhtiö,"Piilolantie 5 AS, 44100 Äänekoski",Äänekoski,ilmainen
1093466-7,Cleverboss Oy,Osakeyhtiö,"Laamanninkatu 27, 28120 Pori",Pori,ilmainen
1093684-9,Marticom Oy,Osakeyhtiö,"Polvijärventie 15, 83700 Polvijärvi",Polvijärvi,ilmainen
1093688-1,Tilipalvelu Riitta Jolkkonen Ky,Kommandiittiyhtiö,"Polvijärventie 7 A, 83700 Polvijärvi",Polvijärvi,ilmainen
1094499-6,Walmaco Oy,Osakeyhtiö,"Neulaskuja 1 A, 03100 Nummela",Nummela,ilmainen
1094933-2,TT-Furniture Oy,Osakeyhtiö,"Säntintie 94, 64700 Teuva",Teuva,ilmainen
1095126-4,Kirjanpitotoimisto Aravuori Oy,Osakeyhtiö,"Yliopistonkatu 36a A, 20100 Turku",Turku,ilmainen
1095779-7,Almac Oy,Osakeyhtiö,"Vaajaniementie 291, 58900 Rantasalmi",Rantasalmi,ilmainen
1096272-1,Pyhäjärven Tilitoimisto Oy,Osakeyhtiö,"Asematie 2, 86800 Pyhäsalmi",Pyhäsalmi,ilmainen
1096684-5,Tilitieto Puistonen avoin yhtiö,Avoin yhtiö,"Vanha Söörmarkuntie 32, 29570 Söörmarkku",Söörmarkku,ilmainen
1097194-3,Tilikuutio Oy,Osakeyhtiö,"Vetokoskentie 48, 49640 Paijärvi",Paijärvi,ilmainen
1097304-1,Egees Oy Ab,Osakeyhtiö,"Bulevardi 3 D, 00120 Helsinki",Helsinki,ilmainen
1097541-8,Helsingin Yhtiöhallinta Oy,Osakeyhtiö,"Pohjoisentie 7 A, 02970 Espoo",Espoo,ilmainen
1103663-1,Oy Ole V. Andersson Ab,Osakeyhtiö,"Kirkkotori 13 A, 06100 Porvoo",Porvoo,ilmainen
1103756-2,Laskentaidea Oy,Osakeyhtiö,"Linnankatu 52 A, 20100 Turku",Turku,ilmainen
1104353-2,Yrityspalvelu Tita Oy,Osakeyhtiö,"Kainuunkuja 1 C, 20740 Turku",Turku,ilmainen
1104412-1,Tilitoimisto T Pesonen Oy,Osakeyhtiö,"Asematie 6, 41900 Petäjävesi",Petäjävesi,ilmainen
1105307-9,Lapinlahden Tili Oy,Osakeyhtiö,"Asematie 8, 73100 Lapinlahti",Lapinlahti,ilmainen
1105910-4,Monitoimipalvelut Neroda Oy,Osakeyhtiö,"Kuunkehrä 2 A, 02210 Espoo",Espoo,ilmainen
1107176-0,Oy LL Vel-on Ab,Osakeyhtiö,"Hillatie 4, 24280 Salo",Salo,ilmainen
1108390-5,Yritysbalanssi Ky Kirjalainen,Kommandiittiyhtiö,"Porrassalmenkatu 39 K, 50100 Mikkeli",Mikkeli,ilmainen
1109603-6,Tili Soila Oy,Osakeyhtiö,"Mannerheimintie 62 C, 00260 Helsinki",Helsinki,ilmainen
1110166-7,BIJA Öppet bolag,Avoin yhtiö,"Purmovägen 305 A, 68930 Purmo",Purmo,ilmainen
1437499-4,ADP and Administration Services Oy,Osakeyhtiö,"Grundträskintie 4, 01150 Söderkulla",Söderkulla,ilmainen
1438554-6,Tilikammi ky,Kommandiittiyhtiö,"Tokkatie 2 E, 99800 Ivalo",Ivalo,ilmainen
1438941-6,Probira Oy Ab,Osakeyhtiö,"Marjaniementie 25, 00930 Helsinki",Helsinki,ilmainen
1440095-3,KH Jamakari Oy,Osakeyhtiö,"Niilontie 11 E, 65610 Mustasaari",Mustasaari,ilmainen
1440561-5,Balance Impact Oy,Osakeyhtiö,"Eteläranta 10, 00130 Helsinki",Helsinki,ilmainen
1441231-3,Lakeuden Maataloustili Ky,Kommandiittiyhtiö,"Keskustie 36, 61100 Peräseinäjoki",Peräseinäjoki,ilmainen
1442007-3,Suomenlinnan Kioski Oy,Osakeyhtiö,"Petsamontie 34 B, 99800 Ivalo",Ivalo,ilmainen
1442554-4,TL-Slide rule avoin yhtiö,Avoin yhtiö,"Kaivokatu 16b B, 20520 Turku",Turku,ilmainen
1444160-8,Tilipalvelu Pekka Arola Oy,Osakeyhtiö,"Jäkärlän Puistokatu 16 B, 20460 Turku",Turku,ilmainen
1444996-8,VSM-Palvelut Oy,Osakeyhtiö,"Palontie 270, 39200 Kyröskoski",Kyröskoski,ilmainen
1445012-5,Hämeen Tilimiehet Oy,Osakeyhtiö,"Puutarhakatu 16 B, 33210 Tampere",Tampere,ilmainen
1445016-8,MiBooks Oy,Osakeyhtiö,"Länsitie 8, 19650 Joutsa",Joutsa,ilmainen
1446206-2,Suomen Netless Oy,Osakeyhtiö,"Vihdintie 15 A, 00320 Helsinki",Helsinki,ilmainen
1446893-1,Hamarin Tilipalvelu Ky,Kommandiittiyhtiö,"Rauhankatu 29 A, 06100 Porvoo",Porvoo,ilmainen
1447842-7,Vaarakoski Oy,Osakeyhtiö,"Loue, 95300 Tervola",Tervola,ilmainen
1449135-7,Clerica Oy,Osakeyhtiö,"Huhdintie 5, 03600 Karkkila",Karkkila,ilmainen
1449494-5,Vestimalo Oy,Osakeyhtiö,"Könnintie 1110a, 60800 Ilmajoki",Ilmajoki,ilmainen
1449643-0,Tili-Tilli Oy,Osakeyhtiö,"Teljäntie 9 B, 00350 Helsinki",Helsinki,ilmainen
1451427-2,Yritysapu Ky Mika Lähdetniemi,Kommandiittiyhtiö,"Piispanristintie 2 C, 20760 Piispanristi",Piispanristi,ilmainen
1451889-8,Oy Arosell Ab,Osakeyhtiö,"Koivumäentie 5 K, 06450 Porvoo",Porvoo,ilmainen
1454110-7,Tilitoimisto Smart Office Oy,Osakeyhtiö,"Elimäenkatu 17-19, 00510 Helsinki",Helsinki,ilmainen
1455808-0,Centranet Oy,Osakeyhtiö,"Melavedentie 152, 71160 Riistavesi",Riistavesi,ilmainen
1456527-2,Tilimanager Oy,Osakeyhtiö,"Takojankatu 1c B, 33540 Tampere",Tampere,ilmainen
1457864-7,Tapiolan Tilitalo Oy,Osakeyhtiö,"Ahventie 4 B, 02170 Espoo",Espoo,ilmainen
1458255-8,Askutop Oy,Osakeyhtiö,"Kolehmaisentie 2 A, 90240 Oulu",Oulu,ilmainen
1458804-4,Äänekosken Tili- ja Asiakirjapalvelu Oy,Osakeyhtiö,"Kauppakatu 1, 44100 Äänekoski",Äänekoski,ilmainen
1460386-5,Järvenpään Laskentakeskus Oy,Osakeyhtiö,04401 Järvenpää,Järvenpää,ilmainen
1462914-1,Tulosvahti Ky,Kommandiittiyhtiö,"Poukamankatu 2 A, 70340 Kuopio",Kuopio,ilmainen
1463603-4,Navikoski Oy,Osakeyhtiö,"Hämeentie 14, 24240 Salo",Salo,ilmainen
1465983-4,Tilitoimisto Konttokurantti Oy,Osakeyhtiö,"Kievarinkaari 2, 04300 Tuusula",Tuusula,ilmainen
1466285-7,Nousiaisten Tilikeskus Oy,Osakeyhtiö,"Nummentie 10, 21270 Nousiainen",Nousiainen,ilmainen
1466494-0,Laskentapiste Balanssi Oy,Osakeyhtiö,"Koulukatu 13, 30100 Forssa",Forssa,ilmainen
1466575-9,Kirjanpitotoimisto Tiliohjaus Oy,Osakeyhtiö,"Välikatu 8-10 C, 37100 Nokia",Nokia,ilmainen
1466621-7,Mika Weckman Ky,Kommandiittiyhtiö,"Paatsamantie 12, 04260 Kerava",Kerava,ilmainen
1466936-2,Tilikide Oy,Osakeyhtiö,"Niittykyläntie 373, 02580 Siuntio",Siuntio,ilmainen
1468465-0,Yrityspalvelu Ylinen Oy,Osakeyhtiö,"Jokirantatie 14, 62300 Härmä",Härmä,ilmainen
1468712-2,Tampyy Oy,Osakeyhtiö,"Suokatu 1 A, 33230 Tampere",Tampere,ilmainen
1469865-7,EU Hypoteekki Oy,Osakeyhtiö,"Osuustie 1 C, 04600 Mäntsälä",Mäntsälä,ilmainen
1470060-6,Yrityspalvelu Hulkko Oy,Osakeyhtiö,"Kanneltie 15 D, 00420 Helsinki",Helsinki,ilmainen
1470115-8,Kuopion Ilopilke Oy,Osakeyhtiö,"Linnanpellonkatu 19 AS, 70500 Kuopio",Kuopio,ilmainen
1474623-3,Tilitalo Aaltonen Oy,Osakeyhtiö,"Saarportintie 28, 42100 Jämsä",Jämsä,ilmainen
1478375-5,Management Advisors Gylling Ky,Avoin yhtiö,"Hämeenkatu 26, 33200 Tampere",Tampere,ilmainen
1479174-7,Areniatili Oy,Osakeyhtiö,"Ilmarinkuja 3, 45100 Kouvola",Kouvola,ilmainen
1481686-0,Drennan Whyte Osakeyhtiö,Osakeyhtiö,"Satakunnantie 17 C, 20300 Turku",Turku,ilmainen
1481975-4,Tilintarkastus Rovatili Ky,Kommandiittiyhtiö,"Myllärintie 36 A, 96400 Rovaniemi",Rovaniemi,ilmainen
1482009-3,AL-Tase Oy,Osakeyhtiö,"Laivanvarustajankatu 8a B, 00140 Helsinki",Helsinki,ilmainen
1483360-1,Helsingin Tilitoimisto n:o 1 Oy,Osakeyhtiö,"Pakkalankuja 7, 01510 Vantaa",Vantaa,ilmainen
1484473-0,TA-Holding Oy,Osakeyhtiö,"Kutojantie 6-8, 02630 Espoo",Espoo,ilmainen
1485060-4,Rauman Tili ja Päätös Oy,Osakeyhtiö,"Uutelantie 6, 26720 Monnanummi",Monnanummi,ilmainen
1488784-5,RVT-Laskenta Ky,Kommandiittiyhtiö,"Pl 190, 24101 Salo",Salo,ilmainen
1491500-9,Tilitoimisto Jorma Tarkiainen Ky,Kommandiittiyhtiö,"Jääkärinkatu 15, 50100 Mikkeli",Mikkeli,ilmainen
1492478-1,Alfa Ekonomia Oy,Osakeyhtiö,"Taka-Lyötyn Katu 4, 90140 Oulu",Oulu,ilmainen
1492642-9,Toikka Consulting Oy,Osakeyhtiö,37501 Lempäälä,Lempäälä,ilmainen
1499939-6,Rovaniemen Tili- ja Verotieto Oy,Osakeyhtiö,"Maakuntakatu 29-31, 96200 Rovaniemi",Rovaniemi,ilmainen
1500418-6,Tilitoimisto ELT Ky,Kommandiittiyhtiö,"Hermiankatu 6-8 G, 33720 Tampere",Tampere,ilmainen
1500423-1,Tilintarkastus Ilse Alander Oy,Kommandiittiyhtiö,"Hämeenkatu 25 A, 33200 Tampere",Tampere,ilmainen
1501143-1,Jovetrust Oy,Osakeyhtiö,"Topiaksentie 5, 90800 Oulu",Oulu,ilmainen
1501385-9,Kurikan Tase Ky,Avoin yhtiö,"Piisitie 3, 61300 Kurikka",Kurikka,ilmainen
1501754-2,K. Kuikka Ky,Kommandiittiyhtiö,"Raskinpolku 16 C, 20360 Turku",Turku,ilmainen
1502269-1,Säde Rantanen Oy,Osakeyhtiö,"Runeberginkatu 4 A, 08100 Lohja",Lohja,ilmainen
1504555-1,CKBalance Oy,Kommandiittiyhtiö,"Tuukkalantie 16 A, 00940 Helsinki",Helsinki,ilmainen
1505397-3,Tili- ja Toimialapalvelu Satu Kokkoniemi Ky,Kommandiittiyhtiö,"Valtatie 43 A, 99100 Kittilä",Kittilä,ilmainen
1506909-4,Kukinto Oy,Osakeyhtiö,"Puuskaniementie 5 E, 00850 Helsinki",Helsinki,ilmainen
1506937-7,Lelleaho Oy,Osakeyhtiö,"Vittikontie 54, 98900 Salla",Salla,ilmainen
1507489-7,MentorMan Oy,Osakeyhtiö,"Koulukatu 7, 23500 Uusikaupunki",Uusikaupunki,ilmainen
1507494-2,Astola Invest Oy,Osakeyhtiö,"Topeliuksenkatu 16 A, 00250 Helsinki",Helsinki,ilmainen
1508302-1,Pentti Tavaila Oy,Osakeyhtiö,"Rahkolantie 83, 43100 Saarijärvi",Saarijärvi,ilmainen
1508461-4,TRN-Kirjanpidot Ky,Kommandiittiyhtiö,"Kanervatie 13, 53920 Lappeenranta",Lappeenranta,ilmainen
1512160-6,SE-Tili Oy,Osakeyhtiö,"Salontie 256, 23800 Laitila",Laitila,ilmainen
1514005-7,AuditR Oy,Osakeyhtiö,"Kasinokuja 1 A, 04400 Järvenpää",Järvenpää,ilmainen
1514469-9,Tilitoimisto M. Ylkänen avoin yhtiö,Avoin yhtiö,"Ookilantie 6, 61400 Ylistaro",Ylistaro,ilmainen
1515786-0,Tilitoimisto Risto Lamminaho Oy,Avoin yhtiö,"Ostolantie 7 A, 63700 Ähtäri",Ähtäri,ilmainen
1515862-8,Laboka aktiebolag,Osakeyhtiö,"Sydmovägen 162, 21600 Parainen",Parainen,ilmainen
1516488-4,Protempore Oy,Osakeyhtiö,"Kuopionlahdenkatu 2 B, 70100 Kuopio",Kuopio,ilmainen
1522023-3,Tilitoimisto Järvinen Oy,Osakeyhtiö,"Soutajantie 22, 40520 Jyväskylä",Jyväskylä,ilmainen
1522962-5,Meriitti Yrityspalvelut Oy,Osakeyhtiö,"Lusintie 89 A, 13800 Katinala",Katinala,ilmainen
1523507-2,Tilipalvelu Hukkanen Ky,Kommandiittiyhtiö,"Mäkilänpolku 6 C, 20320 Turku",Turku,ilmainen
1523645-4,Tili- ja kiinteistötoimisto JTV Oy,Osakeyhtiö,"Huhtakuja 8, 20540 Turku",Turku,ilmainen
1524369-7,Tiliraitti Avoin yhtiö,Avoin yhtiö,,,ilmainen
1526208-9,Oy Elkamer Ab,Osakeyhtiö,"Sammonkatu 5, 70500 Kuopio",Kuopio,ilmainen
1527282-6,Addiator Oy,Kommandiittiyhtiö,"Tehdaskatu 6, 24100 Salo",Salo,ilmainen
1527530-6,Markkinointi Copot Ky,Kommandiittiyhtiö,"Tapiontie 9 as., 45160 Kouvola",Kouvola,ilmainen
1527618-1,Ammattikirjanpito Aktiva Oy,Osakeyhtiö,"Merivalkama 8 D, 02320 Espoo",Espoo,ilmainen
1530912-3,TS-Yrityspalvelut Oy,Osakeyhtiö,"Otsolahdentie 16 B, 02110 Espoo",Espoo,ilmainen
1531795-9,Hämeen Tilitiimi Avoin yhtiö,Avoin yhtiö,"Tampereentie 145, 13600 Hämeenlinna",Hämeenlinna,ilmainen
1534543-1,Jantili Ky,Kommandiittiyhtiö,"Kaarnaviita 2, 60150 Seinäjoki",Seinäjoki,ilmainen
1535263-1,Kirispa Ky,Kommandiittiyhtiö,"Itsenäisyydenkatu 47 B, 28100 Pori",Pori,ilmainen
1536587-0,Osuuskunta Työ-Synapsi,Osuuskunta,"Kotilahdenkuja 7, 35700 Vilppula",Vilppula,ilmainen
1537335-2,Tili- ja konsultointipalvelu Lappishcon Ky,Kommandiittiyhtiö,"Ranuantie 13 A, 96400 Rovaniemi",Rovaniemi,ilmainen
1541716-7,Laskenta ja sijoitus Paula & Kari Oy,Osakeyhtiö,"Mikkolantie 1 A, 00640 Helsinki",Helsinki,ilmainen
1542279-1,PAT Audiature Oy,Osakeyhtiö,"Ersintie 7 B, 02750 Espoo",Espoo,ilmainen
1548060-9,Grev Bokförings- och Företagstjänst Ab,Osakeyhtiö,"Risöhällvägen 18, 68570 Luoto",Luoto,ilmainen
1551219-9,KW-Tili Ky,Kommandiittiyhtiö,"Eerikinkatu 24, 00100 Helsinki",Helsinki,ilmainen
1558353-6,Tilitoimisto Mirja Siltamaa Ky,Kommandiittiyhtiö,"Kuusenhaontie 12 A, 52830 Suomenniemi",Suomenniemi,ilmainen
1558476-6,"Nykarleby Företagstjänst, öppet bolag",Avoin yhtiö,"Rijfsväg 31, 66900 Uusikaarlepyy",Uusikaarlepyy,ilmainen
1561297-4,Grandco Oy,Osakeyhtiö,"Hiekkalaiturintie 4, 00980 Helsinki",Helsinki,ilmainen
1561318-4,Irma Merivuori Oy,Osakeyhtiö,"Puutteenperäntie 2 B, 88470 Kontiomäki",Kontiomäki,ilmainen
1562440-6,Tili Meriluoto Oy,Osakeyhtiö,"Tuulenpesäntie 1, 13500 Hämeenlinna",Hämeenlinna,ilmainen
1562747-1,Tilitoimisto Ajoksenmäki Oy,Kommandiittiyhtiö,"Kelhontie 55, 37500 Lempäälä",Lempäälä,ilmainen
1562812-4,Lakeuden Tili- ja Yrityspalvelut Ky,Kommandiittiyhtiö,"Kauppatie 1 A, 66400 Laihia",Laihia,ilmainen
1563101-6,Tilitoimisto Ekomia Oy,Osakeyhtiö,"Oppilaankatu 4, 53100 Lappeenranta",Lappeenranta,ilmainen
1564564-5,Tilitoimisto M. Lindblad Oy,Osakeyhtiö,"Hiilikatu 3, 00180 Helsinki",Helsinki,ilmainen
1565489-1,Laspal Oy,Osakeyhtiö,"Lähderanta 3 A, 02720 Espoo",Espoo,ilmainen
1567438-2,Vertecon Oy,Osakeyhtiö,"Kauppakuja 1 A, 51900 Juva",Juva,ilmainen
1568338-5,Toimistopalvelu Kortesalmi Ky,Kommandiittiyhtiö,"Keskustie 30, 97700 Ranua",Ranua,ilmainen
1568812-7,Tilihonka Ky,Kommandiittiyhtiö,"Keskustie 32, 35300 Orivesi",Orivesi,ilmainen
1570632-1,Y P Lehtonen Ky,Kommandiittiyhtiö,"Telttakuja 3 B, 00770 Helsinki",Helsinki,ilmainen
1572916-0,Päijänteen Tilikeskus Oy,Osakeyhtiö,"Keskustie 57, 19600 Hartola",Hartola,ilmainen
1573294-1,Karatili Oy,Kommandiittiyhtiö,"Möksyntie 1503, 63800 Soini",Soini,ilmainen
1575202-9,AH-Laskenta Oy,Kommandiittiyhtiö,"Sibeliuskatu 38 A, 49400 Hamina",Hamina,ilmainen
1575579-9,Certus Art Ky,Kommandiittiyhtiö,"Kotipolku 43, 02420 Jorvas",Jorvas,ilmainen
1576246-2,Vantaan Tilikonsultit Ky,Kommandiittiyhtiö,"Unikkotie 13, 01300 Vantaa",Vantaa,ilmainen
1576892-8,PL-Yrityspalvelut Oy,Osakeyhtiö,"Luomantie 214, 62830 Luoma-Aho",Luoma-Aho,ilmainen
1578458-1,Salesmans Legacy Oy,Kommandiittiyhtiö,"Hirvitie 10, 38200 Sastamala",Sastamala,ilmainen
1578670-4,Kb JHE-Consulting Ky,Kommandiittiyhtiö,64300 Lapväärtti,Lapväärtti,ilmainen
1580410-8,AL-Tilikulma Oy,Osakeyhtiö,"Keskitie 4, 44500 Viitasaari",Viitasaari,ilmainen
1580474-9,Tampereen Toimistopalvelu Oy,Osakeyhtiö,"Maatialantie 13, 37100 Nokia",Nokia,ilmainen
1583000-7,Kuuomena Oy,Osakeyhtiö,"Herrojentie 61, 19160 Huutotöyry",Huutotöyry,ilmainen
1583436-6,Rema-tilit kommandiittiyhtiö,Kommandiittiyhtiö,"Myllytie 18, 59800 Kesälahti",Kesälahti,ilmainen
1583461-4,Jouko Pylvänen Ky,Kommandiittiyhtiö,75840 Ylä-Valtimo,Ylä-Valtimo,ilmainen
1584619-9,Tilitoimisto S. Heilala Ky,Kommandiittiyhtiö,"Koivukatu 18, 50130 Mikkeli",Mikkeli,ilmainen
1586887-3,Yrityspalvelu Nina Lahti Ky,Kommandiittiyhtiö,"Suopunkitie 12 B, 99830 Saariselkä",Saariselkä,ilmainen
1587270-9,Tilipäät avoin yhtiö,Avoin yhtiö,"Iltalenkki 64, 05400 Jokela",Jokela,ilmainen
1588389-7,TiliTor OY,Osakeyhtiö,"Kirkkotanhua 3, 69700 Veteli",Veteli,ilmainen
1588816-1,Tilitoimisto Sirpa Kunelius Ky,Kommandiittiyhtiö,"Viestintie 6 as., 44500 Viitasaari",Viitasaari,ilmainen
1592041-6,1.Accounting - Pori Oy Ab Ltd,Osakeyhtiö,"Eteläkauppatori 4 A, 28100 Pori",Pori,ilmainen
1593965-1,Tilitoimisto Arnika Ky,Kommandiittiyhtiö,"Punkaharjuntie 3, 57130 Savonlinna",Savonlinna,ilmainen
1594463-7,Visiopol Oy,Osakeyhtiö,"Horsmakuja 6 B, 01300 Vantaa",Vantaa,ilmainen
1598536-7,Tilimenu Avoin yhtiö,Avoin yhtiö,"Suksitehtaankatu 1 A, 04420 Järvenpää",Järvenpää,ilmainen
1598776-8,Tili-Etu Oy,Osakeyhtiö,"Harjavallankatu 7 A, 29200 Harjavalta",Harjavalta,ilmainen
1599382-6,Tilinuotta Oy,Osakeyhtiö,"Kylväjäntie 9 A, 86300 Oulainen",Oulainen,ilmainen
1602971-3,Ennica Oy,Osakeyhtiö,"Annikanpolku 9, 20610 Turku",Turku,ilmainen
1606554-6,Tilitaavetti Oy,Osakeyhtiö,"Linnalantie 51, 54500 Taavetti",Taavetti,ilmainen
1607177-8,Kyröstilit Ky,Kommandiittiyhtiö,,,ilmainen
1608450-1,AnnSystems Avoin yhtiö,Avoin yhtiö,"Rätikönmäki 6, 15270 Kukkila",Kukkila,ilmainen
1609162-1,Avoin yhtiö Advencor Öppet bolag,Avoin yhtiö,"Svängen 8, 64100 Kristiinankaupunki",Kristiinankaupunki,ilmainen
1609596-4,Suupohjan Maataloustieto Ky,Kommandiittiyhtiö,61801 Kauhajoki,Kauhajoki,ilmainen
1612863-1,Asioimisto Oy HKM,Osakeyhtiö,00000 Osoite Tuntematon,Osoite Tuntematon,ilmainen
1614754-1,Jäälin Palvelupiste Ky,Kommandiittiyhtiö,"Pitkätie 17 B, 90940 Jääli",Jääli,ilmainen
1615451-4,Kauhavan Kirjanpitopalvelu Oy,Osakeyhtiö,"Vähälahdentie 9, 62230 Jylhä",Jylhä,ilmainen
1615847-8,Yrityspalvelu PAJU Oy,Kommandiittiyhtiö,"Kauppatie 2, 69600 Kaustinen",Kaustinen,ilmainen
1617371-5,Taloushallinto Forza Oy,Osakeyhtiö,"Särkiniementie 9 D, 00210 Helsinki",Helsinki,ilmainen
1617491-0,Tilitoimistoni.fi eKolme Oy,Osakeyhtiö,"Hankasuontie 8, 00390 Helsinki",Helsinki,ilmainen
1617625-4,Tili ja Isännöinti Matikainen Oy,Osakeyhtiö,"Sitratie 7, 00420 Helsinki",Helsinki,ilmainen
1618876-5,Oy Tilitoimisto Fabricius Räkenskapsbyrå Ab,Osakeyhtiö,"Tunnelitie 15, 00320 Helsinki",Helsinki,ilmainen
1619682-9,Startmark Oy,Osakeyhtiö,"Aino Ackten Tie 1 D, 00400 Helsinki",Helsinki,ilmainen
1620578-0,Tili ja Laskenta Jarnamo Oy,Osakeyhtiö,"Kelsantie 1, 43500 Karstula",Karstula,ilmainen
1621161-1,ATJ-Kuljetus Ky,Kommandiittiyhtiö,"Veräjämäentie 8 A, 00650 Helsinki",Helsinki,ilmainen
1623634-1,Järvi-Suomen Taloustiimi osuuskunta,Osuuskunta,"Moisiontie 3 as, 50520 Mikkeli",Mikkeli,ilmainen
1624000-9,Oy Vassvik Ab,Osakeyhtiö,"Tehtaankatu 20 B, 00140 Helsinki",Helsinki,ilmainen
1627491-1,Toimistopalvelu Tukesi Oy,Osakeyhtiö,"Neulaskuja 20, 04240 Talma",Talma,ilmainen
1628944-3,Tilipalvelu Ky Arja Haanela,Kommandiittiyhtiö,"Dallasinpolku 3 B, 91800 Tyrnävä",Tyrnävä,ilmainen
1629022-5,Oy KPT Marketing Ab,Osakeyhtiö,"Magasinsgatan 12, 65100 Vaasa",Vaasa,ilmainen
1629204-4,Varpaisjärven Tili ja Kiinteistö Oy,Osakeyhtiö,"Kauppatie 26, 73200 Varpaisjärvi",Varpaisjärvi,ilmainen
1629779-3,TiliTaito Anssi Laitinen Oy,Osakeyhtiö,"Kalliolantie 87, 19430 Pertunmaa",Pertunmaa,ilmainen
1631132-1,Joutsan Tili ja Isännöinti Oy,Osakeyhtiö,"Yhdystie 1, 19650 Joutsa",Joutsa,ilmainen
1632336-5,JPR Team Oy,Osakeyhtiö,"Pitkämäentie 49 E, 00670 Helsinki",Helsinki,ilmainen
1632706-7,Tilistep Ky Mari Simanainen,Kommandiittiyhtiö,"Ruohosuontie 94, 05200 Rajamäki",Rajamäki,ilmainen
1634374-5,K-Tilipalvelu Oy,Osakeyhtiö,"Työpajankatu 12, 00580 Helsinki",Helsinki,ilmainen
1635992-3,Inmet Finland Oy,Osakeyhtiö,86801 Pyhäsalmi,Pyhäsalmi,ilmainen
1636204-9,Tiliteema Oy,Osakeyhtiö,"Humalistonkatu 3b A, 20100 Turku",Turku,ilmainen
1638058-9,Tilimeklarit Oy,Osakeyhtiö,"Keskuskaari 5, 21250 Masku",Masku,ilmainen
1639141-3,Tili & Doggi Sveholm Ky,Kommandiittiyhtiö,"Vanhankirkontie 3, 61600 Jalasjärvi",Jalasjärvi,ilmainen
1641531-5,Tili ja Talous Kallioniemi Oy,Osakeyhtiö,"Alavudentie 477, 63610 Tuuri",Tuuri,ilmainen
1643317-7,PJ Yrityspalvelu Oy,Osakeyhtiö,"Pekkolantie 3, 62900 Alajärvi",Alajärvi,ilmainen
1643413-7,Ilmajoen Yrityspalvelu Oy,Osakeyhtiö,"Kauppatie 9, 60800 Ilmajoki",Ilmajoki,ilmainen
1645150-0,Oulun Tilitieto Oy,Osakeyhtiö,"Sauvojantie 1 D, 90560 Oulu",Oulu,ilmainen
1645282-9,Tilitoimisto Pertti Voipio Ky,Kommandiittiyhtiö,"Linnankoskenkatu 11 A, 06100 Porvoo",Porvoo,ilmainen
1645748-6,Ab Fastighetsbyrå-Hangete-Kiinteistötoimisto Oy,Osakeyhtiö,"Berggatan 8, 10900 Hanko",Hanko,ilmainen
1646084-5,Oy Pellinge Notariat och Bokföring Ab,Osakeyhtiö,"Kirkkotori 13 A, 06100 Porvoo",Porvoo,ilmainen
1648722-0,WinWin Talopalvelu Oy,Osakeyhtiö,"Lanttukuja 9, 04410 Järvenpää",Järvenpää,ilmainen
1649571-4,SCANTILIT OY,Osakeyhtiö,"Pinninkatu 53 B, 33100 Tampere",Tampere,ilmainen
1650023-7,FIBERCO OY AB,Osakeyhtiö,"Adlercreuzinkatu 22, 06100 Porvoo",Porvoo,ilmainen
1650381-7,F-Tili Oy,Osakeyhtiö,"Storörintie 9 B, 01120 Västerskog",Västerskog,ilmainen
1650695-4,Innocount Oy,Osakeyhtiö,"Klaneettitie 6-8 A, 00420 Helsinki",Helsinki,ilmainen
1650754-3,Tilinetti Ahola ja Palonen Ky,Avoin yhtiö,"Samoankuja 2 B, 00220 Helsinki",Helsinki,ilmainen
1651578-9,Tilipalvelu Elise Tuomainen Ky,Kommandiittiyhtiö,"Mariankatu 14 D, 48100 Kotka",Kotka,ilmainen
1651582-6,Tilipalvelu Mia Taka-aho Ky,Kommandiittiyhtiö,"Mariankatu 14 D, 48100 Kotka",Kotka,ilmainen
1654870-8,Tili-Viiri Oy,Osakeyhtiö,"Klaukkalantie 55, 01800 Klaukkala",Klaukkala,ilmainen
1656280-9,JanMar Ab,Osakeyhtiö,22830 Enklinge,Enklinge,ilmainen
1656355-3,Tilipalvelu Katja Hakala Oy,Osakeyhtiö,"Matildankatu 8, 32200 Loimaa",Loimaa,ilmainen
1657192-4,Lasku-Liite LL Ky,Kommandiittiyhtiö,"Lukkosepänkatu 6 B, 20320 Turku",Turku,ilmainen
1657232-9,Arctic Accounts Ky,Kommandiittiyhtiö,"Ohrakatu 3, 05880 Hyvinkää",Hyvinkää,ilmainen
1657727-7,Danisma Oy,Osakeyhtiö,"Peltolantie 10, 01300 Vantaa",Vantaa,ilmainen
9003970-9,Tilitoimisto Matti Niku-Paavola Oy,Osakeyhtiö,"Kyläkunnantie 14 C, 00660 Helsinki",Helsinki,ilmainen
9020891-2,Tilitoimisto Finansia Ky,Kommandiittiyhtiö,"Rautatienkatu 3 B, 26100 Rauma",Rauma,ilmainen
9035557-6,Tilihelander Ky,Kommandiittiyhtiö,"Kauppakuja 1 A, 31900 Punkalaidun",Punkalaidun,ilmainen
9051412-7,Audirek Oy Ab,Osakeyhtiö,"Töölönkatu 58 B, 00250 Helsinki",Helsinki,ilmainen
9082130-3,Kirjanpitotoimisto Lehtinen Oy,Osakeyhtiö,"Kirkkokatu 17 B, 80100 Joensuu",Joensuu,ilmainen
9101043-0,Evijärven Tilitoimisto Avoin yhtiö,Avoin yhtiö,"Vasikka-Ahontie 76, 62540 Vasikka-Aho",Vasikka-Aho,ilmainen
9111931-3,Bokföring Finne kommanditbolag,Kommandiittiyhtiö,"Fredsgatan 16 A, 65100 Vaasa",Vaasa,ilmainen
9115801-3,Kajaanin Tilitaito Oy,Osakeyhtiö,"Puistolantie 34, 87150 Kajaani",Kajaani,ilmainen
9186977-1,Tili Wänninen-Sangder Kommandiittiyhtiö,Kommandiittiyhtiö,"Kauppiaskatu 2 B, 20100 Turku",Turku,ilmainen
9210519-1,Talenom Taloushallinto Oy,Osakeyhtiö,"Yrttipellontie 2, 90230 Oulu",Oulu,ilmainen
1669915-1,Töölön Hallintopalvelut Oy,Osakeyhtiö,"Bulevardi 3 D, 00120 Helsinki",Helsinki,ilmainen
1702258-0,Susanns Debet & Credit kb,Kommandiittiyhtiö,"Skutnäsgatan 5 A, 68620 Pietarsaari",Pietarsaari,ilmainen
1702598-4,Toimistopalvelu Estimate Oy,Osakeyhtiö,"Suokatu 4, 35700 Vilppula",Vilppula,ilmainen
1705125-0,Oy Victocons Ltd,Osakeyhtiö,"Itälahdenkatu 15-17 A, 00210 Helsinki",Helsinki,ilmainen
1705153-3,Blond Accounts Oy,Osakeyhtiö,"Bulevardi 23-27, 00180 Helsinki",Helsinki,ilmainen
1705528-6,Kantola Invest Oy,Osakeyhtiö,"Ylikinnarinkuja 7, 21330 Paattinen",Paattinen,ilmainen
1710175-6,Oy Kotkamaa Ab,Osakeyhtiö,"Pitkänsillankatu 21 B, 67100 Kokkola",Kokkola,ilmainen
1710956-3,Tili- ja Toimistopalvelu Oy Kuoppamaa,Osakeyhtiö,"Keskuskuja 6 A, 15870 Hollola",Hollola,ilmainen
1711270-3,TMW Invest Oy,Osakeyhtiö,"Kuumavuorenkatu 5, 50130 Mikkeli",Mikkeli,ilmainen
1729686-4,Laskentapalvelu Puijon Tili Oy,Osakeyhtiö,"Nuottakaari 26, 70800 Kuopio",Kuopio,ilmainen
1731789-9,Tili- ja Konsulttitoimisto Mestari Oy,Osakeyhtiö,"Mestarinkatu 6, 38700 Kankaanpää",Kankaanpää,ilmainen
1736196-1,Toni Vähänen Liiketoiminnat Oy,Osakeyhtiö,"Temppelikatu 13, 00100 Helsinki",Helsinki,ilmainen
1736232-3,Kukkian Tilipalvelu Ky,Kommandiittiyhtiö,"Mäntypolku 10, 14980 Kuohijoki",Kuohijoki,ilmainen
1737534-3,Pirkan Tilipalvelu Oy,Osakeyhtiö,"Sammonkatu 75, 33540 Tampere",Tampere,ilmainen
1739921-4,Bestania Oy,Osakeyhtiö,"Puistokatu 1 B, 15100 Lahti",Lahti,ilmainen
1740170-8,Bokföringsbyrån Asset Management Ab,Osakeyhtiö,"Veckjärvivägen 582, 07310 Sannainen",Sannainen,ilmainen
1740688-3,Tilipiste Kompassi Ky,Kommandiittiyhtiö,"Tuluskatu 3 E, 33580 Tampere",Tampere,ilmainen
1741043-6,Tilitoimisto Raahen Tase Oy,Osakeyhtiö,"Kauppakatu 57 L, 92100 Raahe",Raahe,ilmainen
1751555-3,Yrityspalvelut Pirjo Hautamäki Ky,Kommandiittiyhtiö,"Hannikaisenkatu 11-13, 40100 Jyväskylä",Jyväskylä,ilmainen
1752155-8,Ilmestyskirjanpitäjä.Nyt! Ky,Kommandiittiyhtiö,"Osuuskunnantie 76 F, 00660 Helsinki",Helsinki,ilmainen
1752336-9,MVS-Tili Oy,Osakeyhtiö,"Ahventie 4 B, 02170 Espoo",Espoo,ilmainen
1753197-5,Arteeri Oy,Avoin yhtiö,"Lepistöntie 126, 21160 Merimasku",Merimasku,ilmainen
1753359-1,Liperin Taloushallintopalvelu Oy,Osakeyhtiö,"Juvolanlahdentie 4 B, 83100 Liperi",Liperi,ilmainen
1754630-9,Entille Oy,Osakeyhtiö,"Ramsinniementie 14 B, 00980 Helsinki",Helsinki,ilmainen
1758504-1,SAL Capital Oy Ab,Osakeyhtiö,"Torparvägen 9, 67700 Kokkola",Kokkola,ilmainen
1759652-5,Tilitoimisto Soininen Oy,Osakeyhtiö,"Touvitie 23 C, 70460 Kuopio",Kuopio,ilmainen
1760249-7,Tilipalvelu Armi Kaaranka Ky,Kommandiittiyhtiö,"Kanervatie 8, 63100 Kuortane",Kuortane,ilmainen
1762259-4,Tampereen Tilipiste Ky,Kommandiittiyhtiö,"Tohlopinkatu 7 C, 33310 Tampere",Tampere,ilmainen
1762435-4,Raahen Tilitiimi Oy,Osakeyhtiö,"Niittykatu 7, 92100 Raahe",Raahe,ilmainen
1763759-3,Tili-Lipponen Ky,Kommandiittiyhtiö,"Gneissitie 9 as., 01150 Söderkulla",Söderkulla,ilmainen
1766397-8,ASR Tilipalvelu Oy,Osakeyhtiö,"Lassilantie 1 B, 14200 Turenki",Turenki,ilmainen
1777729-7,Riihimäen Yrityspalvelu Oy,Osakeyhtiö,"Tallitie 20 A, 13500 Hämeenlinna",Hämeenlinna,ilmainen
1778443-8,Kuhmon Laskentapalvelut Oy,Osakeyhtiö,"Koulukatu 14, 88900 Kuhmo",Kuhmo,ilmainen
1778462-2,Tililuoto Oy,Osakeyhtiö,"Eerik Pommerilaisen Ranta 20 A, 20810 Turku",Turku,ilmainen
1778886-9,Kyröön Kirjurit Oy,Osakeyhtiö,"Pohjankyröntie 136, 61500 Isokyrö",Isokyrö,ilmainen
1779836-2,Tilitoimisto Virve Väntsi Avoin yhtiö,Avoin yhtiö,"Vieskankatu 4, 84100 Ylivieska",Ylivieska,ilmainen
1781106-1,Toimistopalvelu Tähkänen Oy,Osakeyhtiö,"Kirkkoveräjäntie 8, 33950 Pirkkala",Pirkkala,ilmainen
1782017-9,NSM-House Oy,Osakeyhtiö,"Torpanniityntie 18, 04390 Jäniksenlinna",Jäniksenlinna,ilmainen
1782536-7,Talousverkko Platina Oy,Osakeyhtiö,"Valimotie 17-19, 00380 Helsinki",Helsinki,ilmainen
1782704-7,Tilintarkastus Oy Helge Saarinen,Osakeyhtiö,"Possentie 5 A, 13200 Hämeenlinna",Hämeenlinna,ilmainen
1784195-7,MJV Palvelu Oy,Osakeyhtiö,"Välitalontie 78 B, 00660 Helsinki",Helsinki,ilmainen
1784613-3,Tili-Center Nurmela Ky,Kommandiittiyhtiö,"Teknologiapuisto 1, 61800 Kauhajoki",Kauhajoki,ilmainen
1785988-2,Profitit Ky,Kommandiittiyhtiö,"Hiirivuorentie 4 b, 01690 Vantaa",Vantaa,ilmainen
1790777-6,Talousverkko Valimo Oy,Osakeyhtiö,"Valimotie 17-19, 00380 Helsinki",Helsinki,ilmainen
1791747-2,US tilipalvelu Ky,Kommandiittiyhtiö,"Vapaudenpolku 6 A, 65200 Vaasa",Vaasa,ilmainen
1793122-3,VJ-Konsultointi Oy,Osakeyhtiö,"Sibeliuksenkatu 9 B, 13100 Hämeenlinna",Hämeenlinna,ilmainen
1793510-1,Tilitoimisto Mandaatti Oulu Oy,Osakeyhtiö,"Ratakatu 9 A, 90130 Oulu",Oulu,ilmainen
1796981-1,Saarinet Ky,Kommandiittiyhtiö,"Myllytie 1 as, 54800 Savitaipale",Savitaipale,ilmainen
1799207-7,Tili Scharlin Oy,Osakeyhtiö,"Väntsintie 4 C, 20780 Kaarina",Kaarina,ilmainen
1799664-1,Provisa Oy,Osakeyhtiö,"Kukonkuja 3, 15880 Hollola",Hollola,ilmainen
1800032-4,Tilipalvelu Tasetieto Oy,Osakeyhtiö,"Jaakkolantie 1 A, 37370 Vesilahti",Vesilahti,ilmainen
1800227-4,VV Villikka Oy,Osakeyhtiö,"Kotosaarentie 41, 46450 Enäjärvi",Enäjärvi,ilmainen
1801338-7,TiliSari Oy,Osakeyhtiö,"Torvenmäentie 10, 49730 Muurikkala",Muurikkala,ilmainen
1802913-5,Tilitoimisto Herukka Oy,Osakeyhtiö,"Kurentie 24, 93100 Pudasjärvi",Pudasjärvi,ilmainen
1803547-1,Tilitoimisto Ajan Tase Oy,Osakeyhtiö,"Tykkitie 1, 45100 Kouvola",Kouvola,ilmainen
1807419-8,Nancy's NödHjälp Oy Ab,Osakeyhtiö,"Adlercreutzgatan 22, 06100 Porvoo",Porvoo,ilmainen
1807723-3,Joensuun Tasepiste Oy,Osakeyhtiö,"Jukolankatu 18 D, 80160 Joensuu",Joensuu,ilmainen
1812451-1,Pietikäinen ja Pietikäinen,Avoin yhtiö,"Nortamonkatu 3 C, 28100 Pori",Pori,ilmainen
1814020-4,Yrityshuoltamo Oy,Osuuskunta,"Kauppakatu 31, 40100 Jyväskylä",Jyväskylä,ilmainen
1815623-0,Siriko Service Oy,Osakeyhtiö,"Kuunkierros 3 F, 02210 Espoo",Espoo,ilmainen
1817258-0,Tilitoimisto Nummila Ky,Kommandiittiyhtiö,"Puistotie 5, 21530 Paimio",Paimio,ilmainen
1818239-1,J.A. Balance Oy,Osakeyhtiö,"Varastomiehenkatu 1, 20780 Kaarina",Kaarina,ilmainen
1818964-9,Prokasta Oy,Osakeyhtiö,"Pruukintie 19, 25570 Teijo",Teijo,ilmainen
1822614-7,Tilitimantti Oy,Osakeyhtiö,"Vistantie 22 B, 21530 Paimio",Paimio,ilmainen
1823198-2,Netcount Oy,Osakeyhtiö,"Purotörmä 7, 02300 Espoo",Espoo,ilmainen
1825590-9,EJT Espoon Jupiter-tili Oy,Osakeyhtiö,"Kirstinsyrjä 6 C, 02760 Espoo",Espoo,ilmainen
1829776-2,Oy Planet Link Ab,Osakeyhtiö,"Lundintie 158, 10570 Bromarv",Bromarv,ilmainen
1834156-7,Tilipalvelu SER Oy,Osakeyhtiö,"Maaherrankatu 9, 70100 Kuopio",Kuopio,ilmainen
1836586-8,Tilipalvelu Vaskonen Ky,Kommandiittiyhtiö,"Nykullantie 42, 04130 Sipoo",Sipoo,ilmainen
1836734-5,AET Tilitalo Oy,Osakeyhtiö,"Ahventie 4 B, 02170 Espoo",Espoo,ilmainen
1838851-7,Yrityspalvelu Junikco Oy,Avoin yhtiö,"Kurikantie 4, 61300 Kurikka",Kurikka,ilmainen
1840504-9,Fitrail Oy,Osakeyhtiö,"Hormantie 47, 61410 Ylistaro As",Ylistaro As,ilmainen
1840692-2,Tilitoimisto Tizian Oy,Osakeyhtiö,"Honkaniementie 30 B, 37560 Lempäälä",Lempäälä,ilmainen
1841178-0,Bigge Oy,Osakeyhtiö,"Pajantie 53, 21610 Kirjala",Kirjala,ilmainen
1843461-6,Tilitoimisto Talouspro Oy,Osakeyhtiö,"Mariankatu 8 A, 15110 Lahti",Lahti,ilmainen
1844049-3,Tilitoimisto Salo Oy,Osakeyhtiö,"Kauppakatu 9, 62900 Alajärvi",Alajärvi,ilmainen
1845037-6,Conrax Oy,Avoin yhtiö,"Vantaankatu 58, 05800 Hyvinkää",Hyvinkää,ilmainen
1845082-7,MakCent Ky,Kommandiittiyhtiö,"Kråkbackvägen 137, 66140 Övermalax",Övermalax,ilmainen
1846366-0,Tilipalvelu Satu Nerola Ky,Kommandiittiyhtiö,"Teollisuustie 9, 02880 Veikkola",Veikkola,ilmainen
1848569-1,MST-Yhtiöt Oy,Osakeyhtiö,"Kumitehtaankatu 5 A, 04260 Kerava",Kerava,ilmainen
1851899-1,Tiliasema Group Oy,Osakeyhtiö,"Kirkkokatu 4 A, 90100 Oulu",Oulu,ilmainen
1851918-5,TiliHeimonen Ky,Kommandiittiyhtiö,"Pertuntie 29 A, 19430 Pertunmaa",Pertunmaa,ilmainen
1852459-0,Tilitoimisto Anne Koskiahde Oy,Osakeyhtiö,"Lumikontaival 8, 60200 Seinäjoki",Seinäjoki,ilmainen
1853766-6,Tiliporras Pohjoinen Oy,Osakeyhtiö,"Reisjärventie 6, 85900 Reisjärvi",Reisjärvi,ilmainen
1854941-3,Sobu Oy,Osakeyhtiö,"Pohjoisesplanadi 33 B, 00100 Helsinki",Helsinki,ilmainen
1857792-4,TMT-Tilit Avoin yhtiö,Avoin yhtiö,"Liisinkuja 9, 05400 Jokela",Jokela,ilmainen
1859340-6,Nordicium Oy,Osakeyhtiö,"Wäinö Aaltosentie 60, 21800 Kyrö",Kyrö,ilmainen
1860034-6,Tilinavaus 1. Oy,Osakeyhtiö,"Kortelahdenkatu 11 B, 33210 Tampere",Tampere,ilmainen
1860223-7,Tilitoimisto Törmänen Oy,Osakeyhtiö,"Puistokatu 53, 85800 Haapajärvi",Haapajärvi,ilmainen
1860691-6,Tulosmylly Oy,Osakeyhtiö,"Yliopistonkatu 33, 20100 Turku",Turku,ilmainen
1861953-0,Kb Ollas Bokföring Ky,Kommandiittiyhtiö,"Herrgårdsvägen 31 A, 07880 Liljendal",Liljendal,ilmainen
1864060-4,KLT-Tiimi Tiina Jokiranta Ky,Kommandiittiyhtiö,"Vantaankoskentie 14, 01670 Vantaa",Vantaa,ilmainen
1864134-0,KLT-Tiimi Sari Ruponen Ky,Kommandiittiyhtiö,"Vantaankoskentie 14, 01670 Vantaa",Vantaa,ilmainen
1865054-6,Laskenta-10 Oy,Osakeyhtiö,"Hämeentie 2 A, 30100 Forssa",Forssa,ilmainen
1865287-5,Tilitoimisto Humberg Oy,Osakeyhtiö,"Vanha Porvoontie 314 A, 01420 Vantaa",Vantaa,ilmainen
1865363-2,Greatsom Oy/Ab,Osakeyhtiö,"Harjutie 63, 07890 Mickelspiltom",Mickelspiltom,ilmainen
1867035-2,Ekonomitoimisto Lahti Oy,Osakeyhtiö,"Kourakasanlenkki 10, 60200 Seinäjoki",Seinäjoki,ilmainen
1867464-4,Harald 2.0 Laskenta Oy,Osakeyhtiö,"Mäkitorpantie 38 C, 00640 Helsinki",Helsinki,ilmainen
1867629-5,LS Talotech Oy,Osakeyhtiö,"Metsärannantie 33, 26820 Rauma",Rauma,ilmainen
1868187-9,Tilipalvelu P Piirainen Avoin Yhtiö,Avoin yhtiö,"Torikatu 21, 88900 Kuhmo",Kuhmo,ilmainen
1868318-8,Pohjois-Espoon Tili- ja Lakipalvelu Oy,Osakeyhtiö,"Järvihaantie 4 A, 01800 Klaukkala",Klaukkala,ilmainen
1868789-1,Tili-Hamina Oy,Osakeyhtiö,"Isoympyräkatu 17, 49400 Hamina",Hamina,ilmainen
1869636-8,Tilitoimisto Linkki Oy,Osakeyhtiö,"Koppisentie 3, 67600 Kokkola",Kokkola,ilmainen
1869903-2,Tilimuurahainen Oy,Osakeyhtiö,"Sorinkatu 4 C, 33100 Tampere",Tampere,ilmainen
1870125-1,KT-Tilipiste Oy,Osakeyhtiö,"Bahamankatu 4 C, 00220 Helsinki",Helsinki,ilmainen
1871488-8,Tilitoimisto Leerma Oy,Osakeyhtiö,"Mikonkatu 8 A, 00100 Helsinki",Helsinki,ilmainen
1871824-8,Maatalouden Tili- ja Pestipalvelu Ky,Kommandiittiyhtiö,"Utukantie 4, 34600 Ruovesi",Ruovesi,ilmainen
1872031-3,Pieksänmaan Veropalvelu Ky,Kommandiittiyhtiö,"Tikankatu 7, 76100 Pieksämäki",Pieksämäki,ilmainen
1875556-7,KLT-Tiimi Maria Jalava Ky,Kommandiittiyhtiö,"Vantaankoskentie 14 F, 01670 Vantaa",Vantaa,ilmainen
1875708-7,Susirajan Isännöinti Avoin yhtiö,Avoin yhtiö,"Koverontie 26a, 82710 Kovero",Kovero,ilmainen
1875877-6,Västudd Oy,Kommandiittiyhtiö,"Pirtinmäenpolku 15, 48410 Kotka",Kotka,ilmainen
1876543-1,Martech Oy,Osakeyhtiö,"Jollaksentie 60 B, 00850 Helsinki",Helsinki,ilmainen
1878124-7,Aurinkotiimi Avoin yhtiö,Avoin yhtiö,"Koiskalantie 293, 15320 Lahti",Lahti,ilmainen
1880091-1,PrimeSoft Consulting Oy,Osakeyhtiö,"Kiislakuja 9, 02880 Veikkola",Veikkola,ilmainen
1880864-9,Nedervetil Bokföringsbyrå Ab - Alavetelin Tilitoimisto Oy,Osakeyhtiö,"Strandbrinksvägen 2, 68410 Alaveteli",Alaveteli,ilmainen
1881034-3,eMatic Oy,Osakeyhtiö,"Koulukatu 14, 60100 Seinäjoki",Seinäjoki,ilmainen
1881222-6,KMM-Yrityspalvelut Oy,Osakeyhtiö,"Sitratie 7, 00420 Helsinki",Helsinki,ilmainen
1882232-8,Tilitoimisto Memeri Oy,Osakeyhtiö,"Suurlohjankatu 14, 08100 Lohja",Lohja,ilmainen
1882541-4,TiliSävel Oy,Osakeyhtiö,"Riippusillantie 5, 44800 Pihtipudas",Pihtipudas,ilmainen
1884390-3,Tilitoimisto S2 Oy,Osakeyhtiö,"Lämmittäjänkatu 4 B, 00880 Helsinki",Helsinki,ilmainen
1884434-0,Tuloslinkki Oy,Osakeyhtiö,"Vesijärvenkatu 9 C, 15140 Lahti",Lahti,ilmainen
1886620-8,Kaisa Liinamaa Oy,Osakeyhtiö,"Niskakankaantie 244, 85500 Nivala",Nivala,ilmainen
1891010-9,Laskenta Vaskivuori Oy,Osakeyhtiö,"Korkeavuorenkatu 7 A, 00140 Helsinki",Helsinki,ilmainen
1893978-8,Tilitoimisto Vuorisalo Oy,Osakeyhtiö,"Rantatie 29, 33250 Tampere",Tampere,ilmainen
1894346-1,Laskentavalio Ky,Kommandiittiyhtiö,"Pirttiahontie 24, 52620 Kuitula",Kuitula,ilmainen
1897080-6,ProEventus Oy,Osakeyhtiö,"Korpikyläntie 77, 15880 Hollola",Hollola,ilmainen
1898605-8,Tilitoimisto Yli-Rahko Oy,Osakeyhtiö,"Horsmakuja 10, 01300 Vantaa",Vantaa,ilmainen
1899841-1,KLT-Tiimi Lea Liikala Ky,Kommandiittiyhtiö,"Äyritie 8 E, 01510 Vantaa",Vantaa,ilmainen
1901230-0,Yrityskonsultointi Anne Suominen Oy,Osakeyhtiö,"Yläneentie 16, 27600 Hinnerjoki",Hinnerjoki,ilmainen
1901621-3,Koontia Oy,Osakeyhtiö,"Vanhatie 6 L, 91600 Utajärvi",Utajärvi,ilmainen
1901651-2,Tilius Oy,Osakeyhtiö,"Limingantie 99, 00560 Helsinki",Helsinki,ilmainen
1903037-3,Cimson Yrityspalvelut Oy,Osakeyhtiö,"Väinönkatu 26 A, 40100 Jyväskylä",Jyväskylä,ilmainen
1903062-1,Tilipalvelu TJ Oy,Osakeyhtiö,"Lintulahdenkatu 6 A, 00500 Helsinki",Helsinki,ilmainen
1903757-5,TiliMEMO Oy,Kommandiittiyhtiö,"Viestikatu 7 C, 70600 Kuopio",Kuopio,ilmainen
1904030-1,PM-Laskenta Oy,Kommandiittiyhtiö,"Olavinkatu 18 lh., 57130 Savonlinna",Savonlinna,ilmainen
1904758-9,Consile Oy,Osakeyhtiö,"Klaavuntie 13 A, 00910 Helsinki",Helsinki,ilmainen
1905099-9,Tilituulos Oy,Osakeyhtiö,"Pannujärventie 12, 14820 Tuulos",Tuulos,ilmainen
1905233-7,AP - Business Oy,Osakeyhtiö,"Läyliäistenraitti 96, 12600 Läyliäinen",Läyliäinen,ilmainen
1907039-1,Tilitoimisto Balanssi Oy,Kommandiittiyhtiö,"Olavinkatu 13, 57130 Savonlinna",Savonlinna,ilmainen
1908262-4,Tilitoimisto HaukanKatse Oy,Osakeyhtiö,"Askonkatu 9 C, 15100 Lahti",Lahti,ilmainen
1911465-7,Oy Rhonda Services Ab,Osakeyhtiö,"Kauppakatu 35, 60100 Seinäjoki",Seinäjoki,ilmainen
1911789-0,Pälkäneen Tili ja Isännöinti Lehtonen & Lahti,Avoin yhtiö,"Varantie 16 A, 37630 Valkeakoski",Valkeakoski,ilmainen
1912089-7,Oy Kimitoöns Saldare Ab,Osakeyhtiö,"Redaktörsvägen 2, 25700 Kemiö",Kemiö,ilmainen
1913274-0,Tilitoimisto Eee-Jii Ky,Kommandiittiyhtiö,"Kuhmontie 265 B, 88640 Ontojoki",Ontojoki,ilmainen
1914575-2,Tili- ja veropalvelu Sedax Oy,Kommandiittiyhtiö,"Munkkaantie 14 C, 08500 Lohja",Lohja,ilmainen
1914822-4,Addebito Oy,Osakeyhtiö,"Neljäs Linja 17-19 L, 00530 Helsinki",Helsinki,ilmainen
1914975-3,Remakon Oy,Kommandiittiyhtiö,"Nousunlahdentie 474, 63900 Myllymäki",Myllymäki,ilmainen
1919594-4,Relipe Oy,Osakeyhtiö,"Metsolantie 7 A, 01450 Vantaa",Vantaa,ilmainen
1922718-4,Amered Ab,Osakeyhtiö,"Brinkgränd 19, 22240 Hammarland",Hammarland,ilmainen
1923118-3,Tilipalvelu J. Taimi Ky,Kommandiittiyhtiö,"Klaneettitie 6-8 A, 00420 Helsinki",Helsinki,ilmainen
1923998-6,Taloustiimi D & C Oy,Osakeyhtiö,"Keinutie 9 B, 00940 Helsinki",Helsinki,ilmainen
1925571-6,Tili- ja Yrityspalvelu A. Jantunen Ky,Kommandiittiyhtiö,"Otavankatu 11, 28100 Pori",Pori,ilmainen
1925808-7,Provex Oy,Osakeyhtiö,"Papinkatu 21 lh., 33200 Tampere",Tampere,ilmainen
1926477-8,Reviplan Oy,Osakeyhtiö,"Vaasantie 11, 60100 Seinäjoki",Seinäjoki,ilmainen
1928331-1,Owen MC Oy,Osakeyhtiö,,,ilmainen
1929631-5,Tilitoimisto Pukki & Kaitajärvi Oy,Osakeyhtiö,"Sammonaukio 4, 48600 Kotka",Kotka,ilmainen
1929883-9,Soppeenmäen Tili Ky,Kommandiittiyhtiö,"Korventie 15, 33470 Ylöjärvi",Ylöjärvi,ilmainen
1931035-9,Datma-Tilit Oy,Osakeyhtiö,"Sorvaajankatu 9 A, 00880 Helsinki",Helsinki,ilmainen
1932230-9,TILIPLANET OY,Osakeyhtiö,"Riipiläntie 98, 01760 Vantaa",Vantaa,ilmainen
1932917-2,Andelslaget Kimitoöns Skattetjänst,Osuuskunta,"Engelsbyvägen 8, 25700 Kemiö",Kemiö,ilmainen
1935302-5,Pirca Oy,Osakeyhtiö,"Louhelantie 1 G, 01600 Vantaa",Vantaa,ilmainen
1935329-5,GHS PALVELU OY,Osakeyhtiö,"Immulantie 116, 08500 Lohja",Lohja,ilmainen
1935644-5,Salon Tilitieto Oy,Osakeyhtiö,"Turuntie 20, 24240 Salo",Salo,ilmainen
1937918-8,Öppet bolag Skärgårdsservice PHC,Avoin yhtiö,"Björkövägen 931, 65870 Björköby",Björköby,ilmainen
1938638-8,Kauppatorin Taloushallinto Oy,Osakeyhtiö,"Kuortaneenkatu 7, 00520 Helsinki",Helsinki,ilmainen
1940754-8,Yrityspalvelu ProAcc Ky,Kommandiittiyhtiö,"Hirsalantie 11, 02420 Jorvas",Jorvas,ilmainen
1941256-6,Oy Tilitoimisto Addit Ab,Osakeyhtiö,"Munkkiniemen Puistotie 7 A, 00330 Helsinki",Helsinki,ilmainen
1943044-9,Oy Sercoma Ab,Osakeyhtiö,"Koulukatu 9, 21600 Parainen",Parainen,ilmainen
1943818-4,Jyväskylän Tilitoimistopalvelut Oy,Osakeyhtiö,"Suomäentie 28, 40660 Jyväskylä",Jyväskylä,ilmainen
1944137-5,Palvelutoimisto Jaha avoin yhtiö,Avoin yhtiö,"Keskustie 57, 63100 Kuortane",Kuortane,ilmainen
1945225-0,Tili-Kunnas Oy,Osakeyhtiö,"Hilkankatu 4, 29200 Harjavalta",Harjavalta,ilmainen
1945718-2,Yläneen Tili ja Kiinteistö Oy,Osakeyhtiö,"Haverintie 13, 21900 Yläne",Yläne,ilmainen
1948259-9,Tilitoimisto VIP Oy,Osakeyhtiö,"Sörnäisten Rantatie 33 C, 00500 Helsinki",Helsinki,ilmainen
1948283-9,EIRATILI OY,Osakeyhtiö,"Vetokuja 4, 01610 Vantaa",Vantaa,ilmainen
1949388-8,Tilitoimisto KP-Liikepalvelut Oy,Kommandiittiyhtiö,"Vasarakatu 27 B, 40320 Jyväskylä",Jyväskylä,ilmainen
1950705-5,Yrityspalvelu ProTilit Oy,Osakeyhtiö,"Kalevantie 9, 37800 Akaa",Akaa,ilmainen
1952999-1,ProController Finland Oy,Osakeyhtiö,"Uusi-Nuuttilantie 75, 17630 Vesijako",Vesijako,ilmainen
1954359-0,Pohjolan Tilipalvelu Oy,Osakeyhtiö,"Opintie 3, 95700 Pello",Pello,ilmainen
1955477-5,Ruustili Oy,Osakeyhtiö,"Alitie 7, 69510 Halsua",Halsua,ilmainen
1956811-4,Duo-Tilit Oy,Kommandiittiyhtiö,"Lappeentie 53, 00950 Helsinki",Helsinki,ilmainen
1959049-3,Bilanssi Tax Oy,Osakeyhtiö,"Mannerheimintie 15a B, 00260 Helsinki",Helsinki,ilmainen
1960153-5,Kuomion Kirjanpito Oy,Osakeyhtiö,"Niementie 11 B, 52780 Kuomiokoski",Kuomiokoski,ilmainen
1962031-4,Ezy Accounting Oy,Osakeyhtiö,"Valimotie 17-19, 00380 Helsinki",Helsinki,ilmainen
1962726-8,Oy Wallinkoski Ab,Osakeyhtiö,"Annankatu 3 A, 20100 Turku",Turku,ilmainen
1962964-2,PROFIT & BALANC Ky Fin,Kommandiittiyhtiö,"Turuntie 29 lh., 13130 Hämeenlinna",Hämeenlinna,ilmainen
1964146-5,Tilitoimisto Päivi Pirskanen Avoin yhtiö,Avoin yhtiö,"Raivantie 31, 01860 Perttula",Perttula,ilmainen
1964455-1,Tili-Eurot Oy,Osakeyhtiö,"Nybyggetintie 1, 01200 Vantaa",Vantaa,ilmainen
1964613-5,Pirkanmaan Palkkapalvelu Ky,Kommandiittiyhtiö,"Tangotie 6, 39200 Kyröskoski",Kyröskoski,ilmainen
1964707-4,Tilitoimisto Mappi A Oy,Osakeyhtiö,00251 Helsinki,Helsinki,ilmainen
1965564-8,Kirjanpito JaMarKos Oy,Osakeyhtiö,"Sananjalantie 6 G, 01350 Vantaa",Vantaa,ilmainen
1965639-2,TK-urakointi Oy,Osakeyhtiö,"Tuomikuja 3 A, 28400 Ulvila",Ulvila,ilmainen
1967736-1,Bokföringssällskapet i Finland Ab,Osakeyhtiö,"Mjölvägen 2, 68910 Pännäinen",Pännäinen,ilmainen
1970325-9,Tilipalvelu Jouni Korhonen Oy,Osakeyhtiö,"Kuurnantie 7, 87200 Kajaani",Kajaani,ilmainen
1971161-1,Adcount Oy,Osakeyhtiö,"Mannerheimintie 12 B, 00100 Helsinki",Helsinki,ilmainen
1974392-0,ServCount Oy,Osakeyhtiö,"Metsäkuja 59, 02400 Kirkkonummi",Kirkkonummi,ilmainen
1974997-8,TILITOIMISTO ROI TILIKUNTO KY,Kommandiittiyhtiö,"Karvontie 21 A, 96600 Rovaniemi",Rovaniemi,ilmainen
1979984-4,PK Controller Oy,Kommandiittiyhtiö,"Kalevanpuisto 56, 28120 Pori",Pori,ilmainen
1983296-6,Scandinavia Star Oy,Osakeyhtiö,"Matinlahdenkatu 2 D, 02230 Espoo",Espoo,ilmainen
1983310-9,L&S Tilipalvelu Oy,Osakeyhtiö,"Multavierunkatu 1 lh., 20100 Turku",Turku,ilmainen
1983854-0,Tili Galaksi Oy,Osakeyhtiö,"Lahdenniementie 27, 31700 Urjala As",Urjala As,ilmainen
1986712-2,Laskentakuutio Oy,Osakeyhtiö,"Osmontie 47 M, 00610 Helsinki",Helsinki,ilmainen
1993114-7,ARTOFBUSINESS OY,Osakeyhtiö,"Käenkuja 8 A, 00500 Helsinki",Helsinki,ilmainen
1993460-4,Finmerana Oy,Osakeyhtiö,"Marjomäentie 73, 71840 Kuuslahti",Kuuslahti,ilmainen
1993692-5,Tilikirjurit Oy,Osakeyhtiö,04401 Järvenpää,Järvenpää,ilmainen
1995325-8,Yrityspalvelut Lintusalo Oy,Osakeyhtiö,"Putouskuja 2 D, 01600 Vantaa",Vantaa,ilmainen
2002732-3,Tilitoimistopalvelut S.A. Oy,Osakeyhtiö,00101 Helsinki,Helsinki,ilmainen
2003402-1,Suomen Säätiötilipalvelu Oy,Osakeyhtiö,"Annankatu 31-33 C, 00100 Helsinki",Helsinki,ilmainen
2005511-3,Ekonomax Öppet bolag - Avoin yhtiö,Avoin yhtiö,"Björknäsgatan 14, 10600 Tammisaari",Tammisaari,ilmainen
2006499-2,SoftQA Oy,Osakeyhtiö,"Norotie 7, 01600 Vantaa",Vantaa,ilmainen
2006721-0,Actora Oy,Osakeyhtiö,"Sannitie 2, 94450 Keminmaa",Keminmaa,ilmainen
2008013-2,Latu Invest Oy,Osakeyhtiö,"Lyötynkatu 3, 90100 Oulu",Oulu,ilmainen
2008041-5,AC Laskenta Oy,Osakeyhtiö,"Suojärventie 131, 58410 Haapakallio",Haapakallio,ilmainen
2011149-6,Talousverkko Savonlinna Oy,Osakeyhtiö,"Lemminkäisenkatu 1, 57200 Savonlinna",Savonlinna,ilmainen
2012530-2,Oy Actire Ab,Osakeyhtiö,"Jäspilänkatu 18, 04250 Kerava",Kerava,ilmainen
2012603-0,Tili ja Isännöinti Oksman Oy,Osakeyhtiö,"Pankkitie 6 A, 72100 Karttula",Karttula,ilmainen
2013262-5,Tili-Lahti Oy,Osakeyhtiö,"Tuulimyllyntie 8 A, 00920 Helsinki",Helsinki,ilmainen
2014118-5,Sarvi Helsinki Oy,Osakeyhtiö,"Palkollisentie 16 A, 02780 Espoo",Espoo,ilmainen
2015863-0,Aitolampi Oy,Osakeyhtiö,"Alakyläntie 9, 20780 Kaarina",Kaarina,ilmainen
2017248-3,AAX Oy,Osakeyhtiö,"Leipälänhaara 66, 16350 Niinikoski",Niinikoski,ilmainen
2018969-9,ProTalous Oy,Osakeyhtiö,"Pormestarinkatu 6, 53100 Lappeenranta",Lappeenranta,ilmainen
2024101-2,Hampun palvelupiste avoin yhtiö,Avoin yhtiö,"Kultasepänkatu 1 A, 04250 Kerava",Kerava,ilmainen
2024464-3,Tilitoimisto Anne Ikonen Oy,Osakeyhtiö,"Salmelantie 3, 04500 Kellokoski",Kellokoski,ilmainen
2025938-6,Kautio Oy,Osakeyhtiö,"Kutojantie 6-8, 02630 Espoo",Espoo,ilmainen
2027903-7,Tilitoimisto Iso-Erkki Oy,Osakeyhtiö,"Päiviöntie 7, 35990 Kolho",Kolho,ilmainen
2029997-8,Tilipalvelu Kiviharju Ky,Kommandiittiyhtiö,"Sahakatu 14, 38700 Kankaanpää",Kankaanpää,ilmainen
2031886-8,Stratebility Oy,Osakeyhtiö,"Karibianranta 4 B, 00220 Helsinki",Helsinki,ilmainen
2032733-4,Aallos Oy,Osakeyhtiö,"Lintuvaarantie 19, 02650 Espoo",Espoo,ilmainen
2033504-3,Tilimast Oy,Osakeyhtiö,"Arinatie 4 B, 00370 Helsinki",Helsinki,ilmainen
2034420-6,Wiira Palvelut Oy,Osakeyhtiö,"Madetie 4 A, 02170 Espoo",Espoo,ilmainen
2035583-7,Tilitoimisto E. Haarala Bokföring Oy,Osakeyhtiö,"Panimontie 17, 65230 Vaasa",Vaasa,ilmainen
2036208-4,JEK-Tilit Oy,Osakeyhtiö,"Torniontie 23 B, 95700 Pello",Pello,ilmainen
2037089-3,Admin Partners Oy,Kommandiittiyhtiö,"Peurankatu 20, 24100 Salo",Salo,ilmainen
2037741-1,Yrityspalvelu Hollström Oy,Osakeyhtiö,"Rödsöntie 102, 67400 Kokkola",Kokkola,ilmainen
2038009-8,Suonenjoen Tiliasema Oy,Osakeyhtiö,"Auratie 1 A, 77600 Suonenjoki",Suonenjoki,ilmainen
2039926-6,Laskenta-Laitinen Oy,Osakeyhtiö,"Olavinkatu 36 lh., 57130 Savonlinna",Savonlinna,ilmainen
2041102-6,KL-Accounts Ky,Kommandiittiyhtiö,"Pikkalanlähteenkatu 15, 53500 Lappeenranta",Lappeenranta,ilmainen
2046658-8,Helsingin Yrityspalvelukeskus Oy,Osakeyhtiö,"Kinaporinkatu 1 C, 00500 Helsinki",Helsinki,ilmainen
2047226-7,Provero Oy,Osakeyhtiö,"Kauppakatu 8 B, 11100 Riihimäki",Riihimäki,ilmainen
2047719-9,Kiinteistö Oy Helsingin Mekaanikonkatu 13,Osakeyhtiö,"Mekaanikonkatu 13, 00880 Helsinki",Helsinki,ilmainen
2048669-3,Tilitoimisto Tiihonen Ky,Kommandiittiyhtiö,"Laakkolantie 462, 57230 Savonlinna",Savonlinna,ilmainen
2048830-6,Tilitoimistopalvelut Heidi Laakkonen Ky,Kommandiittiyhtiö,"Malminsuontie 4, 49220 Siltakylä",Siltakylä,ilmainen
2049168-7,FinSolution Ky Timo Tiilikka,Kommandiittiyhtiö,"Lumikonkatu 1 C, 20240 Turku",Turku,ilmainen
2051161-7,Jom-Art Oy,Osakeyhtiö,"Sähköttäjänkatu 2 E, 00520 Helsinki",Helsinki,ilmainen
2053817-4,Sjöholm Accounting & Consulting Ky,Kommandiittiyhtiö,"Ruotsinsalmenkatu 2 B, 20240 Turku",Turku,ilmainen
2056525-2,Tilitoimisto Melco Oy,Osakeyhtiö,"Revontulentie 1 lh., 02100 Espoo",Espoo,ilmainen
2057947-8,Sanbon Oy,Osakeyhtiö,"Valtakatu 2 lh., 28100 Pori",Pori,ilmainen
2058106-8,Tilitoimisto Eva Hyvönen Oy,Osakeyhtiö,"Punavuorenkatu 22, 00150 Helsinki",Helsinki,ilmainen
2058385-6,JES Saneeraus Oy,Osakeyhtiö,"Listatie 23, 90800 Oulu",Oulu,ilmainen
2058787-3,Laskimo Palvelut Oy,Osakeyhtiö,"Joki-Sairilantie 21 B, 50180 Mikkeli",Mikkeli,ilmainen
2059609-1,Relion Savonlinna Oy,Osakeyhtiö,"Puistokatu 3, 57100 Savonlinna",Savonlinna,ilmainen
2059989-0,Tilitoimisto Centimo Oy,Osakeyhtiö,"Opastinsilta 3 lt., 00520 Helsinki",Helsinki,ilmainen
2060005-4,Seuraamo Oy,Osakeyhtiö,"Teerisuonkuja 1 A, 00700 Helsinki",Helsinki,ilmainen
2060024-9,Nordic Sihai Oy,Osakeyhtiö,"Sienitie 43 F, 00760 Helsinki",Helsinki,ilmainen
2060831-2,Talouspalvelu Virta Ky,Kommandiittiyhtiö,"Puistokatu 2 C, 40100 Jyväskylä",Jyväskylä,ilmainen
2061438-4,Tilitoimisto Nestori Oy,Osakeyhtiö,"Tasalanaukio 7, 21200 Raisio",Raisio,ilmainen
2062605-1,Tilitoimisto Anne Virkki Ky,Kommandiittiyhtiö,"Hakalankuja 16, 07190 Halkia",Halkia,ilmainen
2063435-0,Tilipalvelu Haverinen Ky,Kommandiittiyhtiö,"Maununkatu 7 A, 37100 Nokia",Nokia,ilmainen
2064391-9,Tilihelppi Oy,Osakeyhtiö,"Kenraalintie 10, 46800 Myllykoski",Myllykoski,ilmainen
2068830-8,Tilitoimisto Tilmed Ky,Kommandiittiyhtiö,"Yrttimaa 4, 90810 Kiviniemi",Kiviniemi,ilmainen
2070284-3,Tilikaakkuri Oy,Osakeyhtiö,"Kollarintie 32, 04390 Jäniksenlinna",Jäniksenlinna,ilmainen
2070719-3,Tallos Oy,Osakeyhtiö,"Finlaysoninkatu 4 B, 33210 Tampere",Tampere,ilmainen
2071121-3,Toimistotiimi Bello Forma Oy,Osakeyhtiö,"Vesijärvenkatu 9 C, 15140 Lahti",Lahti,ilmainen
2071514-2,Laskenta ja konsultointi Kilpeläinen Oy,Osakeyhtiö,"Voionmaankatu 16 A, 40700 Jyväskylä",Jyväskylä,ilmainen
2071831-9,Adiacom Laskenta Oy,Osakeyhtiö,"Ounasvaarantie 5 C, 00970 Helsinki",Helsinki,ilmainen
2071865-0,ISS Palvelut Holding Oy,Osakeyhtiö,"Karvaamokuja 2 A, 00380 Helsinki",Helsinki,ilmainen
2072575-4,JADALUX OY,Osakeyhtiö,"Lappeentie 18, 00950 Helsinki",Helsinki,ilmainen
2072988-6,Revisionsbyrå Erika Sjölund Ab,Osakeyhtiö,"Strandnäsvägen 61, 22630 Lumparland",Lumparland,ilmainen
2074749-4,Oy Tainaniemela.fi,Osakeyhtiö,"Purokatu 25, 20810 Turku",Turku,ilmainen
2075672-9,Tilititii Oy,Osakeyhtiö,"Sointulanraitti 2, 34600 Ruovesi",Ruovesi,ilmainen
2075682-5,Yrityspalvelu Nykänen Oy,Osakeyhtiö,"Keskuskatu 12 lh., 76100 Pieksämäki",Pieksämäki,ilmainen
2076158-7,Vihanto palvelut Oy,Osakeyhtiö,"Jäspilänkatu 19 B, 04250 Kerava",Kerava,ilmainen
2077196-1,SuvasjPehtoori Avoin yhtiö,Avoin yhtiö,"Vehmersalmenkatu 36 lh., 71310 Vehmersalmi",Vehmersalmi,ilmainen
2078264-4,Tili Brahe Ky,Kommandiittiyhtiö,"Levauksentie 58 as., 21330 Paattinen",Paattinen,ilmainen
2078468-2,JOTilipalvelu Oy,Osakeyhtiö,"Inkilänmäenkatu 22 A, 70340 Kuopio",Kuopio,ilmainen
2079465-3,Tilitoimisto Pukki Oy,Osakeyhtiö,"Sammonaukio 4, 48600 Kotka",Kotka,ilmainen
2079888-1,SandA Oy,Osakeyhtiö,"Vetehisentie 7 A, 04230 Kerava",Kerava,ilmainen
2079891-0,Fortum Asiakaspalvelu Oy,Osakeyhtiö,"Keilalahdentie 2-4, 02150 Espoo",Espoo,ilmainen
2080382-0,PK Economics Oy,Osakeyhtiö,"Pruukintie 19, 25570 Teijo",Teijo,ilmainen
2080776-8,Tiligo Oy,Osakeyhtiö,"Ruotsinkyläntie 90, 04360 Tuusula",Tuusula,ilmainen
2080876-0,Laskentaneliö Oy,Osakeyhtiö,"Mikonkatu 1 B, 50100 Mikkeli",Mikkeli,ilmainen
2080914-9,KAP-Laskenta Oy,Osakeyhtiö,"Viertokuja 2 A, 06400 Porvoo",Porvoo,ilmainen
2083367-5,KP Tili ja Konsultointi KY,Kommandiittiyhtiö,"Laiduntie 5, 01900 Nurmijärvi",Nurmijärvi,ilmainen
2083419-2,Jaakko Haavisto Oy,Osakeyhtiö,"Saarenpääntie 5, 62100 Lapua",Lapua,ilmainen
2084453-4,Sallaiset Tilit Ky,Kommandiittiyhtiö,"Kuusamontie 16, 98900 Salla",Salla,ilmainen
2084475-3,Neuvonta- ja Tilipalvelu Petri Ollinkoski avoin yhtiö,Avoin yhtiö,"Holmanperäntie 384, 61650 Kalakoski",Kalakoski,ilmainen
2084938-6,Laskentavarat Oy,Osakeyhtiö,"Pisantie 13, 73300 Nilsiä",Nilsiä,ilmainen
2086286-3,Tili-Marke Oy,Osakeyhtiö,"Läntinen Suursuonkuja 3 A, 04130 Sipoo",Sipoo,ilmainen
2087460-2,Tili-Liisa Oy,Osakeyhtiö,"Vaasantie 1103, 61350 Huissi",Huissi,ilmainen
2088194-1,"WTS GmbH, Suomen sivuliike",Sivuliike,"Mannerheimintie 12 B, 00100 Helsinki",Helsinki,ilmainen
2088237-0,TURUN TILITALO OY,Osakeyhtiö,"Verstaskatu 2, 20360 Turku",Turku,ilmainen
2092181-9,Vehmaan Tilitiimi Oy,Osakeyhtiö,"Vinkkiläntie 42, 23200 Vinkkilä",Vinkkilä,ilmainen
2092247-5,Ecom Tilit Oy,Osakeyhtiö,"Lemminkäisenkatu 32, 20520 Turku",Turku,ilmainen
2092436-6,LAIVU OY,Osakeyhtiö,"Pyhän Katariinan Tie 360, 20760 Piispanristi",Piispanristi,ilmainen
2093469-5,Tilipalvelu Taina Urho Ky,Kommandiittiyhtiö,"Nuutinkulmantie 170, 30100 Forssa",Forssa,ilmainen
2095077-5,SFG Finance Oy,Osakeyhtiö,"Keilaranta 1, 02150 Espoo",Espoo,ilmainen
2095476-8,CaroNome Toimitilat Oy,Osakeyhtiö,"Eestinkyläntie 87, 02480 Kirkkonummi",Kirkkonummi,ilmainen
2095667-5,Avoin Yhtiö tupla O,Avoin yhtiö,"Kaihlamäentie 109, 43500 Karstula",Karstula,ilmainen
2096448-0,Ajantasa Tilit Oy,Osakeyhtiö,"Linnankatu 52 A, 20100 Turku",Turku,ilmainen
2097557-7,Stedt Oy,Osakeyhtiö,"Kettämöntie 55, 82210 Suhmura",Suhmura,ilmainen
2112506-4,Finland Pharmacy Company Oy,Osakeyhtiö,70781 Kuopio,Kuopio,ilmainen
2113238-7,Mäntän Tilipalvelu Ky,Kommandiittiyhtiö,"Rinnepolku 3, 35820 Mänttä",Mänttä,ilmainen
2113836-7,Osakeyhtiö D-Major,Osakeyhtiö,"Valkealantie 11, 00950 Helsinki",Helsinki,ilmainen
2114083-8,Viveno Oy,Osakeyhtiö,"Horsmakuja 4 B, 01300 Vantaa",Vantaa,ilmainen
2114620-1,Tilipalvelu Pirki Oy,Osakeyhtiö,"Leppälahdentie 217, 41450 Leppälahti",Leppälahti,ilmainen
2117792-1,Credix Consulting Oy,Osakeyhtiö,"Kaskihalme 1 R, 02340 Espoo",Espoo,ilmainen
2118048-5,Vantaan Laskenta Oy,Osakeyhtiö,"Kultasepänkatu 5 A, 04250 Kerava",Kerava,ilmainen
2118786-3,Tilikartano Oy,Osakeyhtiö,"Maaningantie 47, 71750 Maaninka",Maaninka,ilmainen
2119118-4,Seppo Luoto Ky,Kommandiittiyhtiö,"Alinentie 8, 27800 Säkylä",Säkylä,ilmainen
2123377-8,Tilitoimisto Rikata Oy,Osakeyhtiö,"Graanintie 5, 50190 Mikkeli",Mikkeli,ilmainen
2124103-0,Tilivuori Oy,Osakeyhtiö,"Juhonkuja 22, 80260 Joensuu",Joensuu,ilmainen
2124385-3,Profit Gate Oy,Osakeyhtiö,"Mäntynummentie 8, 08500 Lohja",Lohja,ilmainen
2124435-4,Laskentapalvelut Pesonen Oy,Osakeyhtiö,"Karhunhammas 8, 02810 Espoo",Espoo,ilmainen
2125117-5,Tilitoimisto Tulospuu Oy,Osakeyhtiö,"Käkeläntie 11, 16300 Orimattila",Orimattila,ilmainen
2126338-7,Leppälinna-Ahlborg Oy,Osakeyhtiö,"Kaarangantie 781, 63530 Länsikylä",Länsikylä,ilmainen
2126760-1,Pestatilit Oy,Osakeyhtiö,"Lapinkävijäntie 3, 96100 Rovaniemi",Rovaniemi,ilmainen
2126882-3,Penavat Avoin yhtiö,Avoin yhtiö,"Allintie 45, 48230 Kotka",Kotka,ilmainen
2130497-8,Tilitoimisto Centone Oy,Osakeyhtiö,"Vanha Porvoontie 9, 04600 Mäntsälä",Mäntsälä,ilmainen
2130749-0,Yrityspalvelu Simetra Oy,Osakeyhtiö,"Rauhalantie 4, 33480 Ylöjärvi",Ylöjärvi,ilmainen
2131205-4,ProTime Oy Tili ja Media,Osakeyhtiö,"Viikkalantie 74, 29250 Nakkila",Nakkila,ilmainen
2132284-2,ENTRIA OY,Osakeyhtiö,"Sapilastie 8, 00760 Helsinki",Helsinki,ilmainen
2133500-2,Tili-Finanssi Oy,Osakeyhtiö,"Riihipolku 7, 21250 Masku",Masku,ilmainen
2135771-1,Tilitoimisto Accounting House Oy,Osakeyhtiö,"Kirveskuja 2 B, 01650 Vantaa",Vantaa,ilmainen
2136325-7,Suomen Yrittäjäkeskus Oy,Osuuskunta,01621 Vantaa,Vantaa,ilmainen
2137864-3,Tipira Oy,Osakeyhtiö,"Hiekkalaiturintie 4, 00980 Helsinki",Helsinki,ilmainen
2139032-7,WISE MEN OY,Osakeyhtiö,"Kauppatie 1 A, 66400 Laihia",Laihia,ilmainen
2139069-3,Tilitoimisto MEPE Oy,Osakeyhtiö,"Puistokatu 5, 57100 Savonlinna",Savonlinna,ilmainen
2139318-1,Tili- ja yrityskonsultointi EiVi Ky,Kommandiittiyhtiö,"Lampikatu 15, 18100 Heinola",Heinola,ilmainen
2139763-3,EP-Tilipalvelu Ky,Kommandiittiyhtiö,"Hämeenpuisto 12 A, 33210 Tampere",Tampere,ilmainen
2139865-2,Pirkanmaan Talouspalvelut Oy,Osakeyhtiö,"Ylikoskenkuja 2, 39700 Parkano",Parkano,ilmainen
2141425-3,Tilitoimisto Heino Ky,Kommandiittiyhtiö,"Haarlantie 4, 25500 Perniö",Perniö,ilmainen
2141464-0,TiliVäre Ky,Kommandiittiyhtiö,"Rydberginkuja 1, 30100 Forssa",Forssa,ilmainen
2144989-4,Jauhosavikka Ky,Kommandiittiyhtiö,"Koloraudantie 15, 96460 Rovaniemi",Rovaniemi,ilmainen
2149256-9,Tilitoimisto Noste Oy,Osakeyhtiö,"Hämeentie 12, 31500 Koski Tl",Koski Tl,ilmainen
2150903-3,Es-Tilipalvelu Oy,Osakeyhtiö,"Asentajatie 4, 01800 Klaukkala",Klaukkala,ilmainen
2151306-7,Askolan Tili Oy,Osakeyhtiö,"Helkamäentie 15, 07230 Askola",Askola,ilmainen
2153553-0,Tilipalvelu Ojanne Oy,Osakeyhtiö,"Keskuskatu 28, 76100 Pieksämäki",Pieksämäki,ilmainen
2154254-6,ML Function Oy,Osakeyhtiö,"Savenvalajankatu 3, 20810 Turku",Turku,ilmainen
2155571-8,CW Företagstjänster Ab,Osakeyhtiö,"Sandbackavägen 6 C, 22150 Jomala",Jomala,ilmainen
2155884-7,Balart Oy,Osakeyhtiö,"Albert Petreliuksen Katu 3, 01370 Vantaa",Vantaa,ilmainen
2157419-3,EMU Growth Partners Oy,Osakeyhtiö,"Työpajankatu 13 A, 00580 Helsinki",Helsinki,ilmainen
2157820-7,Tase-X Oy,Osakeyhtiö,"Rautakiskonkuja 3 D, 02650 Espoo",Espoo,ilmainen
2158620-7,Maunulan Tilitoimisto Oy,Osakeyhtiö,"Kanneltie 12 B, 00420 Helsinki",Helsinki,ilmainen
2159837-1,TH-Tili ja Talouspalvelu Oy,Osakeyhtiö,"Vesijärvenkatu 9 C, 15140 Lahti",Lahti,ilmainen
2160084-9,Männistön Tilipalvelu Ky,Kommandiittiyhtiö,"Peltolantie 10 B, 01300 Vantaa",Vantaa,ilmainen
2160758-1,J. Baumgartner Oy Ab,Osakeyhtiö,"Smedsvägen 27, 07900 Loviisa",Loviisa,ilmainen
2160786-4,Tasekonttori Oy,Osakeyhtiö,"Isonnevantie 37 A, 00320 Helsinki",Helsinki,ilmainen
2161032-6,Nova Alandia Ab,Osakeyhtiö,"Blomstringevägen 12, 22150 Jomala",Jomala,ilmainen
2161334-0,RT-Tilipalvelu Oy,Osakeyhtiö,"Kvartsikuja 1, 20740 Turku",Turku,ilmainen
2162137-5,Noble Management & Invest Ab,Osakeyhtiö,"Fagerlundsvägen 128, 22410 Godby",Godby,ilmainen
2163020-4,AK-Kirjanpitopalvelut Oy,Osakeyhtiö,"Palstakatu 7-9, 11100 Riihimäki",Riihimäki,ilmainen
2163228-5,B-Mix Ab,Osakeyhtiö,"Norragatan 16 A, 22100 Mariehamn",Mariehamn,ilmainen
2164743-6,T & K Kilpi Ky,Avoin yhtiö,"Kielotie 18 B, 02260 Espoo",Espoo,ilmainen
2165184-9,Tilipuusti Oy,Osakeyhtiö,"Isoharjantie 4 B, 71870 Harjamäki",Harjamäki,ilmainen
2166442-0,Hangö Bokföringsbyrå Ab,Osakeyhtiö,"Esplanaden 36 A, 10940 Hangonkylä",Hangonkylä,ilmainen
2166649-3,Tili Finér Oy,Osakeyhtiö,"Suonpääntie 180, 03400 Vihti",Vihti,ilmainen
2168673-4,Tilityö Olari Oy,Osakeyhtiö,"Kauppakatu 4 as., 55120 Imatra",Imatra,ilmainen
2171774-8,Tilitoimisto Minna Väliaho Oy,Osakeyhtiö,"Torikatu 7, 38700 Kankaanpää",Kankaanpää,ilmainen
2173271-0,Solviken Ab,Osakeyhtiö,,,ilmainen
2173420-6,Rantsilan Tilitoimisto Oy,Osakeyhtiö,"Paavolantie 19 A, 92500 Rantsila",Rantsila,ilmainen
2174276-7,Kirea Oy,Osakeyhtiö,"Humaltarhantie 1 D, 06450 Porvoo",Porvoo,ilmainen
2176300-7,Tilitoimisto Peltokangas Oy,Osakeyhtiö,"Pyhän Katariinantie 7, 20780 Kaarina",Kaarina,ilmainen
2176341-0,Tilipuro Ky,Kommandiittiyhtiö,"Lössänvaarantie 606, 83870 Polvela",Polvela,ilmainen
2176496-6,Tilitoimisto Mika Niemi Oy,Osakeyhtiö,"Peltokukka 3, 02330 Espoo",Espoo,ilmainen
2176753-4,Aire Lahe Oy,Osakeyhtiö,"Pudasrinne 4 D, 01600 Vantaa",Vantaa,ilmainen
2177632-6,Tilitoimisto Satamatilit Oy,Osakeyhtiö,"Satamakatu 4, 74100 Iisalmi",Iisalmi,ilmainen
2178842-3,Locimuss Oy,Osakeyhtiö,"Jukajärventie 28a, 80910 Kulho",Kulho,ilmainen
2178922-3,Jämsän Tilikonsultointi Oy,Osakeyhtiö,"Koskentie 8, 42100 Jämsä",Jämsä,ilmainen
2179435-6,Reija Tiainen Oy,Osakeyhtiö,"Makslahdentie 19 A, 02140 Espoo",Espoo,ilmainen
2180146-4,Fortibus Oy,Osakeyhtiö,"Alasinkaari 7, 03100 Nummela",Nummela,ilmainen
2180780-7,PKL Yrityspalvelut Oy,Osakeyhtiö,"Itäinen Puistotie 4, 00140 Helsinki",Helsinki,ilmainen
2180977-3,Sujutax Oy,Osakeyhtiö,"Niittyojantie 46, 39310 Viljakkala",Viljakkala,ilmainen
2180989-6,Etelä-Savon Tili ja Laskenta Ky,Kommandiittiyhtiö,"Taavelintie 70, 50800 Mikkeli",Mikkeli,ilmainen
2181205-9,Suomen Lakitilitoimisto Oy,Osakeyhtiö,"Korkeemäenkatu 17 A, 37100 Nokia",Nokia,ilmainen
2181927-7,Tilitalo Emma Oy,Osakeyhtiö,"Rantakatu 3a, 04400 Järvenpää",Järvenpää,ilmainen
2183659-5,OTEX OY,Osakeyhtiö,"Kielotie 20, 01300 Vantaa",Vantaa,ilmainen
2184141-5,Tax Team Oy,Osakeyhtiö,"Annankatu 2 A, 00120 Helsinki",Helsinki,ilmainen
2185997-3,Tiliässät Oy Ab,Osakeyhtiö,"Itäinen Tullikatu 1 B, 07900 Loviisa",Loviisa,ilmainen
2187256-1,TILITIETO KORVENRANTA OY,Osakeyhtiö,"Liesniementie 30, 16600 Järvelä",Järvelä,ilmainen
2187400-6,Tilitoimisto Matti Otama Oy,Osakeyhtiö,"Pyhän Sigfridintie 13, 04130 Sipoo",Sipoo,ilmainen
2188086-0,TiliLaine Oy,Osakeyhtiö,"Osuustie 1 C, 04600 Mäntsälä",Mäntsälä,ilmainen
2188732-5,AL Tili & Serviisi Ky,Kommandiittiyhtiö,"Kehätie 29, 83900 Juuka",Juuka,ilmainen
2189226-3,Helsingin Revisor Oy,Osakeyhtiö,"Sinikalliontie 7, 02630 Espoo",Espoo,ilmainen
2189987-9,Tilitoimisto Esa Anttila Oy,Osakeyhtiö,"Virtatie 7, 84100 Ylivieska",Ylivieska,ilmainen
2193627-0,Digitase Oy,Osakeyhtiö,"Konepajankuja 1, 00510 Helsinki",Helsinki,ilmainen
2193668-4,Auranmaan Tilitiimi Oy,Osakeyhtiö,"Huuskantie 21, 21380 Aura",Aura,ilmainen
2194192-6,Suomen Tilikeskus Oy,Osakeyhtiö,"Isokatu 56, 90100 Oulu",Oulu,ilmainen
2195355-6,Laskentapalvelut Kari Pulkkinen Oy,Osakeyhtiö,"Joupinmäenrinne 4 C, 02760 Espoo",Espoo,ilmainen
2195743-4,Tilitoimisto A. Salminen Oy,Osakeyhtiö,"Artturintie 9, 36220 Kangasala",Kangasala,ilmainen
2197023-3,Rajakylän Tilit Oy,Osakeyhtiö,"Rajakyläntie 28 A, 01280 Vantaa",Vantaa,ilmainen
2197388-0,Primo Contanti Oy,Osakeyhtiö,"Lindforsinkatu 2, 33720 Tampere",Tampere,ilmainen
2198487-0,T-Piste Oy,Osakeyhtiö,"Hiekkakuja 1 D, 33230 Tampere",Tampere,ilmainen
2198668-1,Talouskonsultointi Mertaoja Oy,Osakeyhtiö,"Erottajankatu 9 A, 00130 Helsinki",Helsinki,ilmainen
2201827-9,Merit Line Oy,Osakeyhtiö,"Rantatie 1204, 27820 Säkylä",Säkylä,ilmainen
2202144-3,Offel Oy,Osakeyhtiö,"Puskiaistentie 245, 37560 Lempäälä",Lempäälä,ilmainen
2202502-2,Vasok Oy,Osakeyhtiö,"Kiertotie 7, 62900 Alajärvi",Alajärvi,ilmainen
2204956-9,Kiinteistö Oy Raadinkulma,Keskinäinen kiinteistöosakeyhtiö,"Kätönkatu 1, 87200 Kajaani",Kajaani,ilmainen
2206122-6,Tilipalvelu Häkkinen Oy,Osakeyhtiö,"Talvikkitie 30, 01300 Vantaa",Vantaa,ilmainen
2206878-6,Tamanja Oy,Osakeyhtiö,"Kråkbackvägen 137, 66140 Övermalax",Övermalax,ilmainen
2206974-6,Tilipalvelu Venemies Ky,Kommandiittiyhtiö,"Savontie 3 L, 52700 Mäntyharju",Mäntyharju,ilmainen
2207700-9,TM-Teema Group Ky,Kommandiittiyhtiö,"Sepänkyläntie 4, 65100 Vaasa",Vaasa,ilmainen
2207865-0,Suomen Frisbeevalmennus Oy,Osakeyhtiö,"Palmantie 4, 31400 Somero",Somero,ilmainen
2208487-4,Tuusniemen Tilitoimisto Ky,Kommandiittiyhtiö,"Russellahdentie 2 B, 71200 Tuusniemi",Tuusniemi,ilmainen
2208761-0,Oulun Etä-Apu Oy,Osakeyhtiö,"Pensaskatu 6 D, 33270 Tampere",Tampere,ilmainen
2208942-1,Taloushallinta Uniikki Oy,Osakeyhtiö,"Kaikukatu 4 C, 00530 Helsinki",Helsinki,ilmainen
2208955-2,Odlas Oy,Osakeyhtiö,"Puutarhatie 10, 02880 Veikkola",Veikkola,ilmainen
2208984-3,Tilitoimisto Resoma Oy,Osakeyhtiö,"Tasalanaukio 10, 21200 Raisio",Raisio,ilmainen
2209817-6,Tilipalvelu Anja Saarinen Oy,Osakeyhtiö,"Isokätöntie 3, 31640 Humppila",Humppila,ilmainen
2211415-6,FinEst Tili Oy,Osakeyhtiö,"Luuttukatu 26, 20400 Turku",Turku,ilmainen
2212744-0,LK Accounting Oy,Osakeyhtiö,"Iisakinperänkuja 10, 97130 Hirvas",Hirvas,ilmainen
2212794-2,Pomoton Oy,Osakeyhtiö,"Aleksinpolku 6 lt., 06100 Porvoo",Porvoo,ilmainen
2214080-5,Kauniston Tilipalvelut Ky,Kommandiittiyhtiö,"Vääräjärventie 560, 63300 Alavus",Alavus,ilmainen
2214785-5,Tilitoimisto Rönkkö Oy,Osakeyhtiö,"Petterintie 8 B, 74200 Vieremä",Vieremä,ilmainen
2215029-6,Tilitoimisto Maraton Oy,Osakeyhtiö,"Rautatienkatu 5 lh., 90100 Oulu",Oulu,ilmainen
2215140-8,Tili- ja turvapalvelut Rask Oy,Osakeyhtiö,"Altaintie 10b, 01390 Vantaa",Vantaa,ilmainen
2215818-3,Tilipalvelu Kallio Ky,Kommandiittiyhtiö,"Kivirannantie 7 B, 62375 Ylihärmä",Ylihärmä,ilmainen
2215884-5,AnOx Oy,Osakeyhtiö,"Santaholmankuja 2 E, 02160 Espoo",Espoo,ilmainen
2216588-5,Anniinan tiliapu Ky,Kommandiittiyhtiö,"Ylenjoentie 85, 31400 Somero",Somero,ilmainen
2217053-7,Tilialakärppä Oy,Osakeyhtiö,"Lehtorouskuntie 14 B, 90650 Oulu",Oulu,ilmainen
2217165-2,Antmile-Consulting Oy,Osakeyhtiö,"Kappelikuja 6 B, 02200 Espoo",Espoo,ilmainen
2217688-3,Fager Group Oy Ab,Osakeyhtiö,"Kunnaantie 18 A, 01370 Vantaa",Vantaa,ilmainen
2218194-9,Finntili Oy,Osakeyhtiö,"Sibeliuksenkatu 18, 04400 Järvenpää",Järvenpää,ilmainen
2218641-6,Rovaniemen Tilipiste Oy,Osakeyhtiö,"Kansankatu 13 B, 96100 Rovaniemi",Rovaniemi,ilmainen
2219290-4,"Bokföringsbyrå Stig Dahlström Ab, Kirjanpitotoimisto Stig Dahlström Oy",Osakeyhtiö,"Päivärintagatan 3 A, 00250 Helsinki",Helsinki,ilmainen
2220261-5,Tili-Pilkku Oy,Osakeyhtiö,"Maaherrankatu 25 C, 70100 Kuopio",Kuopio,ilmainen
2220278-9,Help-tilit ky,Kommandiittiyhtiö,"Vanha Lahdentie 78, 16310 Virenoja",Virenoja,ilmainen
2221889-5,Tilitoimisto Sirpamarjatta Oy,Osakeyhtiö,"Ahtialantie 137, 15320 Lahti",Lahti,ilmainen
2222166-4,Tilipalvelu Sertas Oy,Osakeyhtiö,"Jousitie 2 C, 20760 Piispanristi",Piispanristi,ilmainen
2222839-9,Aktiva Redovisning Åland Ab,Osakeyhtiö,"Tvärgränd 2, 22100 Mariehamn",Mariehamn,ilmainen
2223293-7,Fiscal Reps Finland Oy,Osakeyhtiö,"Unioninkatu 20-22, 00130 Helsinki",Helsinki,ilmainen
2224515-6,T.M.T. Account Balance Oy,Osakeyhtiö,"Mehtolantie 57, 14200 Turenki",Turenki,ilmainen
2225753-6,Kautto & Kananen Oy,Osakeyhtiö,"Kauppakatu 3 B, 80110 Joensuu",Joensuu,ilmainen
2226563-2,Ruoholahden Tili- ja Isännöintipalvelu Oy,Osakeyhtiö,"Oikokatu 11 B, 00170 Helsinki",Helsinki,ilmainen
2227723-8,View Group Oy,Osakeyhtiö,"Haarlankatu 4 C, 33230 Tampere",Tampere,ilmainen
2229165-4,Tilitähti Oy,Osakeyhtiö,"Kiertomäentie 9 E, 01260 Vantaa",Vantaa,ilmainen
2229408-9,Audendo Oy,Osakeyhtiö,"Kotiniitynkuja 4, 03100 Nummela",Nummela,ilmainen
2230439-8,Fortiplan Oy,Osakeyhtiö,"Alasinkaari 7, 03100 Nummela",Nummela,ilmainen
2230671-3,Tilitoimisto Arkadia Oy,Osakeyhtiö,"Kröötinkuja 4 G, 33730 Tampere",Tampere,ilmainen
2231658-3,Tili Uutterat Oy,Osakeyhtiö,"Tervashiekantie 92, 63700 Ähtäri",Ähtäri,ilmainen
2232450-8,Tilitoimisto Tammi Oy,Osakeyhtiö,"Vilhonvuorenkatu 7-9 E, 00500 Helsinki",Helsinki,ilmainen
2233596-0,Tili- ja Perintäpalvelu Briitta Kolehmainen Ky,Kommandiittiyhtiö,"Sonkalammentie 5, 97240 Sonka",Sonka,ilmainen
2233948-6,Profex Oy,Osakeyhtiö,"Äidinpolku 14, 27430 Panelia",Panelia,ilmainen
2235381-9,Alvema Oy,Osakeyhtiö,"Nurmeksentie 80, 73900 Rautavaara",Rautavaara,ilmainen
2237122-4,Tajcum Ab,Osakeyhtiö,"Södragatan 7 B, 22100 Mariehamn",Mariehamn,ilmainen
2237131-2,Adepta Oy,Osakeyhtiö,"Vakkapirtti 2, 41660 Toivakka",Toivakka,ilmainen
2237526-8,Tilihelmi Ky,Kommandiittiyhtiö,"Teknotalo 2 Q, 86600 Haapavesi",Haapavesi,ilmainen
2238135-0,Tarkastuslaskenta Mörk Oy,Osakeyhtiö,"Kumitehtaankatu 5, 04260 Kerava",Kerava,ilmainen
2238270-8,Tili- ja yrityspalvelut J&R Tolvanen Oy,Osakeyhtiö,"Syväojankatu 3 A, 87700 Kajaani",Kajaani,ilmainen
2240033-9,Calcutec Consulting Oy,Osakeyhtiö,"Vaajakoskentie 52 B, 40400 Jyväskylä",Jyväskylä,ilmainen
2240049-4,Leena Kempas Oy,Osakeyhtiö,"Kokkokallionkatu 13 A, 15170 Lahti",Lahti,ilmainen
2240780-5,KAHERA OY,Osakeyhtiö,"Kantolantie 922, 91140 Olhava",Olhava,ilmainen
2242349-3,Yrityspalvelu Kreditte Ky,Kommandiittiyhtiö,"Nahkelanmutka 9, 04350 Nahkela",Nahkela,ilmainen
2242418-9,HA Office Oy,Osakeyhtiö,"Suotie 5, 04340 Tuusula",Tuusula,ilmainen
2242465-6,Noormarkun Tiliassa Oy,Osakeyhtiö,"Kuurintie 1 P, 29600 Noormarkku",Noormarkku,ilmainen
2242592-3,Kultapuro Ky,Kommandiittiyhtiö,"Haapasuontie 257, 41370 Kuusa",Kuusa,ilmainen
2242676-6,OAJK Finance and Management Consulting Oy,Osakeyhtiö,"Purotie 3 E, 00380 Helsinki",Helsinki,ilmainen
2242943-0,Prudenssi Oy,Osakeyhtiö,"Steniuksentie 2 A, 00320 Helsinki",Helsinki,ilmainen
2243424-8,Esmassi Oy,Osakeyhtiö,"Korsikuja 5, 15860 Hollola",Hollola,ilmainen
2244190-7,Archipelago Capital Oy Ab,Osakeyhtiö,"Munkkentie 174, 21620 Kuusisto",Kuusisto,ilmainen
2244202-9,Baloc Ab,Osakeyhtiö,"Mörtvägen 15 B, 02170 Espoo",Espoo,ilmainen
2248378-7,Accenda Oy,Osakeyhtiö,"Pilvijärventie 15 A, 02480 Kirkkonummi",Kirkkonummi,ilmainen
2250102-5,Calculare Oy,Osakeyhtiö,90101 Oulu,Oulu,ilmainen
2250421-8,Tilitoimisto CH-account Oy Ab,Osakeyhtiö,"Uomakuja 5 A, 01600 Vantaa",Vantaa,ilmainen
2251353-6,Nova Accounting Oy,Osakeyhtiö,"Päivänkakkarantie 10, 02270 Espoo",Espoo,ilmainen
2251607-5,Netta Group Oy,Osakeyhtiö,"Hatanpään Valtatie 18, 33100 Tampere",Tampere,ilmainen
2253221-9,Tilipalvelu Hakkio Oy,Osakeyhtiö,"Soppeentie 2 B, 33470 Ylöjärvi",Ylöjärvi,ilmainen
2253236-6,Talisman Oy,Osakeyhtiö,"Haarakastie 35, 70800 Kuopio",Kuopio,ilmainen
2255578-7,Tilinpitotiimi Oy,Osakeyhtiö,"Kraftmanintie 8, 28610 Pori",Pori,ilmainen
2256983-9,Tilitoimisto Ravelin Oy,Osakeyhtiö,"Laivurinkatu 2-4, 95400 Tornio",Tornio,ilmainen
2257063-7,Yrityspalvelu ITU Oy,Osakeyhtiö,"Kylä-Karviantie 30 A, 39930 Karvia",Karvia,ilmainen
2257347-5,Tili-Tenhovalo Ky,Kommandiittiyhtiö,"Hommaksenkuja 4 C, 02430 Masala",Masala,ilmainen
2258945-0,Quaestura Oy,Osakeyhtiö,00751 Helsinki,Helsinki,ilmainen
2259341-7,Tiliporkkana Oy,Osakeyhtiö,"Valtakatu 52 B, 45700 Kuusankoski",Kuusankoski,ilmainen
2259493-8,Tilitoimisto Siilin Laskenta Ky,Kommandiittiyhtiö,"Toritie 8, 71800 Siilinjärvi",Siilinjärvi,ilmainen
2259681-0,JR Audit Oy Ab,Osakeyhtiö,"Saaristokatu 5 B, 65170 Vaasa",Vaasa,ilmainen
2260794-6,Tilitoimisto Kangasmäki Oy,Osakeyhtiö,"Huhmarvuorenkatu 2, 53300 Lappeenranta",Lappeenranta,ilmainen
2261209-1,Tilitoimisto Exakt Oy,Osakeyhtiö,"Hämeenlinnantie 18 A, 15800 Lahti",Lahti,ilmainen
2264271-7,KeStJoRo Ab,Osakeyhtiö,"Opistokatu 15, 65100 Vaasa",Vaasa,ilmainen
2266242-7,Balance O.N.E. Oy,Osakeyhtiö,"Rajalantie 149, 03250 Ojakkala",Ojakkala,ilmainen
2266876-5,Luumäen Tilipalvelu Oy,Osakeyhtiö,"Riihitie 1 B, 54500 Taavetti",Taavetti,ilmainen
2267127-8,Kinnulan Tilipalvelu Ky,Kommandiittiyhtiö,"Ammestie 9, 43900 Kinnula",Kinnula,ilmainen
2268582-1,Nurmijärven Tilikymppi Oy,Osakeyhtiö,"Vanha Myllytie 113, 01840 Klaukkala",Klaukkala,ilmainen
2269747-8,Tilipalvelu Elisa Ruinu Oy,Osakeyhtiö,"Satakunnankatu 35, 39700 Parkano",Parkano,ilmainen
2271204-1,Nummelan Tilikulma Oy,Osakeyhtiö,"Peräsimentie 8, 03100 Nummela",Nummela,ilmainen
2271357-0,Obsidea Oy,Osakeyhtiö,"Rautatienkatu 14 A, 33100 Tampere",Tampere,ilmainen
2271847-8,L S Kirjanpito Oy,Osakeyhtiö,"Kolkekannaksentie 1 D, 02940 Espoo",Espoo,ilmainen
2272745-4,Finvoicer Group Oy,Osakeyhtiö,"Puutarhakatu 53, 20100 Turku",Turku,ilmainen
2272844-9,TietoAkseli Group Oy,Osakeyhtiö,"Puistokatu 2 C, 40100 Jyväskylä",Jyväskylä,ilmainen
2273005-5,Haapalaskenta Oy,Osakeyhtiö,"Kauppakatu 11, 85800 Haapajärvi",Haapajärvi,ilmainen
2273730-2,Tilitoimisto Entitas Oy,Osakeyhtiö,"Näätäkuja 14, 00800 Helsinki",Helsinki,ilmainen
2273909-2,Losulting Ab,Osakeyhtiö,"Öurvägen 4, 66800 Oravainen",Oravainen,ilmainen
2274312-0,TrueThing Oy,Osakeyhtiö,"Viherkallionkuja 3 I, 02710 Espoo",Espoo,ilmainen
2275007-2,Tilitoimisto Totoro Ky,Kommandiittiyhtiö,"Hyvinkäänkatu 42, 05800 Hyvinkää",Hyvinkää,ilmainen
2275278-0,Marecon Consulting Oy,Osakeyhtiö,"Korteperäntie 127, 85210 Kähtävä",Kähtävä,ilmainen
2275489-0,Käpytili Oy,Osakeyhtiö,"Hiidenkirnujentie 142, 07530 Askola",Askola,ilmainen
2275715-1,Tili- ja Toimistopalvelu Sata-Euro Avoin yhtiö,Avoin yhtiö,"Pirkkalantie 34, 29200 Harjavalta",Harjavalta,ilmainen
2275846-1,Harkti Oy,Osakeyhtiö,"Urheilukatu 7 A, 81700 Lieksa",Lieksa,ilmainen
2276214-5,Tilitoimisto Accountix Oy,Osakeyhtiö,"Veitsitie 19 B, 01640 Vantaa",Vantaa,ilmainen
2276617-0,VB-Service Oy,Osakeyhtiö,"Annankatu 25 lh., 00100 Helsinki",Helsinki,ilmainen
2277292-5,Tasekettu Oy,Osakeyhtiö,"Jokiniementie 21 D, 00650 Helsinki",Helsinki,ilmainen
2277336-2,Tilipalvelu Eila Ahokas Oy,Osakeyhtiö,"Olavinkatu 61 A, 57100 Savonlinna",Savonlinna,ilmainen
2278624-3,Talousverkko Yritystilit Oy,Osakeyhtiö,"Varastokatu 4 H, 21200 Raisio",Raisio,ilmainen
2278632-3,Precise Oy Ab,Osakeyhtiö,"Hannuksenkuja 3 B, 02270 Espoo",Espoo,ilmainen
2278940-1,Tilitoimisto Tuula Kauppinen avoin yhtiö,Avoin yhtiö,"Pohjolankatu 9 B, 74100 Iisalmi",Iisalmi,ilmainen
2279609-7,Tilipalvelu Profitas Oy,Osakeyhtiö,"Donnerinkatu 5 A, 05800 Hyvinkää",Hyvinkää,ilmainen
2279972-2,Tilisampo Oy,Osakeyhtiö,"Antinkatu 3 D, 00100 Helsinki",Helsinki,ilmainen
2280626-7,Kosken TiliKiinteistö Oy,Osakeyhtiö,"Hämeentie 1, 31500 Koski Tl",Koski Tl,ilmainen
2281697-5,Marianu Oy,Osakeyhtiö,"Mölkkärinmäentie 65, 36340 Tohkala",Tohkala,ilmainen
2281900-9,SKK Palvelut Oy,Osakeyhtiö,"Järvihaantie 4 A, 01800 Klaukkala",Klaukkala,ilmainen
2283342-5,ATN-tilipalvelu Oy,Osakeyhtiö,"Särkilahdenkatu 1 B, 21200 Raisio",Raisio,ilmainen
2283904-2,Enni Isto Oy,Osakeyhtiö,"Turvekuja 3, 95410 Tornio",Tornio,ilmainen
2284833-6,Tilitoimisto Tilitehdas Oy,Osakeyhtiö,"Tekniikantie 14, 02150 Espoo",Espoo,ilmainen
2288033-6,GTR Global Tax Refund Oy,Osakeyhtiö,"Kalliokaivonmäki 4 B, 00570 Helsinki",Helsinki,ilmainen
2288183-0,Palvelupuu Oy,Osakeyhtiö,"Eskolantie 1, 00720 Helsinki",Helsinki,ilmainen
2289158-8,Oy Brajt Ab,Osakeyhtiö,"Lotsgatan 12 C, 00160 Helsinki",Helsinki,ilmainen
2289622-3,JN-Tilipalvelu Oy,Osakeyhtiö,"Sudenkatu 3 lt., 33520 Tampere",Tampere,ilmainen
2290287-3,Isännöinti- ja tilitoimisto Ertomax Oy,Osakeyhtiö,"Partontie 3, 38300 Sastamala",Sastamala,ilmainen
2291491-1,Alisa Accounting Oy,Osakeyhtiö,"Honkaportti 5 A, 02770 Espoo",Espoo,ilmainen
2291654-6,Positive Way Ky,Kommandiittiyhtiö,"Raiviontie 13, 00670 Helsinki",Helsinki,ilmainen
2293871-0,Länsi-Uudenmaan Laskenta ja Konsultointi Oy,Osakeyhtiö,"Maksjoentie 133, 08700 Lohja",Lohja,ilmainen
2294058-9,Talouspalvelut Niskakoski Oy,Osakeyhtiö,"Rajahongantie 48, 40530 Jyväskylä",Jyväskylä,ilmainen
2294370-4,Tilitoimisto Satu Mutta Ky,Kommandiittiyhtiö,"Viipurintie 36 B, 13210 Hämeenlinna",Hämeenlinna,ilmainen
2294502-1,Kuustilit Oy,Osakeyhtiö,"Paatsamantie 13 A, 25330 Kuusjoki",Kuusjoki,ilmainen
2294705-1,Sedum Consulting Oy Ab,Osakeyhtiö,"Kvarnbackavägen 256, 10230 Inkoo As",Inkoo As,ilmainen
2294981-5,Talousmylly Oy,Osakeyhtiö,"Hallainvuorentie 4 D, 00920 Helsinki",Helsinki,ilmainen
2295486-8,Reviq Ky,Kommandiittiyhtiö,"Kasinokuja 1 A, 04400 Järvenpää",Järvenpää,ilmainen
2297206-2,Tilipalvelu Saculus Ky,Kommandiittiyhtiö,"Käenkuja 3b A, 00500 Helsinki",Helsinki,ilmainen
2297824-5,Nover Ky,Kommandiittiyhtiö,"Hiekkaniementie 84, 43100 Saarijärvi",Saarijärvi,ilmainen
2300282-6,TTO-Tilit Oy,Osakeyhtiö,"Ranta-Tampellan Katu 3 A, 33180 Tampere",Tampere,ilmainen
2300908-3,Keski-Uudenmaan Tili avoin yhtiö,Avoin yhtiö,"Aliverstaankuja 3 A, 04500 Kellokoski",Kellokoski,ilmainen
2301265-3,Talousasema Laskenta Oy,Osakeyhtiö,"Saarijärventie 11 B, 70460 Kuopio",Kuopio,ilmainen
2301725-1,Balanssilaskenta Oy,Osakeyhtiö,"Kastevuorenkuja 4 B, 02360 Espoo",Espoo,ilmainen
2306944-9,Tili-Karvia Oy,Osakeyhtiö,"Kyläkarviantie 19, 39930 Karvia",Karvia,ilmainen
2307285-9,Tilitoimisto Meri-Kärnä Oy,Osakeyhtiö,"Väinöntie 11a, 01420 Vantaa",Vantaa,ilmainen
2307393-1,Econtro Oy,Osakeyhtiö,"Aarningonkatu 4, 26100 Rauma",Rauma,ilmainen
2307737-7,JP Tilipalvelu Oy,Osakeyhtiö,"Lehtoperäntie 642, 44860 Alvajärvi",Alvajärvi,ilmainen
2307738-5,Tilitoimisto Mansikka Oy,Osakeyhtiö,"Leppäsuonkatu 9 B, 00100 Helsinki",Helsinki,ilmainen
2308220-5,Accado Oy Ab,Osakeyhtiö,"Kappelitie 6, 02200 Espoo",Espoo,ilmainen
2308558-8,Tilipalvelu Reija Sahlberg Ky,Kommandiittiyhtiö,"Aleksis Kivenkatu 13 C, 05900 Hyvinkää",Hyvinkää,ilmainen
2308693-5,E-Talouspalvelut Oy,Osakeyhtiö,"Finlaysoninkuja 21 A, 33210 Tampere",Tampere,ilmainen
2309930-6,Inkeritili Oy,Osakeyhtiö,"Rönnberginkuja 9, 55510 Imatra",Imatra,ilmainen
2311634-8,TM-Tilipalvelu Oy,Osakeyhtiö,"Vetehisenkuja 9 A, 00530 Helsinki",Helsinki,ilmainen
2311655-9,Tilitoimisto Leena Nieminen Oy,Osakeyhtiö,"Puistokatu 14, 38200 Sastamala",Sastamala,ilmainen
2315099-2,Oy Nimetään Myöhemmin,Osakeyhtiö,"Ainikinpolku 5, 11120 Riihimäki",Riihimäki,ilmainen
2315209-0,Islanders Oy,Osakeyhtiö,"Kahvelitie 10 A, 02780 Espoo",Espoo,ilmainen
2316739-9,Tilitoimisto Arja Laitinen Oy,Osakeyhtiö,"Tarulantie 1 B, 88600 Sotkamo",Sotkamo,ilmainen
2317548-7,Palvaanniemen Tili Oy,Osakeyhtiö,"Kohmankaari 3, 33310 Tampere",Tampere,ilmainen
2320108-3,NK Bokföring Ab,Osakeyhtiö,"Larvvägen 18 B, 66580 Kuni",Kuni,ilmainen
2322093-8,Tili- ja Talouspalvelu Jouko Laaksonen Oy,Osakeyhtiö,"Rahkolankuja 1 B, 39500 Ikaalinen",Ikaalinen,ilmainen
2322334-6,Tilihallinta Oy Uusimaa,Osakeyhtiö,"Parrukuja 3, 01680 Vantaa",Vantaa,ilmainen
2325257-7,Tilitoimisto Economic Capital Oy,Osakeyhtiö,"Kauppurienkatu 23 A, 90100 Oulu",Oulu,ilmainen
2326235-3,Pauli Kivimäki Oy,Osakeyhtiö,"Virtaintie 42, 34800 Virrat",Virrat,ilmainen
2326571-4,Mapiton Talous Oy,Osakeyhtiö,"Yliopistonkatu 13b, 20100 Turku",Turku,ilmainen
2326975-8,Vikodim Oy,Osakeyhtiö,"Kotikonnuntie 3 F, 00940 Helsinki",Helsinki,ilmainen
2327382-9,Accounting Club Oy,Osakeyhtiö,"Ounasvaarankuja 3 C, 00970 Helsinki",Helsinki,ilmainen
2327742-4,Minefield Oy,Osakeyhtiö,"Mesikämmen 9 J, 40400 Jyväskylä",Jyväskylä,ilmainen
2328281-3,Tilitoimisto Aarnio Kanta-Häme Oy,Osakeyhtiö,"Temppelikatu 10 A, 11100 Riihimäki",Riihimäki,ilmainen
2328324-2,R-Tilipiste Oy,Osakeyhtiö,"Hämeenkatu 71, 05820 Hyvinkää",Hyvinkää,ilmainen
2328442-1,Consulting Rajamäki Oy,Osakeyhtiö,"Valmuskantie 9, 40640 Jyväskylä",Jyväskylä,ilmainen
2328687-3,Tilitoimisto Mikma Ky,Kommandiittiyhtiö,"Pajulammentie 18 B, 43100 Saarijärvi",Saarijärvi,ilmainen
2328975-9,AccountOn Oy,Osakeyhtiö,"Vespertie 9, 00320 Helsinki",Helsinki,ilmainen
2329126-9,TMH-Tilit Ky,Kommandiittiyhtiö,"Härkikuja 2, 39100 Hämeenkyrö",Hämeenkyrö,ilmainen
2329813-7,Birgit's Net Accounting Oy,Osakeyhtiö,"Isolinnankatu 24, 28100 Pori",Pori,ilmainen
2329934-0,Tili- ja Yrityspalvelu T.Maunumäki Ky,Kommandiittiyhtiö,"Kälviäntie 35, 68300 Kälviä",Kälviä,ilmainen
2330227-1,Taloussiru Oy,Osakeyhtiö,"Järvisentie 14, 01810 Luhtajoki",Luhtajoki,ilmainen
2331720-3,Vesirotta Oy,Osakeyhtiö,"Susitie 16 B, 00800 Helsinki",Helsinki,ilmainen
2332163-2,Talenom Talousosastopalvelut Oy,Osakeyhtiö,"Yrttipellontie 2, 90230 Oulu",Oulu,ilmainen
2334797-1,Tilipalvelu Exatum Oy,Osakeyhtiö,"Kierretie 15 E, 01650 Vantaa",Vantaa,ilmainen
2335028-1,Pennejä Taivaasta Oy,Osakeyhtiö,"Solmijankuja 3, 20660 Littoinen",Littoinen,ilmainen
2338823-9,Tilitoimisto Pulkkinen Oy,Osakeyhtiö,"Torikatu 31 A, 67100 Kokkola",Kokkola,ilmainen
2340592-4,Taloushallintopalvelut Esko Kesti Oy,Osakeyhtiö,"Näretie 38, 94700 Kemi",Kemi,ilmainen
2340934-3,NHT-Tilipalvelu Ky,Kommandiittiyhtiö,"Tehtaantie 8, 80400 Ylämylly",Ylämylly,ilmainen
2340937-8,THP-Palvelu Ky,Kommandiittiyhtiö,"Sotkumantie 19 A, 83430 Käsämä",Käsämä,ilmainen
2341099-3,Kanta-Helsingin Tilitoimisto Oy,Osakeyhtiö,"Hämeentie 155 C, 00560 Helsinki",Helsinki,ilmainen
2341142-7,Suomen Yrityskirjanpito Oy,Osakeyhtiö,"Nissinmäentie 10 J, 02780 Espoo",Espoo,ilmainen
2341419-3,HSA Yrityspalvelut Oy,Osakeyhtiö,"Hermannin Rantatie 2 B, 00580 Helsinki",Helsinki,ilmainen
2341792-5,Tilitoimisto AKA Oy,Osakeyhtiö,"Uunilanrantatie 2 B, 68100 Himanka",Himanka,ilmainen
2342150-2,Haapamäen Tilipalvelu Oy,Osakeyhtiö,"Multiantie 1, 42700 Keuruu",Keuruu,ilmainen
2342366-3,Tilitoimisto tilitoukka Ky,Kommandiittiyhtiö,"Paciuksenkaari 8 B, 00270 Helsinki",Helsinki,ilmainen
2342838-4,Yrityspalvelu Nevis Avoin Yhtiö,Avoin yhtiö,"Kauppatie 8, 66300 Jurva",Jurva,ilmainen
2342862-4,Countor Helsinki Oy,Osakeyhtiö,"Metsäläntie 20, 00320 Helsinki",Helsinki,ilmainen
2343072-4,Artic Sales Oy,Osakeyhtiö,"Sähköttäjänkatu 2 E, 00520 Helsinki",Helsinki,ilmainen
2343418-6,Tilitoimisto YKP Oy,Osakeyhtiö,"Käenkuja 8 A, 00500 Helsinki",Helsinki,ilmainen
2344854-5,Tilipalvelu Räsänen Oy,Osakeyhtiö,"Vapaudenkatu 10-12, 98100 Kemijärvi",Kemijärvi,ilmainen
2344894-0,Tilipalvelu Kantola Oy,Osakeyhtiö,"Valopoiju 4 B, 02320 Espoo",Espoo,ilmainen
2344942-5,Tilitervo Oy,Osakeyhtiö,"Isokatu 1 B, 90100 Oulu",Oulu,ilmainen
2345783-9,Mikkelin Tilitoimisto Oy,Osakeyhtiö,"Raatihuoneenkatu 1, 50100 Mikkeli",Mikkeli,ilmainen
2347182-5,TITOMET OY,Osakeyhtiö,"Kauppakatu 7, 95400 Tornio",Tornio,ilmainen
2349886-8,A&K Tawastia Oy,Osakeyhtiö,"Myllärintie 18, 13720 Parola",Parola,ilmainen
2350016-3,M HILTULA Oy,Osakeyhtiö,"Ruotukuja 1 A, 93600 Kuusamo",Kuusamo,ilmainen
2350498-1,Tilitoimisto Matti Johansson Oy,Osakeyhtiö,"Hästbackantie 19, 01190 Box",Box,ilmainen
2350901-0,Kirjanpitotoimisto Harald Oy,Osakeyhtiö,"Valimotie 17-19, 00380 Helsinki",Helsinki,ilmainen
2351313-2,Finnlaskenta Oy,Osakeyhtiö,"Ilmattarenkuja 6, 04500 Kellokoski",Kellokoski,ilmainen
2351357-0,Pääkaupunkiseudun Taloushallintopalvelut Oy,Osakeyhtiö,"Pulttitie 14, 00880 Helsinki",Helsinki,ilmainen
2352249-3,Businessconnect Oy,Osakeyhtiö,"Hämeenkatu 11 D, 15110 Lahti",Lahti,ilmainen
2355429-2,Jomann Ky,Kommandiittiyhtiö,"Riimukatu 3 A, 15830 Lahti",Lahti,ilmainen
2355482-3,Social Media Training Oy,Osakeyhtiö,"Emännäntie 23, 40740 Jyväskylä",Jyväskylä,ilmainen
2356475-7,Tilixia Oy,Osakeyhtiö,"Urheilupuistontie 3, 02200 Espoo",Espoo,ilmainen
2356932-0,Qvist Consulting Oy Ab,Osakeyhtiö,"Konalantie 1 B, 00370 Helsinki",Helsinki,ilmainen
2357117-2,Talousosaamo Oy,Osakeyhtiö,"Kutomotie 16, 00380 Helsinki",Helsinki,ilmainen
2357583-5,Kirjausketju Oy,Osakeyhtiö,"Santaniitynkatu 2, 04250 Kerava",Kerava,ilmainen
2357603-7,Assets KP Oy,Osakeyhtiö,"Kalapurontie 25, 68630 Pietarsaari",Pietarsaari,ilmainen
2357652-0,Onnimax Oy,Osakeyhtiö,"Rautatienkatu 15 C, 33100 Tampere",Tampere,ilmainen
2359862-3,ToKi Solutions oy,Osakeyhtiö,"Äestäjäntie 39 B, 00390 Helsinki",Helsinki,ilmainen
2359865-8,Tilitoimisto Ekonomi Oy,Osakeyhtiö,"Vilhonvuorenkatu 7-9 E, 00500 Helsinki",Helsinki,ilmainen
2360797-2,Tilinator Oy,Osakeyhtiö,02101 Espoo,Espoo,ilmainen
2360935-3,Vuotili Oy,Osakeyhtiö,"Leikosaarentie 4, 00980 Helsinki",Helsinki,ilmainen
2360974-0,TILITOIMISTO MONIPALVELU LEHTISET OY,Osakeyhtiö,"Siilinpääntie 8, 71800 Siilinjärvi",Siilinjärvi,ilmainen
2361003-9,Tilitiimi Pirkkanen Oy,Osakeyhtiö,"Korpilahdentie 103, 39340 Karhe",Karhe,ilmainen
2362271-8,Tilitoimisto Jantunen Oy,Osakeyhtiö,"Otavankatu 11, 28100 Pori",Pori,ilmainen
2362774-6,NB-tilipalvelut Oy,Osakeyhtiö,"Gunnarintie 1 B, 01800 Klaukkala",Klaukkala,ilmainen
2363197-2,JUR-infokeskus Oy,Osakeyhtiö,"Pukinmäenaukio 4 B, 00720 Helsinki",Helsinki,ilmainen
2365110-5,Botnia Bokföring Ab,Osakeyhtiö,"Stationsvägen 53, 64200 Närpiö",Närpiö,ilmainen
2370020-2,Toimistopalvelut Kari Salo Ky,Kommandiittiyhtiö,96201 Rovaniemi,Rovaniemi,ilmainen
2370733-2,Raseborgs Företagstjänst Ab,Osakeyhtiö,"Stationsvägen 6, 10600 Tammisaari",Tammisaari,ilmainen
2371067-0,Kirjanpitopalvelu Helka Ky,Kommandiittiyhtiö,"Santaniitynkatu 7b A, 04250 Kerava",Kerava,ilmainen
2372908-0,Tilitoimisto Koivusaari Oy,Osakeyhtiö,"Pohjoiskatu 6, 80100 Joensuu",Joensuu,ilmainen
2374144-2,Maaseututilit Oy,Osakeyhtiö,"Heikkilänkuja 3, 60800 Ilmajoki",Ilmajoki,ilmainen
2374573-4,Tilitoimisto Tasepalvelu Oy,Osakeyhtiö,"Savilankatu 13, 26100 Rauma",Rauma,ilmainen
2375425-1,Lakendia Oy,Osakeyhtiö,"Puistotie 96 A, 04430 Järvenpää",Järvenpää,ilmainen
2376491-9,AK Tilipalvelu Oy,Osakeyhtiö,"Mäenpääntie 15, 60420 Seinäjoki",Seinäjoki,ilmainen
2377492-2,Laskentatiimi PT Oy,Osakeyhtiö,"Lumpeisentie 364, 71480 Kurkimäki",Kurkimäki,ilmainen
2377920-5,Optimitilit avoin yhtiö,Avoin yhtiö,"Hallituskatu 26 A, 45100 Kouvola",Kouvola,ilmainen
2379253-0,Taloushallinto Aureus Oy,Osakeyhtiö,"Kuurinniityntie 18 C, 02750 Espoo",Espoo,ilmainen
2379293-6,Colleqium Oy,Osakeyhtiö,"Alasintie 10 B, 90400 Oulu",Oulu,ilmainen
2379345-3,Finster Tilit Ky,Kommandiittiyhtiö,"Vanhakoivistontie 14, 28360 Pori",Pori,ilmainen
2379671-8,MeProfit Oy,Osakeyhtiö,"Hiekkakiventie 3 B, 90240 Oulu",Oulu,ilmainen
2380394-9,Fiment Oy,Osakeyhtiö,"Saunasaarentie 21, 52550 Hirvensalmi",Hirvensalmi,ilmainen
2381989-5,AMK-Tilipalvelu Oy,Osakeyhtiö,"Kyntökuja 6, 61800 Kauhajoki",Kauhajoki,ilmainen
2382002-8,Proffakeskus Oy,Osakeyhtiö,"Lorentzinkuja 3 B, 00870 Helsinki",Helsinki,ilmainen
2382065-0,Tilipalvelu Mourujärvi Oy,Osakeyhtiö,"Vapaudenkatu 10-12, 98100 Kemijärvi",Kemijärvi,ilmainen
2382630-7,Tilitoimisto VOITTO Oy,Osakeyhtiö,"Presidentinkatu 17 A, 21100 Naantali",Naantali,ilmainen
2383955-4,Punkaharjun Tilitoimisto Oy,Osakeyhtiö,"Kauppatie 9, 58500 Punkaharju",Punkaharju,ilmainen
2384871-7,Sopimustili Ky,Kommandiittiyhtiö,"Villenkatu 4 B, 49400 Hamina",Hamina,ilmainen
2385924-8,Kimpi & Kumppanit Oy,Osakeyhtiö,"Tähdenlennonkuja 6b, 02240 Espoo",Espoo,ilmainen
2387593-4,Isännöitsijä- ja tilitoimisto Kontra Oy,Osakeyhtiö,"Museokatu 44 D, 00100 Helsinki",Helsinki,ilmainen
2387871-3,Talousnet.fi Oy,Osakeyhtiö,"Sannitie 2, 94450 Keminmaa",Keminmaa,ilmainen
2390383-5,Boxfire Oy,Osakeyhtiö,"Kiramo 3 A, 40100 Jyväskylä",Jyväskylä,ilmainen
2391181-9,Econpals Oy,Osakeyhtiö,"Säppitie 11, 40530 Jyväskylä",Jyväskylä,ilmainen
2391563-3,Tilipalvelu Sirpukka Ky,Kommandiittiyhtiö,"Koulukatu 19 B, 80110 Joensuu",Joensuu,ilmainen
2392433-7,AT-Tilipalvelu Oy,Osakeyhtiö,"Koivuportaantie 325, 66300 Jurva",Jurva,ilmainen
2393355-9,Lahden Tasotilat Oy,Osakeyhtiö,"Vesijärvenkatu 34, 15140 Lahti",Lahti,ilmainen
2393744-5,Miekanmaa Oy,Osakeyhtiö,"Lavilan Rantatie 20, 27100 Eurajoki",Eurajoki,ilmainen
2393898-2,HELSINGIN TILI JA TASE OY,Osakeyhtiö,"Hitsaajankatu 6, 00810 Helsinki",Helsinki,ilmainen
2394557-6,Lapin tilipalvelu Oy,Osakeyhtiö,"Kauppakatu 6, 26100 Rauma",Rauma,ilmainen
2394596-3,Innoekonomia Oy,Osakeyhtiö,"Tyrskyvuori 6 B, 02320 Espoo",Espoo,ilmainen
2396821-7,Tilitoimisto Safe Oy,Osakeyhtiö,"Mestarintie 3 A, 12100 Oitti",Oitti,ilmainen
2397145-9,Zafir Solutions Oy,Osakeyhtiö,"Hämeenkatu 10, 11100 Riihimäki",Riihimäki,ilmainen
2399290-3,Pikva Oy,Osakeyhtiö,"Jänhiäläntie 22, 55300 Rauha",Rauha,ilmainen
2399367-4,Tilintarkastustoimisto Sorsapuisto Oy,Osakeyhtiö,"Itsenäisyydenkatu 25 lh., 33500 Tampere",Tampere,ilmainen
2401304-1,AVA Tili Oy,Osakeyhtiö,"Koulukatu 14, 60100 Seinäjoki",Seinäjoki,ilmainen
2403824-9,Tili- ja Yrityspalvelu Lehtinen Oy,Osakeyhtiö,"Metsälinnantie 16, 62370 Kangasto",Kangasto,ilmainen
2405065-1,Konsultti Anne Ky,Kommandiittiyhtiö,"Lukkolankatu 4-8 A, 36280 Pikonlinna",Pikonlinna,ilmainen
2407066-0,MacMotor Oy,Osakeyhtiö,"Leirikatu 10 A, 02600 Espoo",Espoo,ilmainen
2407682-7,Rautio & Kumppanit Oy,Osakeyhtiö,"Karvarinaukio 7 lh., 90650 Oulu",Oulu,ilmainen
2408127-1,Tilitoimisto Tuloksesi Ky,Kommandiittiyhtiö,"Keskustie 65, 19600 Hartola",Hartola,ilmainen
2409423-2,Maskun Isännöinti Oy,Osakeyhtiö,"Keskuskaari 5, 21250 Masku",Masku,ilmainen
2409714-2,Tulevaisuus Oy,Osakeyhtiö,"Yliopistonkatu 38, 20100 Turku",Turku,ilmainen
2411679-6,Tasantili Oy,Osakeyhtiö,"Liepeentie 49, 41400 Lievestuore",Lievestuore,ilmainen
2413054-7,Riihilaskenta Oy,Osakeyhtiö,"Hämeenkatu 44 B, 11100 Riihimäki",Riihimäki,ilmainen
2413151-5,VTS TILIASEMA Oy,Osakeyhtiö,"Porthanintie 4, 44500 Viitasaari",Viitasaari,ilmainen
2413484-7,Tujutech Oy,Osakeyhtiö,"Kääntöpiiri 2 A, 02210 Espoo",Espoo,ilmainen
2415160-4,Japara Oy,Osakeyhtiö,"Torikatu 1 A, 44100 Äänekoski",Äänekoski,ilmainen
2415437-0,Tilihenki Oy,Osakeyhtiö,"Norotie 7 L, 01600 Vantaa",Vantaa,ilmainen
2415749-1,Raitanikkari Oy,Osakeyhtiö,"Kyröntie 3, 51200 Kangasniemi",Kangasniemi,ilmainen
2416251-4,TH Tilihallinnointi Oy,Osakeyhtiö,"Kirjatyöntekijänkatu 8 A, 00170 Helsinki",Helsinki,ilmainen
2418655-9,Leppäniemen Kauppahuone Oy,Osakeyhtiö,"Käpälämäenkatu 10-12, 11710 Riihimäki",Riihimäki,ilmainen
2419010-1,Hämeen TiliDiili Oy,Osakeyhtiö,"Sibeliuksenkatu 9 B, 13100 Hämeenlinna",Hämeenlinna,ilmainen
2419546-3,Ava Finance Oy,Osakeyhtiö,"Takojantie 15, 10210 Inkoo",Inkoo,ilmainen
2419547-1,White Note Oy,Osakeyhtiö,01711 Vantaa,Vantaa,ilmainen
2419729-0,RH-tili Oy,Osakeyhtiö,"Niinistönkatu 8, 05820 Hyvinkää",Hyvinkää,ilmainen
2421620-1,Prikthai Oy,Osakeyhtiö,"Torkkelinkatu 3 C, 00500 Helsinki",Helsinki,ilmainen
2421716-7,Profit Guide Oy,Osakeyhtiö,"Mäntynummentie 8, 08500 Lohja",Lohja,ilmainen
2422469-0,Mellilän Tili Oy,Osakeyhtiö,"Vihtontie 17 as., 32300 Mellilä",Mellilä,ilmainen
2423537-3,Satakunnan Tilinpito Oy,Osakeyhtiö,"Hiekkakatu 48, 28130 Pori",Pori,ilmainen
2424114-0,Puro & Puro Oy,Osakeyhtiö,"Kalatorppa 1 C, 02230 Espoo",Espoo,ilmainen
2424761-4,JPond Oy,Osakeyhtiö,"Lentolantie 3, 36220 Kangasala",Kangasala,ilmainen
2424852-9,Yrittäjän Tiliapu Ky,Kommandiittiyhtiö,"Junatie 2, 36240 Kangasala",Kangasala,ilmainen
2425769-5,GT-tili Oy,Osakeyhtiö,"Kukintie 2 B, 01620 Vantaa",Vantaa,ilmainen
2425807-3,Linna-Laskenta Oy,Osakeyhtiö,"Tulliportinkatu 21, 57100 Savonlinna",Savonlinna,ilmainen
2426450-2,TJ Tilikate Ky,Kommandiittiyhtiö,"Kuovinkatu 3, 80160 Joensuu",Joensuu,ilmainen
2427486-6,OSUUSKUNTA SAARIJÄRVEN PONTEVA,Osuuskunta,"Kauppakatu 8, 43100 Saarijärvi",Saarijärvi,ilmainen
2427558-6,Tilipalvelu Mäkynen Oy,Osakeyhtiö,"Vanha-Asematie 124, 61370 Lohiluoma",Lohiluoma,ilmainen
2427861-3,R-S tili ja konsultointi Oy,Osakeyhtiö,"Kirjavantie 8 A, 03400 Vihti",Vihti,ilmainen
2429165-8,Rosenberg Audit & Consulting Oy Ab,Osakeyhtiö,"Råviksvägen 28 A, 65280 Vaasa",Vaasa,ilmainen
2429759-0,Oy Tilitoimisto Kontroll Bokföringsbyrå Ab,Osakeyhtiö,"Myllykatu 15, 65100 Vaasa",Vaasa,ilmainen
2431719-2,Audit-Log Consulting Oy,Osakeyhtiö,"Mäenrinne 3, 01820 Klaukkala",Klaukkala,ilmainen
2432276-8,MOP-Laskenta Oy,Osakeyhtiö,"Pyörätie 24 A, 01280 Vantaa",Vantaa,ilmainen
2432694-5,Kirjanpitotoimisto Da Capo Oy,Osakeyhtiö,"Rantatie 24, 21600 Parainen",Parainen,ilmainen
2432960-1,Tili- ja taloushallinto Mustonen Oy,Osakeyhtiö,"Ollilantie 8 A, 83400 Viinijärvi",Viinijärvi,ilmainen
2435582-6,Oy Solventia Ab,Osakeyhtiö,"Karakalliontie 5 G, 02620 Espoo",Espoo,ilmainen
2435616-7,Tilitiimi Urpilainen Oy,Osakeyhtiö,"Serkustentie 18, 00430 Helsinki",Helsinki,ilmainen
2437557-9,Kuusamon Toimialapalvelu Oy,Osakeyhtiö,"Luomantie 1-3, 93600 Kuusamo",Kuusamo,ilmainen
2437996-7,Yrityspalvelu Profitcount Oy,Osakeyhtiö,"Sörnäistenkatu 2, 00580 Helsinki",Helsinki,ilmainen
2438856-4,Saruman Oy,Osakeyhtiö,"Kirkkokatu 8 as., 90100 Oulu",Oulu,ilmainen
2439608-9,Future Partners Oy,Osakeyhtiö,"Hitsaajankatu 6, 00810 Helsinki",Helsinki,ilmainen
2439932-7,Yrityspalvelut Hirttiö Oy,Osakeyhtiö,"Markkinakatu 4, 96200 Rovaniemi",Rovaniemi,ilmainen
2442846-6,Econox Ky,Kommandiittiyhtiö,"Vörkkelipiha 8, 90830 Haukipudas",Haukipudas,ilmainen
2443850-9,Karelia TH-palvelut Oy,Osakeyhtiö,"Kyyhkysmäki 20 A, 02650 Espoo",Espoo,ilmainen
2444068-4,Taloushallintopalvelu Kakkonen Oy,Osakeyhtiö,"Siltakatu 10 A, 80100 Joensuu",Joensuu,ilmainen
2444573-3,Talouskomppania Oy,Osakeyhtiö,"Koskenranta 5 B, 90310 Oulu",Oulu,ilmainen
2447163-2,Tilitoimisto Tili-Satu Oy,Osakeyhtiö,"Siltakatu 20 A, 80100 Joensuu",Joensuu,ilmainen
2448174-2,FinanssiPiha Oy,Osakeyhtiö,"Sahaajankatu 35 C, 00880 Helsinki",Helsinki,ilmainen
2448724-7,MJL Invest Oy,Osakeyhtiö,"Lakkatie 70, 02580 Siuntio",Siuntio,ilmainen
2448945-3,Value Point Oy,Osakeyhtiö,"Kvartsikatu 1, 65300 Vaasa",Vaasa,ilmainen
2449188-7,Lean Zone Oy,Osakeyhtiö,90101 Oulu,Oulu,ilmainen
2449379-4,Pohjanmaan Monipalvelu Ky,Kommandiittiyhtiö,"Ratakatu 12, 66900 Uusikaarlepyy",Uusikaarlepyy,ilmainen
2462595-3,Taloushallinta Leiska Oy,Osakeyhtiö,"Svinhufvudinkatu 23, 15110 Lahti",Lahti,ilmainen
2462928-4,Tabshee Oy,Osakeyhtiö,"Suurlohjankatu 21-23 C, 08100 Lohja",Lohja,ilmainen
2463023-4,KKR Niskaset Oy,Osakeyhtiö,"Kämmekkäkuja 5, 94700 Kemi",Kemi,ilmainen
2463695-1,Tilitoimisto TietoLammi Oy,Osakeyhtiö,"Dagsmarkintie 264, 64350 Karijoki",Karijoki,ilmainen
2464662-3,Turun Tilipalvelut Oy,Osakeyhtiö,"Kauppiaskatu 9 B, 20100 Turku",Turku,ilmainen
2464987-5,Tilitoimisto Marjo Laine Oy,Osakeyhtiö,"Aittakuja 17, 21260 Raisio",Raisio,ilmainen
2465677-6,Tili Tikkens Oy,Osakeyhtiö,"Takaviistontie 3, 17130 Vesivehmaa",Vesivehmaa,ilmainen
2465893-1,AAG Taloushallinto Oy,Osakeyhtiö,"Mannerheimintie 42, 00260 Helsinki",Helsinki,ilmainen
2466398-4,TJ Taloustarkastus Oy,Osakeyhtiö,"Niittyvillankuja 6 B, 01510 Vantaa",Vantaa,ilmainen
2466728-0,Relia Sowel Oy,Osakeyhtiö,"Vänkärinkuja 2 A, 04440 Järvenpää",Järvenpää,ilmainen
2467432-5,SGS BOKFÖRING Ab,Osakeyhtiö,"Monäsvägen 285, 66970 Hirvlax",Hirvlax,ilmainen
2468117-0,Yrityspalvelu Kangas Oy,Osakeyhtiö,"Hämeenkatu 1 L, 11100 Riihimäki",Riihimäki,ilmainen
2468420-8,Tilikaari Oy,Osakeyhtiö,"Rautatienkatu 19-21 B, 15110 Lahti",Lahti,ilmainen
2469791-4,Säilöri Oy,Osakeyhtiö,"Olarinluoma 16, 02200 Espoo",Espoo,ilmainen
2470260-5,Boost Squared Oy,Osakeyhtiö,"Vanha Kaarelantie 30 G, 01610 Vantaa",Vantaa,ilmainen
2470401-0,Tili ja Isännöinti Jukola Oy,Osakeyhtiö,"Kalajoentie 30 A, 85100 Kalajoki",Kalajoki,ilmainen
2471172-0,Tiliduo Paula Leppänoro Ky,Kommandiittiyhtiö,"Heikinkuja 11, 96900 Saarenkylä",Saarenkylä,ilmainen
2471248-3,Admitilit Oy,Osakeyhtiö,"Sievisenmäentie 15 A, 40420 Jyskä",Jyskä,ilmainen
2471628-1,Säpäkkä Ky,Kommandiittiyhtiö,"Ruutikellarinkatu 18 A, 70340 Kuopio",Kuopio,ilmainen
2472158-2,Satulan Taloushallinto Oy,Osakeyhtiö,"Satulantie 182, 82200 Hammaslahti",Hammaslahti,ilmainen
2472230-7,KPI Optimization and Strategic Taxation Operations Services Oy Ltd,Osakeyhtiö,"Koskelantie 5 B, 00610 Helsinki",Helsinki,ilmainen
2472482-0,VT-Palvelut Oy,Osakeyhtiö,"Kirjosiivenkierto 18, 05440 Hyvinkää",Hyvinkää,ilmainen
2473133-4,Tili ja Konsultointi Saukko Oy,Osakeyhtiö,"Tampereentie 76, 66400 Laihia",Laihia,ilmainen
2473217-7,Suursaari SK Oy,Osakeyhtiö,"Kylänlahti 24, 83450 Vaivio",Vaivio,ilmainen
2474588-3,Verotaito Oy,Osakeyhtiö,"Antinkatu 6, 33900 Tampere",Tampere,ilmainen
2474796-9,Tilitoimisto Saarnikko Ky,Kommandiittiyhtiö,"Piennartie 14, 45100 Kouvola",Kouvola,ilmainen
2474824-0,YRITYSKIRJAAMO OY,Osakeyhtiö,"Kalliotie 1, 04400 Järvenpää",Järvenpää,ilmainen
2475333-0,Tilitoimisto Wanha Werstas Oy,Osakeyhtiö,"Honkajoentie 4, 64900 Isojoki",Isojoki,ilmainen
2475393-9,AH Analyst Oy,Osakeyhtiö,"Opastinsilta 2 B, 00520 Helsinki",Helsinki,ilmainen
2475394-7,Etelä-Suomen Kirjanpitotoimisto Oy,Osakeyhtiö,"Arielinkatu 16 B, 00540 Helsinki",Helsinki,ilmainen
2475805-1,Tilitiimi T & M Oy,Osakeyhtiö,"Kirkkokatu 5, 06100 Porvoo",Porvoo,ilmainen
2477164-3,Tilimajakka Oy,Osakeyhtiö,"Kolmionkatu 5 D, 33900 Tampere",Tampere,ilmainen
2477252-3,Ratonell Finland OY,Osakeyhtiö,"Karhunkatu 31, 15950 Lahti",Lahti,ilmainen
2477631-3,Koivistoinen Group Oy,Osakeyhtiö,"Uudenmaankatu 5-9 T, 05800 Hyvinkää",Hyvinkää,ilmainen
2477831-9,Tiliduunari Capital Oy,Osakeyhtiö,"Hepokuja 3-5 A, 01200 Vantaa",Vantaa,ilmainen
2477834-3,Ensiote Oy,Osakeyhtiö,"Välitalontie 45 As 5, 00660 Helsinki",Helsinki,ilmainen
2479240-1,Tilipym Oy,Osakeyhtiö,"Nokkamäentie 170, 32700 Huittinen",Huittinen,ilmainen
2479894-2,Bokföringsbyrå din bokförare Kb,Kommandiittiyhtiö,"Slottsgatan 61, 20100 Turku",Turku,ilmainen
2482085-5,Hewesto Oy,Osakeyhtiö,"Heiläntanhua 49, 23600 Kalanti",Kalanti,ilmainen
2482195-4,Mithrandir Oy,Osakeyhtiö,"Luutnantinpolku 2 C, 00410 Helsinki",Helsinki,ilmainen
2482393-3,Account Masters Oy,Osakeyhtiö,"Ojantie 18, 28130 Pori",Pori,ilmainen
2482461-0,Ilpo Virta Oy,Osakeyhtiö,"Puistokatu 2 C, 40100 Jyväskylä",Jyväskylä,ilmainen
2482947-0,Vecte Ab,Osakeyhtiö,"Stugbyvägen 24, 22630 Lumparland",Lumparland,ilmainen
2483720-0,Tilitoimisto Oulun Debet & Kredit Oy,Osakeyhtiö,"Temmeksentie 3, 90400 Oulu",Oulu,ilmainen
2484792-7,Soluva Oy,Osakeyhtiö,00601 Helsinki,Helsinki,ilmainen
2485076-3,UKKO Yrittäjyyspalvelut Oy,Osakeyhtiö,"Itämerenkatu 1, 00180 Helsinki",Helsinki,ilmainen
2485085-1,Nordic C-Creditor Oy,Osakeyhtiö,00101 Helsinki,Helsinki,ilmainen
2485332-3,netBalance Ky,Kommandiittiyhtiö,"Tervassalontie 105, 71310 Vehmersalmi",Vehmersalmi,ilmainen
2485999-5,RT-Laskenta Oy,Osakeyhtiö,"Poikkitie 5, 73500 Juankoski",Juankoski,ilmainen
2486307-0,Tilitoimisto Aurum Oy,Osakeyhtiö,"Poratie 9, 48400 Kotka",Kotka,ilmainen
2486531-6,Avado Ky,Kommandiittiyhtiö,"Tehdaskatu 6, 24100 Salo",Salo,ilmainen
2486649-0,Stonepocket Consulting Group Oy,Osakeyhtiö,"Suomalaistentie 7, 02270 Espoo",Espoo,ilmainen
2487253-2,Streamex Oy,Osakeyhtiö,"Malminkaari 5 B, 00700 Helsinki",Helsinki,ilmainen
2487834-4,TJ Talouspalvelut Oy,Osakeyhtiö,"Karhulantie 76-78 O, 48600 Kotka",Kotka,ilmainen
2488704-8,KV-Tili Oy,Osakeyhtiö,"Kesätie 4 A, 01690 Vantaa",Vantaa,ilmainen
2489156-5,Thilman Oy,Osakeyhtiö,"Rajamäentie 10, 33960 Pirkkala",Pirkkala,ilmainen
2489871-6,Kirjanpito H. Lindström Oy,Osakeyhtiö,"Maistraatinportti 4 A, 00240 Helsinki",Helsinki,ilmainen
2490902-4,Ag Accounting Oy,Osakeyhtiö,"Staffaksentie 7, 07810 Ingermaninkylä",Ingermaninkylä,ilmainen
2490917-1,ESTANTE OY,Osakeyhtiö,"Pisteenkaari 4, 03100 Nummela",Nummela,ilmainen
2491290-1,HP-Tilit Oy,Osakeyhtiö,"Petäjämäenkatu 6 C, 33580 Tampere",Tampere,ilmainen
2491293-6,TiliHilimat Oy,Osakeyhtiö,"Keskustie 7, 72300 Vesanto",Vesanto,ilmainen
2492619-0,Talousosasto Viivanalle Oy,Osakeyhtiö,"Salomonkatu 17 B, 00100 Helsinki",Helsinki,ilmainen
2492989-3,Tilihanholmi Oy,Osakeyhtiö,"Lehtopöllönkuja 3, 49220 Siltakylä",Siltakylä,ilmainen
2493069-1,Tilivarma Oy,Osakeyhtiö,"Viipurintie 3, 15150 Lahti",Lahti,ilmainen
2495528-2,Videns Oy,Osakeyhtiö,"Alasintie 2, 80130 Joensuu",Joensuu,ilmainen
2495757-9,A1 Taloushallinto Oy,Osakeyhtiö,"Lumikontie 2, 23500 Uusikaupunki",Uusikaupunki,ilmainen
2495968-9,Angelma & Mäkelä Oy Hämeenlinna,Osakeyhtiö,"Eteläkatu 14 C, 13100 Hämeenlinna",Hämeenlinna,ilmainen
2496074-3,Tiima Holding Oy,Osakeyhtiö,"Ulappasaarentie 2 H, 00980 Helsinki",Helsinki,ilmainen
2496093-8,Tilintarkastuspalvelut Oy LSV Invest,Osakeyhtiö,"Paasikivenkatu 13, 04200 Kerava",Kerava,ilmainen
2496651-2,Netax Oy,Osakeyhtiö,"Kuurinniityntie 29 A, 02750 Espoo",Espoo,ilmainen
2496706-4,Taseenkaari Oy,Osakeyhtiö,"Vienolankuja 4, 04310 Tuusula",Tuusula,ilmainen
2497240-2,Oy Fomax Ab,Osakeyhtiö,"Centralgatan 26 B, 10300 Karjaa",Karjaa,ilmainen
2498742-8,Tilitoimisto DHG Oy,Osakeyhtiö,"Kauppatie 2 B, 04300 Tuusula",Tuusula,ilmainen
2498858-6,Härkätien Tilipalvelu Oy,Osakeyhtiö,"Härkätie 733, 21490 Marttila",Marttila,ilmainen
2498884-2,Mannulus Ky,Kommandiittiyhtiö,"Kilantie 30 as., 10300 Karjaa",Karjaa,ilmainen
2499579-4,Accounting Law Finland Oy,Osakeyhtiö,00000 Osoite Tuntematon,Osoite Tuntematon,ilmainen
2500028-5,Tilipalvelu Granath Oy,Osakeyhtiö,"Kalliomäentie 4, 20660 Littoinen",Littoinen,ilmainen
2500247-5,RLK-Account Oy,Osakeyhtiö,"Riukutie 1 H, 00390 Helsinki",Helsinki,ilmainen
2500508-6,Tilitoimisto Minna Karjalainen Oy,Osakeyhtiö,"Linnankatu 18 A, 87100 Kajaani",Kajaani,ilmainen
2500537-7,Mirinda Ky,Kommandiittiyhtiö,"Tampionkatu 9, 38700 Kankaanpää",Kankaanpää,ilmainen
2500571-3,Aristotilit Oy,Osakeyhtiö,"Koroistentie 5 B, 00280 Helsinki",Helsinki,ilmainen
2501380-1,Leppävirran Tilikeskus Oy,Osakeyhtiö,"Kievarinkatu 1, 79100 Leppävirta",Leppävirta,ilmainen
2501415-0,Ab Bokföring Saldina Kirjanpito Oy,Osakeyhtiö,"Fredsgatan 16 A, 65100 Vaasa",Vaasa,ilmainen
2501472-4,ProfitSara - Yrityspalvelut Oy,Osakeyhtiö,"Torikatu 8 as., 74700 Kiuruvesi",Kiuruvesi,ilmainen
2503562-1,Pro Nordic Venture OY,Osakeyhtiö,"Marjatie 2, 96600 Rovaniemi",Rovaniemi,ilmainen
2503827-5,JHI-Tilit Oy,Osakeyhtiö,"Paneliantie 5 B B, 00940 Helsinki",Helsinki,ilmainen
2504276-8,Business-Helenat Avoin Yhtiö,Avoin yhtiö,"Laitilantie 27 A, 73300 Nilsiä",Nilsiä,ilmainen
2504337-3,OO Palvelut Oy,Osakeyhtiö,"Yrityksentie 4, 20360 Turku",Turku,ilmainen
2507936-8,Soljuva Taloushallinto Oy,Osakeyhtiö,"Saukkotie 1, 41900 Petäjävesi",Petäjävesi,ilmainen
2508789-4,Keuruun Tili-Kulma avoin yhtiö,Avoin yhtiö,"Keuruuntie 14 A, 42700 Keuruu",Keuruu,ilmainen
2508865-1,Laskenta M. Moilanen Oy,Osakeyhtiö,"Patteristonkatu 2, 50100 Mikkeli",Mikkeli,ilmainen
2509149-8,AnAr Services oy,Osakeyhtiö,"Lampilantie 201, 56210 Virmutjoki",Virmutjoki,ilmainen
2509360-2,Tili ja Isännöinti Pihapolku Oy,Osakeyhtiö,"Meijerinkatu 15, 65100 Vaasa",Vaasa,ilmainen
2511557-6,Tilipalvelu Saarela Oy,Osakeyhtiö,"Hanslankarintie 8, 04500 Kellokoski",Kellokoski,ilmainen
2512555-5,Osuuskunta Ehta Raha,Osuuskunta,"Viertolan Metsätie 25c, 03400 Vihti",Vihti,ilmainen
2512591-8,KL Toimistopalvelut Oy,Osakeyhtiö,"Paijalan Kylätie 50, 04300 Tuusula",Tuusula,ilmainen
2512980-4,VuoriTilit Oy,Osakeyhtiö,"Laukaantie 4, 40320 Jyväskylä",Jyväskylä,ilmainen
2513128-5,HR-tilipalvelu Oy,Osakeyhtiö,"Albertinkatu 23 A, 00120 Helsinki",Helsinki,ilmainen
2515304-6,Numerologiikka Oy,Osakeyhtiö,"Salorankatu 5-7, 24240 Salo",Salo,ilmainen
2515387-1,Kivijärvi & Korkala Oy,Osakeyhtiö,"Verstaankatu 7, 33100 Tampere",Tampere,ilmainen
2515435-6,DnD Accounting Oy,Osakeyhtiö,"Punavuorenkatu 20 D, 00150 Helsinki",Helsinki,ilmainen
2516236-4,"Tili- ja kiinteistöpalvelu R&E Laurila, avoin yhtiö",Avoin yhtiö,"Kalliomaankatu 5, 15150 Lahti",Lahti,ilmainen
2518045-8,Accion Oy,Osakeyhtiö,"Vemmellahdentie 4, 76940 Nenonpelto",Nenonpelto,ilmainen
2518441-6,TS Count Oy,Osakeyhtiö,"Menninkäinen 11 D, 04620 Mäntsälä",Mäntsälä,ilmainen
2519925-5,Siilinjärven Tilikeskus Oy,Kommandiittiyhtiö,"Toritie 4, 71800 Siilinjärvi",Siilinjärvi,ilmainen
2520028-7,KLBR Industries Oy,Osakeyhtiö,"Kaitalaakso 5 B, 02360 Espoo",Espoo,ilmainen
2520645-1,Easy Accounts Oy,Osakeyhtiö,02921 Espoo,Espoo,ilmainen
2521691-6,ATK-Palvelu Myllymäki Oy,Osakeyhtiö,"Antinkatu 16 B, 28100 Pori",Pori,ilmainen
2521940-4,Abacus Halicon Oy,Osakeyhtiö,"Asemakatu 5, 24100 Salo",Salo,ilmainen
2522119-2,FTB Management Ab,Osakeyhtiö,"Nygatan 9, 22100 Mariehamn",Mariehamn,ilmainen
2522539-6,Jentafon Oy,Osakeyhtiö,33101 Tampere,Tampere,ilmainen
2522735-9,Talousmestari Oy,Osakeyhtiö,"Kalevantie 2, 33100 Tampere",Tampere,ilmainen
2523965-9,Kantili Oy,Osakeyhtiö,"Jussilanpolku 8, 16670 Lappila",Lappila,ilmainen
2526128-2,TiliCons Oy,Osakeyhtiö,"Päivänkakkarantie 10 B, 02270 Espoo",Espoo,ilmainen
2527478-8,Tilitoimisto Numerofabriikki Oy,Osakeyhtiö,"Esikkotie 1 B, 01300 Vantaa",Vantaa,ilmainen
2528192-9,Ekonto Oy,Osakeyhtiö,"Puutarhatie 13 B, 01300 Vantaa",Vantaa,ilmainen
2528243-8,Chaloupe Oy,Osakeyhtiö,"Kivisillantie 23, 03400 Vihti",Vihti,ilmainen
2528484-7,Laskenta Sarit Oy,Osakeyhtiö,"Vasarakatu 1 B, 40320 Jyväskylä",Jyväskylä,ilmainen
2530125-6,Jade Consulting Oy,Osakeyhtiö,"Kalliokaivonmäki 1 B, 00570 Helsinki",Helsinki,ilmainen
2530989-9,Tilipalvelu Soini Oy,Osakeyhtiö,"Lahdentie 52, 04600 Mäntsälä",Mäntsälä,ilmainen
2531910-6,Link Accounts Oy,Osakeyhtiö,"Kankurinkatu 4-6, 05800 Hyvinkää",Hyvinkää,ilmainen
2531953-6,Accounting Rocks Oy,Osakeyhtiö,"Keilaniementie 1, 02150 Espoo",Espoo,ilmainen
2532533-8,KT Kirjanpito Oy,Osakeyhtiö,"Pohjoisranta 4 lt., 00170 Helsinki",Helsinki,ilmainen
2532615-4,Optimi Talouspalvelut Oy OPT,Osakeyhtiö,"Isoniitynkatu 11, 15680 Lahti",Lahti,ilmainen
2533037-2,Joen PR-tulos Oy,Osakeyhtiö,"Majoinvaarantie 161, 81330 Luhtapohja",Luhtapohja,ilmainen
2533357-3,Merilapin Laskenta Oy,Osakeyhtiö,"Lukiokatu 2 B, 95400 Tornio",Tornio,ilmainen
2534418-4,Laine Advisory & Holding Oy,Osakeyhtiö,"Prännikatu 21 A, 21260 Raisio",Raisio,ilmainen
2534491-8,Talousluotsit Oy,Osakeyhtiö,"Asentajankatu 5 A, 00880 Helsinki",Helsinki,ilmainen
2534865-2,Effektiivi Oy,Osakeyhtiö,"Erottajankatu 2, 00120 Helsinki",Helsinki,ilmainen
2536248-9,Kuuskasi Oy,Osakeyhtiö,"Esikkotie 9 C, 01300 Vantaa",Vantaa,ilmainen
2536376-4,TORNION LASKENTAPALVELU KY,Kommandiittiyhtiö,"Kauppakatu 17, 95400 Tornio",Tornio,ilmainen
2537489-3,Livro Solutions Oy,Osakeyhtiö,"Mäntsäläntie 382, 06500 Porvoo",Porvoo,ilmainen
2538463-7,Porin Tilitieto Oy,Osakeyhtiö,"Uusikoivistontie 40 C, 28130 Pori",Pori,ilmainen
2538679-8,HR Balance Oy,Osakeyhtiö,"Sandrantie 12, 06500 Porvoo",Porvoo,ilmainen
2539586-2,Jokilaakson Tili- ja Yrityspalvelu Oy,Osakeyhtiö,"Harjavallankatu 7 A, 29200 Harjavalta",Harjavalta,ilmainen
2539844-9,CristalliTalous Oy,Osakeyhtiö,"Kaivolahdenkatu 4 lt., 00810 Helsinki",Helsinki,ilmainen
2540507-1,Yritystilit Oy Tiina Viljanen,Osakeyhtiö,"Asemanrinne 9, 08500 Lohja",Lohja,ilmainen
2540821-3,TEB Talous ja Hallintopalvelut Oy,Osakeyhtiö,"Kilonkallio 3 B, 02610 Espoo",Espoo,ilmainen
2542254-1,Kiviniemi & Malkki Oy,Osakeyhtiö,"Ristontie 11 A, 46800 Myllykoski",Myllykoski,ilmainen
2542649-7,Previser Oy,Osakeyhtiö,"Myllynummentie 2, 04250 Kerava",Kerava,ilmainen
2543443-8,Tuloskasvu Oy,Osakeyhtiö,"Huopalahdentie 24 A, 00350 Helsinki",Helsinki,ilmainen
2544614-8,Tilipooli Oy,Osakeyhtiö,"Valikkokuja 1, 90410 Oulu",Oulu,ilmainen
2544790-9,Rutiini Oy,Osakeyhtiö,"Hitsaajankatu 6 A, 00810 Helsinki",Helsinki,ilmainen
2545504-4,Digi Koivu Oy,Osakeyhtiö,"Läntinen Rantakatu 53, 20100 Turku",Turku,ilmainen
2547284-8,Talousverkko Kumppanit Oy,Osakeyhtiö,"Valimotie 17-19, 00380 Helsinki",Helsinki,ilmainen
2547396-3,Aarre-tilit Oy,Osakeyhtiö,"Ratatie 4 F, 01300 Vantaa",Vantaa,ilmainen
2547656-6,K & P Kuljetus Oy,Osakeyhtiö,"Norolantie 11 A, 80230 Joensuu",Joensuu,ilmainen
2547844-9,Arinakoski Oy,Osakeyhtiö,"Juanlammentie 22, 73500 Juankoski",Juankoski,ilmainen
2949553-7,Annotilit Oy,Osakeyhtiö,"Everstinkuja 1 B, 02600 Espoo",Espoo,ilmainen
2949787-4,Accounts.fi Helsinki Oy,Osakeyhtiö,"Hatanpään Valtatie 40 F, 33900 Tampere",Tampere,ilmainen
2950209-8,Mepperi Oy,Osakeyhtiö,"Kaivosmiehenkuja 2b, 02730 Espoo",Espoo,ilmainen
2950926-5,SSN-Services Oy,Osakeyhtiö,"Saarentie 174, 45370 Valkeala",Valkeala,ilmainen
2951591-3,Animo Ratio Oy,Osakeyhtiö,"Niemikuja 1, 07910 Valko",Valko,ilmainen
2952250-7,Akiha Oy,Osakeyhtiö,"Mustanniementie 10, 00760 Helsinki",Helsinki,ilmainen
2952361-4,Palkkaryhmä Oy,Osakeyhtiö,"Tangotie 6, 39200 Kyröskoski",Kyröskoski,ilmainen
2954968-9,Lotaki Oy,Osakeyhtiö,"Tulilammintie 170, 77350 Montola",Montola,ilmainen
2955209-5,Soniaire Oy,Osakeyhtiö,"Kanervatie 11 B, 02160 Espoo",Espoo,ilmainen
2956242-9,Vaasan Kivat Kodit Oy,Osakeyhtiö,"Rauhankatu 28, 65100 Vaasa",Vaasa,ilmainen
2956488-9,Ekonomistudion Ab,Osakeyhtiö,"Gottbysundsvägen 149, 22130 Gottby",Gottby,ilmainen
2956523-2,Tilitoimisto Eventus Oy,Osakeyhtiö,"Kuusankoskenkatu 6 A, 45700 Kuusankoski",Kuusankoski,ilmainen
2957433-1,Cloud Balance Oy,Osakeyhtiö,"Vehkasyrjä 2, 02180 Espoo",Espoo,ilmainen
2959312-9,Tilimestarit Oy,Osakeyhtiö,"Nuijamiestentie 5 B, 00400 Helsinki",Helsinki,ilmainen
2959527-1,Tilitoimisto Anu Helin Oy,Osakeyhtiö,"Pihapiiri 14, 75500 Nurmes",Nurmes,ilmainen
2960535-3,TalousFocus Oy,Osakeyhtiö,"Alasintie 3 lh., 80130 Joensuu",Joensuu,ilmainen
2961226-2,Tilitoimisto HTT Oy,Osakeyhtiö,"Nortamonkatu 18, 26100 Rauma",Rauma,ilmainen
2963078-6,TurpMat Oy,Osakeyhtiö,"Kalevantulentie 1 A, 90420 Oulu",Oulu,ilmainen
2963908-6,Juhis Oy,Osakeyhtiö,"Eerikkäläntie 201, 58700 Sulkava",Sulkava,ilmainen
2964248-8,Omat TiliAsiat Ky,Kommandiittiyhtiö,"Pohjolankatu 12 lh., 96100 Rovaniemi",Rovaniemi,ilmainen
2964621-9,FinPrime Oy,Osakeyhtiö,"Kallvikintie 59 B, 00980 Helsinki",Helsinki,ilmainen
2968655-2,Finaxa Oy,Osakeyhtiö,"Konalantie 47 C, 00390 Helsinki",Helsinki,ilmainen
2970204-9,Tokka Tilit Oy,Osakeyhtiö,"Sarvennenäntie 52, 17120 Paimela",Paimela,ilmainen
2972261-3,Nummelan Tilipiste Oy,Osakeyhtiö,"Peräsimentie 11, 03100 Nummela",Nummela,ilmainen
2973745-2,Kempeleen Rätinki Oy,Osakeyhtiö,"Kiertorata 17, 90440 Kempele",Kempele,ilmainen
2975639-7,Pukinkulman Tilitiimi Oy,Osakeyhtiö,"Gerbyntie 14, 65230 Vaasa",Vaasa,ilmainen
2975713-8,Talouskonsultointi Growth Oy,Osakeyhtiö,"Norppatie 8 D, 02260 Espoo",Espoo,ilmainen
2976443-4,eTrade Finland Oy,Osakeyhtiö,"Kallvikintie 78 B, 00960 Helsinki",Helsinki,ilmainen
2977163-4,Tilipalvelu J.Pasanen Oy,Osakeyhtiö,"Palopolku 3 A, 04250 Kerava",Kerava,ilmainen
2977433-3,Shark Account Oy,Osakeyhtiö,"Yliopistonkatu 18, 20100 Turku",Turku,ilmainen
2977820-3,Virta IC Oy,Osakeyhtiö,"Työtjärventie 13 C, 15880 Hollola",Hollola,ilmainen
2978513-9,Tilitoimisto Harmony Oy,Osakeyhtiö,"Pulmusenkuja 6, 65320 Vaasa",Vaasa,ilmainen
2984004-6,Scala Strat Opps 19 Oy,Osakeyhtiö,"Vuorimiehenkatu 4 A, 00140 Helsinki",Helsinki,ilmainen
2984479-2,Viis-tili Oy,Osakeyhtiö,"Käpytie 14, 09220 Sammatti",Sammatti,ilmainen
2984733-6,JML Accounting Oy,Osakeyhtiö,"Muurahaisentie 7 B, 02770 Espoo",Espoo,ilmainen
2985171-4,PortableKredit Oy,Osakeyhtiö,"Talonpojantie 8 B, 93400 Taivalkoski",Taivalkoski,ilmainen
2986778-3,Kulttuurin tilitys ja välitys Oy,Osakeyhtiö,"Ojalehdonkuja 2 B, 01400 Vantaa",Vantaa,ilmainen
2986891-1,Unik Consulting Oy,Osakeyhtiö,"Hornankalliontie 115, 05430 Nuppulinna",Nuppulinna,ilmainen
2987248-6,Koillismaan Rätinki Oy,Osakeyhtiö,"Talonpojantie 8 B, 93400 Taivalkoski",Taivalkoski,ilmainen
2987985-6,Avatea Oy,Osakeyhtiö,"Koulutie 2 A, 33960 Pirkkala",Pirkkala,ilmainen
2988478-6,Tuloskuu Oy,Osakeyhtiö,"Äyritie 8 E, 01510 Vantaa",Vantaa,ilmainen
2989686-7,CF Accounting Oy,Osakeyhtiö,"Liinasaarenkuja 3 H, 02160 Espoo",Espoo,ilmainen
2992589-1,Vantaan Talouskonsultointi Ky,Kommandiittiyhtiö,"Liisantie 4 A, 36200 Kangasala",Kangasala,ilmainen
2992695-8,PF Talous Oy,Osakeyhtiö,"Varastotie 2 B, 96320 Rovaniemi",Rovaniemi,ilmainen
2993591-8,Pohjois-Savon Tilipalvelut Oy,Osakeyhtiö,"Patavuorentie 4, 78850 Varkaus",Varkaus,ilmainen
2993989-8,Vallelandia Oy,Osakeyhtiö,"Munkinpolku 10 A, 00330 Helsinki",Helsinki,ilmainen
2994683-6,Ainoa Vaihtoehto Oy,Osakeyhtiö,"Ainikinpolku 5, 11120 Riihimäki",Riihimäki,ilmainen
2995271-8,Finacc Oy,Osakeyhtiö,00121 Helsinki,Helsinki,ilmainen
2995310-4,Pirhana Oy,Osakeyhtiö,"Kaskelankuja 12 C, 01200 Vantaa",Vantaa,ilmainen
2995324-3,Tili- ja taloushallinta Sarus Oy,Osakeyhtiö,"Mäntyniementie 56, 96700 Rovaniemi",Rovaniemi,ilmainen
2996514-8,Jupulandia Oy,Osakeyhtiö,"Töölöntorinkatu 2, 00260 Helsinki",Helsinki,ilmainen
2997012-3,Talous-Sirius Ky,Kommandiittiyhtiö,"Liukuslahdentie 7, 37120 Nokia",Nokia,ilmainen
3000440-8,Neuvotili Oy,Osakeyhtiö,"Ojanperäntie 34, 69310 Laitala",Laitala,ilmainen
3001384-9,Niemelä Laskentatoimisto Oy,Osakeyhtiö,"Tikkurilantie 68 C, 01300 Vantaa",Vantaa,ilmainen
3001634-5,Digikonttori Oy,Osakeyhtiö,"Oikokatu 6-8, 00170 Helsinki",Helsinki,ilmainen
3001933-5,Tasantili Jyväskylä Oy,Osakeyhtiö,"Yliopistonkatu 17 C, 40100 Jyväskylä",Jyväskylä,ilmainen
3002782-9,HAKuusis Oy,Osakeyhtiö,"Lattakuja 4, 60720 Tuomikylä",Tuomikylä,ilmainen
3003451-9,KMV-Tilitaito Oy,Osakeyhtiö,"Einarintie 1, 62200 Kauhava",Kauhava,ilmainen
3004574-4,Metalhallinto Oy,Osakeyhtiö,"Sillilänkuja 6, 21420 Lieto",Lieto,ilmainen
3004579-5,Tilitoimisto Taina Hannula Oy,Osakeyhtiö,"Pähkinätie 6 C, 01710 Vantaa",Vantaa,ilmainen
3006856-7,VOITTOTULOS Osk,Osuuskunta,"Viertolan Metsätie 25 C, 03400 Vihti",Vihti,ilmainen
3008982-7,From Finance Oy,Osakeyhtiö,"Koppelontie 550, 99800 Ivalo",Ivalo,ilmainen
3009005-1,Tilitoimisto Huovila Oy,Osakeyhtiö,"Hitsaajankatu 22, 00810 Helsinki",Helsinki,ilmainen
3009087-9,Tilitoimisto UndAalto Oy,Osakeyhtiö,"Savelantie 7, 00720 Helsinki",Helsinki,ilmainen
3009122-2,Tiliforum Oy,Osakeyhtiö,"Perämiehenkatu 5, 24100 Salo",Salo,ilmainen
3009144-1,Ertaku Oy,Osakeyhtiö,"Paanukorventie 30, 01860 Perttula",Perttula,ilmainen
3009237-2,Talouskuu Oy,Osakeyhtiö,"Kalliotie 2, 04360 Tuusula",Tuusula,ilmainen
3009243-6,Naturalpartners Oy,Osakeyhtiö,"Taiteentekijäntie 7 C, 00350 Helsinki",Helsinki,ilmainen
3009304-1,TilTal Taloushallinto Oy,Osakeyhtiö,,,ilmainen
3009323-6,Ekolokero Oy,Osakeyhtiö,"Haimoontie 310, 03400 Vihti",Vihti,ilmainen
3009327-9,Juha Kajavuori Oy,Osakeyhtiö,"Suksikuja 3 E, 01280 Vantaa",Vantaa,ilmainen
3009404-4,TiliKikka Oy,Osakeyhtiö,"Sarvisalontie 31 B, 59800 Kesälahti",Kesälahti,ilmainen
3009486-1,Tilitoimisto KontoKontor Oy,Osakeyhtiö,"Rantatie 3 as., 31300 Tammela",Tammela,ilmainen
3009534-6,Baltic ProManagement Oy,Osakeyhtiö,00000 Osoite Tuntematon,Osoite Tuntematon,ilmainen
3009581-3,Kartiva Oy,Osakeyhtiö,"Kontionkatu 19, 08100 Lohja",Lohja,ilmainen
3009674-4,Kairinen & Levo Oy,Osakeyhtiö,"Hittusenpiha 1, 20400 Turku",Turku,ilmainen
3009762-4,Meisenet Oy,Osakeyhtiö,"Postitorvenkatu 14, 33840 Tampere",Tampere,ilmainen
3009777-1,MJ Accounting Oy,Osakeyhtiö,"Auratie 18, 02480 Kirkkonummi",Kirkkonummi,ilmainen
3010572-7,Legitex Oy,Osakeyhtiö,"Pohjoinen Boxintie 35, 01190 Box",Box,ilmainen
3010581-5,Hägnaden Ab,Osakeyhtiö,"Lövstrandsvägen 30, 22430 Saltvik",Saltvik,ilmainen
3010764-2,H-Kaskinen Oy,Osakeyhtiö,"Alholminkatu 18 C, 68600 Pietarsaari",Pietarsaari,ilmainen
3010786-1,Kuittirumba Oy,Osakeyhtiö,"Siilotie 31 B, 90520 Oulu",Oulu,ilmainen
3010885-6,Tilikakkoset Oy,Osakeyhtiö,"Temppelikatu 11, 11100 Riihimäki",Riihimäki,ilmainen
3010919-7,Pinkkipysäkki Oy,Osakeyhtiö,"Kallioimarteentie 14 B, 01350 Vantaa",Vantaa,ilmainen
3011279-1,Finever Oy,Osakeyhtiö,"Suvantopolku 7 E, 01600 Vantaa",Vantaa,ilmainen
3011306-5,Niina Koli Oy,Osakeyhtiö,"Kyminasemantie 1 C, 45610 Koria",Koria,ilmainen
3011537-8,Laskufiksari Oy,Osakeyhtiö,"Veikonpolku 31, 03100 Nummela",Nummela,ilmainen
3011649-3,Kukainstones Ky,Kommandiittiyhtiö,"Munkkiniemen Puistotie 4 A, 00330 Helsinki",Helsinki,ilmainen
3012303-6,Mercans Finland OY,Osakeyhtiö,"Kampinkuja 2, 00100 Helsinki",Helsinki,ilmainen
3012908-3,TiliTammi Oy,Osakeyhtiö,"Jahtitie 9, 44120 Äänekoski",Äänekoski,ilmainen
3013299-5,SM-Valoset Oy,Osakeyhtiö,"Suulakuja 1-5 A, 23500 Uusikaupunki",Uusikaupunki,ilmainen
3014664-1,Tilitoimisto Erola Oy,Osakeyhtiö,"Härkitie 12 A, 37100 Nokia",Nokia,ilmainen
3014772-4,Jakobson Consult OÜ Suomen sivuliike,Sivuliike,"Miilunvartijankuja 4, 04300 Tuusula",Tuusula,ilmainen
3014828-4,Salon Tammitili Oy,Osakeyhtiö,"Aittanummentie 16, 25260 Vaskio",Vaskio,ilmainen
3015634-8,JN-Invest Oy,Osakeyhtiö,"Kalevantulentie 13, 65300 Vaasa",Vaasa,ilmainen
3017841-6,Soljos Oy,Osakeyhtiö,"Järvisentie 61, 01810 Luhtajoki",Luhtajoki,ilmainen
3018421-8,Legit Accounting Oy,Osakeyhtiö,"Patruunakatu 8 A, 02650 Espoo",Espoo,ilmainen
3018554-4,Iisalmen Tilipalvelu Oy,Osakeyhtiö,"Kiviahonkatu 5 A, 74130 Iisalmi",Iisalmi,ilmainen
3018560-8,Yrityspalvelu ApuNanne Oy,Osakeyhtiö,"Sydänmaantie 324, 27100 Eurajoki",Eurajoki,ilmainen
3018655-5,Kirpati Oy,Osakeyhtiö,"Puukkomäentie 5, 04600 Mäntsälä",Mäntsälä,ilmainen
3018966-8,EKO Redovisning Ab,Osakeyhtiö,"Torggatan 20, 22100 Mariehamn",Mariehamn,ilmainen
3019009-5,YASMIN JOSEFINA OY,Osakeyhtiö,"Nissiläntie 13, 28260 Harjunpää",Harjunpää,ilmainen
3019228-5,MM Yrityspalvelut Oy,Osakeyhtiö,"Vartiotie 5, 45100 Kouvola",Kouvola,ilmainen
3019262-1,Booming Value Oy,Osakeyhtiö,00251 Helsinki,Helsinki,ilmainen
3019656-9,Tilitoimisto eMappi Oy,Osakeyhtiö,"Sibeliuksenkatu 3 B, 08100 Lohja",Lohja,ilmainen
3019769-2,Tilitoimisto Kurhela Oy,Osakeyhtiö,"Virkajärventie 44, 60640 Isokoski",Isokoski,ilmainen
3019991-1,Kirjaamo Talouspalvelu Oy,Osakeyhtiö,00000 Osoite Tuntematon,Osoite Tuntematon,ilmainen
3020351-1,Haukkavuoren Laskenta Oy,Osakeyhtiö,"Mäntytie 8, 47400 Kausala",Kausala,ilmainen
3021113-2,AAA KitsasPro Partners Oy,Osakeyhtiö,"Valimotie 17-19, 00380 Helsinki",Helsinki,ilmainen
3021573-1,CALLIDA EST Oy,Osakeyhtiö,"Ingemarintie 44, 29570 Söörmarkku",Söörmarkku,ilmainen
3021918-5,Ficoper Oy,Osakeyhtiö,"Itäpuisto 9, 28100 Pori",Pori,ilmainen
3021959-9,Palkkaguru Oy,Osakeyhtiö,"Albertinkatu 23 A, 00120 Helsinki",Helsinki,ilmainen
3022030-3,Talous- ja assistenttipalvelut UnelmaS Ky,Kommandiittiyhtiö,"Gerbyntie 14, 65230 Vaasa",Vaasa,ilmainen
3022292-3,Reka Ratkaisut Oy,Osakeyhtiö,"Salokunnantie 590, 35550 Salokunta",Salokunta,ilmainen
3085173-8,Euro-Asia Tilitoimisto Oy,Osakeyhtiö,"Pereentie 27 D, 33950 Pirkkala",Pirkkala,ilmainen
3085319-4,Taloustaito Ainola Oy,Osakeyhtiö,"Turuntie 787, 08500 Lohja",Lohja,ilmainen
3085697-7,Förstili Oy,Osakeyhtiö,"Tampereentie 9, 38600 Lavia",Lavia,ilmainen
3085735-5,Kirjanpitopalvelu Anssi Hämäläinen Oy,Osakeyhtiö,"Reppukatu 10-14 B, 00770 Helsinki",Helsinki,ilmainen
3086350-1,Koo Yhtiö 2 Oy,Osakeyhtiö,"Uudenmaankatu 2, 05800 Hyvinkää",Hyvinkää,ilmainen
3086601-6,RA-Korporaatio Oy,Osakeyhtiö,"Heinähäntä 19, 04400 Järvenpää",Järvenpää,ilmainen
3086759-6,Sarén Holdings Oy,Osakeyhtiö,"Kähärin Puistotie 2 A, 20300 Turku",Turku,ilmainen
3086910-2,Tilipalvelu Karina Oy,Osakeyhtiö,"Kellarimäentie 12, 20660 Littoinen",Littoinen,ilmainen
3087499-9,Tupos tili Oy,Osakeyhtiö,"Marmoritie 9, 90620 Oulu",Oulu,ilmainen
3087635-3,Vunger Oy,Osakeyhtiö,"Viertolantie 6, 05400 Jokela",Jokela,ilmainen
3087707-3,Taloushallinta Conecta Confianza Oy,Osakeyhtiö,"Ilmakuja 3 A, 02210 Espoo",Espoo,ilmainen
3087991-7,TiliPetra Oy,Osakeyhtiö,"Jäspilänkatu 18, 04250 Kerava",Kerava,ilmainen
3088340-6,Niilo Nousiainen Oy,Osakeyhtiö,"Vesimiehentie 32 as., 00740 Helsinki",Helsinki,ilmainen
3088372-1,TR Flow Oy,Osakeyhtiö,"Konttisentie 8 B, 40800 Vaajakoski",Vaajakoski,ilmainen
3088717-5,Targetflow Talousjohtopalvelut Oy,Osakeyhtiö,"Lönnrotinkatu 5, 00120 Helsinki",Helsinki,ilmainen
3088946-1,Pielis-Tili Oy,Osakeyhtiö,"Kynsiniemenkatu 4, 75530 Nurmes",Nurmes,ilmainen
3089021-9,Tilimerkono Oy,Osakeyhtiö,"Revontulenpuisto 2 C, 02100 Espoo",Espoo,ilmainen
3089825-3,Varsinais-Suomen TT Oy,Osakeyhtiö,20101 Turku,Turku,ilmainen
3089970-7,Rekry & Tili Oy,Osakeyhtiö,"Kuutamokatu 2 F, 02210 Espoo",Espoo,ilmainen
3090049-9,HKTM Accounting Oy,Osakeyhtiö,"Hakalankaari 5 A, 05460 Hyvinkää",Hyvinkää,ilmainen
3090613-7,Tilitaalari Oy,Osakeyhtiö,"Laurinkatu 34, 08100 Lohja",Lohja,ilmainen
3090699-7,Petel Oy,Osakeyhtiö,"Hynnänkorventie 127, 01900 Nurmijärvi",Nurmijärvi,ilmainen
3090784-2,Angervuo Oy,Osakeyhtiö,"Kadetintie 7, 00330 Helsinki",Helsinki,ilmainen
3090955-7,Hämeen Kirjanpito Oy,Osakeyhtiö,"Raatihuoneenkatu 21, 13100 Hämeenlinna",Hämeenlinna,ilmainen
3091210-7,Adeul Oy,Osakeyhtiö,"Finnoonlaaksontie 7, 02270 Espoo",Espoo,ilmainen
3091344-1,MHM Tilit Oy,Osakeyhtiö,"Tornikatu 4 A, 21200 Raisio",Raisio,ilmainen
3092134-5,Taloushallinto Pihlajamäki Oy,Osakeyhtiö,"Sepänvahe 6, 27220 Lappi",Lappi,ilmainen
3092149-2,SERDOTIM OY,Osakeyhtiö,"Opastinsilta 6 A, 00520 Helsinki",Helsinki,ilmainen
3092384-2,TJ Accounting & Consulting Oy Ltd,Osakeyhtiö,"Vanhan Paukun Tie 1, 62100 Lapua",Lapua,ilmainen
3092624-2,BeneStella Oy,Osakeyhtiö,"Jokikyläntie 2, 75500 Nurmes",Nurmes,ilmainen
3093219-1,Lapin Tilisektori Oy,Osakeyhtiö,"Pulkamontie 6, 96900 Saarenkylä",Saarenkylä,ilmainen
3093608-8,Rocket Office Oy,Osakeyhtiö,"Hämeentie 31, 00500 Helsinki",Helsinki,ilmainen
3093807-5,Tili An-Jo Oy,Osakeyhtiö,42011 Yrityslokero,Yrityslokero,ilmainen
3094504-8,Maatalous Rätinki Oy,Osakeyhtiö,"Allitie 8 A, 90150 Oulu",Oulu,ilmainen
3094629-4,Tilien Taikaa Oy,Osakeyhtiö,"Huolintakatu 5, 20200 Turku",Turku,ilmainen
3094982-3,eCount Tilitoimistopalvelut Oy,Osakeyhtiö,"Halmetie 7, 00730 Helsinki",Helsinki,ilmainen
3095191-5,Accounting4you Oy,Osakeyhtiö,"Salomonkatu 17 A, 00100 Helsinki",Helsinki,ilmainen
3095200-2,Relov Taloushallinto Oy,Osakeyhtiö,"Sakarintie 7, 01400 Vantaa",Vantaa,ilmainen
3095212-5,Arbitrium Oy,Osakeyhtiö,"Verstaankatu 3 E, 33100 Tampere",Tampere,ilmainen
3095453-4,Talousduo Oy,Osakeyhtiö,"Toimelantie 12, 04500 Kellokoski",Kellokoski,ilmainen
3096371-3,JMK Yrityspalvelut Oy,Osakeyhtiö,"Mustamäentie 2, 04600 Mäntsälä",Mäntsälä,ilmainen
3096414-2,NS-Tili Oy,Osakeyhtiö,"Viitakantie 3, 20320 Turku",Turku,ilmainen
3097006-7,KK-laskenta Oy,Osakeyhtiö,"Susitie 21 A, 00800 Helsinki",Helsinki,ilmainen
3097701-5,Tili Johanna Oy,Osakeyhtiö,"Brahenkatu 14 D, 20100 Turku",Turku,ilmainen
3097775-2,Tilitoimisto R. Mannström Oy,Osakeyhtiö,"Tullikamarinkatu 1 as., 67100 Kokkola",Kokkola,ilmainen
3097818-1,Esox Åland Ab,Osakeyhtiö,"Norragatan 1 B, 22100 Mariehamn",Mariehamn,ilmainen
3097820-2,Oy Hoffrén Accounting Ab,Osakeyhtiö,"Yläranta 5, 02880 Veikkola",Veikkola,ilmainen
3099357-6,Virpin Tili ja Isännöinti Oy,Osakeyhtiö,"Pyydysmäentie 468, 44500 Viitasaari",Viitasaari,ilmainen
3099373-6,Sinetti Yrityspalvelut Oy,Osakeyhtiö,"Laurinkatu 49 A, 08100 Lohja",Lohja,ilmainen
3099387-5,Too Big To Fail Oy,Osakeyhtiö,"Ansatie 12, 05620 Hyvinkää",Hyvinkää,ilmainen
3100233-2,JES 4 Accounting Oy,Osakeyhtiö,"Ahventie 4 B, 02170 Espoo",Espoo,ilmainen
3100238-3,Anne's Accounting Oy,Osakeyhtiö,"Klaarantie 5 B, 00200 Helsinki",Helsinki,ilmainen
3100487-2,Espoon Yritystili Oy,Osakeyhtiö,"Kääntöpiiri 2 A, 02210 Espoo",Espoo,ilmainen
3100677-1,TiliTilda Oy,Osakeyhtiö,"Asemakatu 8 C, 62100 Lapua",Lapua,ilmainen
3100874-2,Aura Aboa Oy,Osakeyhtiö,"Samuelintie 3, 20810 Turku",Turku,ilmainen
3101100-1,OY JT Kirjanpito & Konsultointi,Osakeyhtiö,"Pekankuja 2, 07230 Askola",Askola,ilmainen
3101281-3,Tilipalvelu Hammar Oy,Osakeyhtiö,"Kalliomäentie 8 B, 01840 Klaukkala",Klaukkala,ilmainen
3101383-2,Tilintarkastus ja laskenta Karsikko Oy,Osakeyhtiö,"Soininkatu 12, 92130 Raahe",Raahe,ilmainen
3101859-6,Dimia Oy,Osakeyhtiö,"Lairolantie 20, 24910 Halikko As",Halikko As,ilmainen
3101981-2,Tilitoimisto Evlon Oy,Osakeyhtiö,"Tietäjänkatu 5 lh., 55120 Imatra",Imatra,ilmainen
3102355-5,Cintoia Oy,Osakeyhtiö,"Kuusitie 13 A, 00270 Helsinki",Helsinki,ilmainen
3102484-9,Summani Oy,Osakeyhtiö,00971 Helsinki,Helsinki,ilmainen
3102763-6,Numbers Company Oy,Osakeyhtiö,"Vuohiniityntie 4 as., 38710 Kankaanpää",Kankaanpää,ilmainen
3102860-4,Lähitili Oy,Osakeyhtiö,"Vasaratie 6, 48400 Kotka",Kotka,ilmainen
3103009-3,Econopal Oy,Osakeyhtiö,"Nuolialantie 61 A, 33900 Tampere",Tampere,ilmainen
3103046-4,Tilipalvelu Tanja Lauri Ky,Kommandiittiyhtiö,"Parsialanpolku 7, 69100 Kannus",Kannus,ilmainen
3103199-3,Tilitoimisto Soolo Oy,Osakeyhtiö,"Linnaistentie 34, 01640 Vantaa",Vantaa,ilmainen
3103206-4,Tilisilta Oy,Osakeyhtiö,"Keltasafiirinpolku 6 B, 01700 Vantaa",Vantaa,ilmainen
3103221-6,InvestCo Accounting Partners Oy,Osakeyhtiö,"Pohjoinen Makasiinikatu 6 A, 00130 Helsinki",Helsinki,ilmainen
3103727-9,Consensus GRC Oy,Osakeyhtiö,"Hämeenkatu 13b A, 33100 Tampere",Tampere,ilmainen
3103951-4,Seitenneljä Oy,Osakeyhtiö,"Kauppilantie 10b, 91100 Ii",Ii,ilmainen
3104287-9,Clarita Oy,Osakeyhtiö,"Höyläämötie 11 B, 00380 Helsinki",Helsinki,ilmainen
3104426-8,FIN Konto Accounting OY,Osakeyhtiö,"Hämeentie 153 A, 00560 Helsinki",Helsinki,ilmainen
3105093-2,Tilitoimisto E. Bergström Oy,Osakeyhtiö,"Annanbackantie 11, 04130 Sipoo",Sipoo,ilmainen
3105112-6,AnSt Consulting Oy,Osakeyhtiö,"Vartiokyläntie 32 as., 00950 Helsinki",Helsinki,ilmainen
3105814-1,Huu Tilit Oy,Osakeyhtiö,"Mustikkasuonkatu 12, 44120 Äänekoski",Äänekoski,ilmainen
3105909-9,Tili-Fortuna Oy,Osakeyhtiö,"Helsingintie 1 A, 49460 Hamina",Hamina,ilmainen
3105996-1,TP Accounting Oy,Osakeyhtiö,"Lahnatie 6 B, 90550 Oulu",Oulu,ilmainen
3106028-4,Suomen Tiliyhtiöt Oy,Osakeyhtiö,"Hyvättyläntie 4, 21420 Lieto",Lieto,ilmainen
3106727-5,Osakeyhtiö Kilunki,Osakeyhtiö,"Mäkitie 52 B, 01390 Vantaa",Vantaa,ilmainen
3107027-1,Yrityspalvelu Lexit Oy,Osakeyhtiö,"Rantakatu 13, 67100 Kokkola",Kokkola,ilmainen
3107320-2,Aalia Advisory Oy,Osakeyhtiö,"Korpimetsänkatu 6-8 B, 53850 Lappeenranta",Lappeenranta,ilmainen
3107557-4,Satu Norema Oy,Osakeyhtiö,"Tuhkalantie 11, 04330 Lahela",Lahela,ilmainen
3107654-2,Taloushallinto Kokko Oy,Osakeyhtiö,"Niinikoskentie 36, 07150 Laukkoski",Laukkoski,ilmainen
3108085-9,Talousarvo Oy,Osakeyhtiö,"Fabianinkatu 13 lh., 00130 Helsinki",Helsinki,ilmainen
3108275-8,Fimae Oy,Osakeyhtiö,"Puutarhakatu 7b C, 20100 Turku",Turku,ilmainen
3108293-4,Kirjanpitopalvelu Päivi Lindroos Oy,Osakeyhtiö,"Iso-Heikkiläntie 8, 20200 Turku",Turku,ilmainen
3108294-2,Talousinfo Mertaoja Oy,Osakeyhtiö,"Erottajankatu 9 A, 00130 Helsinki",Helsinki,ilmainen
3108520-3,Debetra Oy,Osakeyhtiö,20521 Turku,Turku,ilmainen
3108575-6,Kuopion Tasekatit Oy,Osakeyhtiö,"Peikkoahonpolku 9, 70840 Kuopio",Kuopio,ilmainen
3108940-7,Wenberg Ab,Osakeyhtiö,"Flemingsgatan 42, 10600 Tammisaari",Tammisaari,ilmainen
3109207-5,Puuking Oy,Osakeyhtiö,"Kasarminkatu 39, 87100 Kajaani",Kajaani,ilmainen
3109857-3,Tilisaarni Oy,Osakeyhtiö,"Relanderinkatu 95, 78210 Varkaus",Varkaus,ilmainen
3110430-4,KL-Palvelut Oy,Osakeyhtiö,"Ilvesvuorenkatu 22 B, 01900 Nurmijärvi",Nurmijärvi,ilmainen
3111296-1,SUMU Konsultointi Oy,Osakeyhtiö,"Kauppakatu 17 A, 40100 Jyväskylä",Jyväskylä,ilmainen
3111841-5,Tilipalvelu Taru Oy,Osakeyhtiö,"Laivalinnankatu 19, 78200 Varkaus",Varkaus,ilmainen
3111874-9,Tilitoimisto J. Toivanen Oy,Osakeyhtiö,"Riihitie 6, 85800 Haapajärvi",Haapajärvi,ilmainen
3112349-2,Arcom Ekonomi Ab,Osakeyhtiö,"Neptunigatan 29, 22100 Mariehamn",Mariehamn,ilmainen
3112443-6,MRS Prosinko Oy,Osakeyhtiö,"Peräkuja 41, 90440 Kempele",Kempele,ilmainen
3114000-6,Pasiq Oy,Osakeyhtiö,"Sahalaistenkatu 26, 28130 Pori",Pori,ilmainen
3114067-1,Yrityspalvelut Manta Oy,Osakeyhtiö,"Juuritie 36 B, 01730 Vantaa",Vantaa,ilmainen
3114138-3,Luotsikka Oy,Osakeyhtiö,"Kytölänkatu 4, 38840 Niinisalo",Niinisalo,ilmainen
3114544-8,Noster Partners Oy,Osakeyhtiö,"Lehtorinkatu 1 G, 04400 Järvenpää",Järvenpää,ilmainen
3115646-2,OSUUSKUNTA TILISYDÄN,Osuuskunta,"Junganjärventie 215, 44880 Muurasjärvi",Muurasjärvi,ilmainen
3115999-7,Tikkasen Tilit Oy,Osakeyhtiö,"Jussilantie 7 lh., 91500 Muhos",Muhos,ilmainen
3116078-7,ProJEN Oy,Osakeyhtiö,"Ilmarinkatu 8 lh., 33100 Tampere",Tampere,ilmainen
3119153-2,Finn Invoice Oy,Osakeyhtiö,"Sturenkatu 26, 00510 Helsinki",Helsinki,ilmainen
3119294-9,TrioNext Oy,Osakeyhtiö,"Lapinniementie 28, 06100 Porvoo",Porvoo,ilmainen
3119560-5,Rezulto Audit Oy,Osakeyhtiö,"Rullakatu 14 C, 15900 Lahti",Lahti,ilmainen
3119666-7,Tilinet Oy,Osakeyhtiö,"Lemminkäisenkatu 46, 20520 Turku",Turku,ilmainen
3119864-6,Tiliska Oy,Osakeyhtiö,"Palokunnankatu 9, 13100 Hämeenlinna",Hämeenlinna,ilmainen
3119910-4,Tilikeskus Isla Ky,Kommandiittiyhtiö,"Hedelmätarhantie 5 A, 15860 Hollola",Hollola,ilmainen
3120701-2,Tilipalvelu Jalava Oy,Osakeyhtiö,"Hemmintie 10 D, 04600 Mäntsälä",Mäntsälä,ilmainen
3120744-2,Toinen Tilitoimisto Oy,Osakeyhtiö,"Ansatie 12, 05620 Hyvinkää",Hyvinkää,ilmainen
3120848-8,Hatta Accounting Oy,Osakeyhtiö,"Kirkkokatu 31 B, 80100 Joensuu",Joensuu,ilmainen
3121061-7,Maxi Group Oy,Osakeyhtiö,"Vanha Turuntie 69 A, 02940 Espoo",Espoo,ilmainen
3121446-6,JJ Helppi Oy,Osakeyhtiö,"Särkänahde 8, 21100 Naantali",Naantali,ilmainen
3121564-5,HK-Tilipalvelu Oy,Osakeyhtiö,"Muottikatu 2 A, 05830 Hyvinkää",Hyvinkää,ilmainen
3122047-9,Tili-Mantsi Oy,Osakeyhtiö,"Kalevalantie 13 B, 82900 Ilomantsi",Ilomantsi,ilmainen
3122510-6,TSL ja KP Tilit Oy,Osakeyhtiö,"Lentokentäntie 47 B, 53600 Lappeenranta",Lappeenranta,ilmainen
3122853-4,TalousNappula Oy,Osakeyhtiö,"Hernemäentie 3, 04330 Lahela",Lahela,ilmainen
3122857-7,Tilitoimisto Sinica Oy,Osakeyhtiö,00000 Osoite Tuntematon,Osoite Tuntematon,ilmainen
3123615-5,Satakunnan Lakitilitoimisto Oy,Osakeyhtiö,"Jämijärventie 28 B, 38800 Jämijärvi",Jämijärvi,ilmainen
3123739-3,Rovaniemen VäliTili Oy,Osakeyhtiö,"Varastotie 2, 96320 Rovaniemi",Rovaniemi,ilmainen
3123930-5,Tilitoimisto Viisi (A) Oy,Osakeyhtiö,"Puistokatu 4, 49400 Hamina",Hamina,ilmainen
3124212-5,P&P Serguskin avoin yhtiö,Avoin yhtiö,"Herralanmäentie 82, 77600 Suonenjoki",Suonenjoki,ilmainen
3124394-5,Nordac Ltd Oy,Osakeyhtiö,"Annankatu 31-33 C, 00100 Helsinki",Helsinki,ilmainen
3124681-2,Tilitoimisto PPJ Oy,Osakeyhtiö,"Rauhankatu 1 A, 23500 Uusikaupunki",Uusikaupunki,ilmainen
3125588-2,Ruhkalanranta Oy,Osakeyhtiö,"Autionrannantie 108, 85820 Oksava",Oksava,ilmainen
3125640-4,Accsulting Ab,Osakeyhtiö,"Veckjärvivägen 3 B, 06150 Porvoo",Porvoo,ilmainen
3126195-9,SJS Account Oy,Osakeyhtiö,"Otavankatu 7, 37140 Nokia",Nokia,ilmainen
3127296-5,Solut Oy,Osakeyhtiö,"Kyöstinkatu 3, 39500 Ikaalinen",Ikaalinen,ilmainen
3127469-6,Yrityspalvelut Kallunki & Simola Oy,Osakeyhtiö,"Juppotie 13, 96910 Rovaniemi",Rovaniemi,ilmainen
3127657-9,Muamon Oy,Osakeyhtiö,"Heinikonkatu 8 A, 20240 Turku",Turku,ilmainen
3127775-8,Verokettu Oy,Osakeyhtiö,"Helsinginkatu 28 B, 00530 Helsinki",Helsinki,ilmainen
3129060-2,D-House Oy,Osakeyhtiö,"Moukarinkuja 4 C, 04300 Tuusula",Tuusula,ilmainen
3129114-6,Friigo Oy,Osakeyhtiö,"Sammonkatu 19 H, 33540 Tampere",Tampere,ilmainen
3129303-7,TALOUSNUOTIT OY,Osakeyhtiö,"Vakka 1 C, 04400 Järvenpää",Järvenpää,ilmainen
3129953-5,Paperless Oy,Osakeyhtiö,"Länsituuli 1 lh., 02100 Espoo",Espoo,ilmainen
3130146-3,MPACC Oy,Osakeyhtiö,"Taivaanvuohentie 9 B, 00200 Helsinki",Helsinki,ilmainen
3130170-3,Itä-Jollaksen investointi Oy,Osakeyhtiö,"Hepokalliontie 19, 00850 Helsinki",Helsinki,ilmainen
3130634-4,Fundz Oy,Osakeyhtiö,"Törmäkatu 2 C, 06100 Porvoo",Porvoo,ilmainen
3131855-6,A&M Kompassi Oy,Osakeyhtiö,"Oritie 2 B, 01200 Vantaa",Vantaa,ilmainen
3132140-5,Aurajoen Tili Oy,Osakeyhtiö,"Läntinen Rantakatu 23, 20100 Turku",Turku,ilmainen
3132521-1,Tekodo Oy,Osakeyhtiö,"Teknologiantie 2, 90590 Oulu",Oulu,ilmainen
3133432-9,HB Limited Oy,Osakeyhtiö,"Ståhlbergintie 6 C, 00570 Helsinki",Helsinki,ilmainen
3134449-8,Tilikone Oy,Osakeyhtiö,"Sellukatu 5 A, 33400 Tampere",Tampere,ilmainen
3134786-7,Tilitoimisto Mesiperä Oy,Osakeyhtiö,"Mahlamäentie 2, 12540 Launonen",Launonen,ilmainen
3135013-4,Yrityspalvelu Joviaali Oy,Osakeyhtiö,"Kolmionkatu 5 D, 33900 Tampere",Tampere,ilmainen
3135329-8,Joenvarren Tilitoimisto Oy,Osakeyhtiö,"Virojoentie 13 lh., 49900 Virolahti",Virolahti,ilmainen
3135665-9,JUJU ACC - Accounting Agency Oy,Osakeyhtiö,"Paasikivenkatu 13, 04200 Kerava",Kerava,ilmainen
3136213-5,Tilitoimisto Säkkinen Oy,Osakeyhtiö,"Keskuskatu 16, 89600 Suomussalmi",Suomussalmi,ilmainen
3136242-6,Talous-Haapala Oy,Osakeyhtiö,"Papinkatu 21 lh., 33200 Tampere",Tampere,ilmainen
3136345-3,Lilian Accounting Oy,Osakeyhtiö,"Niementie 158, 29100 Luvia",Luvia,ilmainen
3136714-7,KASSA 365 Oy,Osakeyhtiö,20201 Turku,Turku,ilmainen
3138344-6,Turengin Tilikeskus Oy,Osakeyhtiö,"Harvialantie 7 B, 14200 Turenki",Turenki,ilmainen
3138644-4,PR Taloudenhallinta Oy,Osakeyhtiö,"Lappeentie 23, 55100 Imatra",Imatra,ilmainen
3138660-4,Koskisen kirjaamo Oy,Osakeyhtiö,"Rakovalkeantie 46, 00670 Helsinki",Helsinki,ilmainen
3139113-9,Tili 24/7 Ky,Kommandiittiyhtiö,"Killintie 3, 45200 Kouvola",Kouvola,ilmainen
3139223-8,VpS-Tilipalvelut Oy,Osakeyhtiö,"Kotkankatu 4 B, 20610 Turku",Turku,ilmainen
3139610-8,Finance Focus Oy,Osakeyhtiö,"Palopellonkatu 6 D, 04250 Kerava",Kerava,ilmainen
3139959-5,TASECO OSK,Osuuskunta,"Ratapihantie 13, 00520 Helsinki",Helsinki,ilmainen
3140059-2,Tilitoimisto Tasetti Oy,Osakeyhtiö,"Pielisentie 18 K, 81700 Lieksa",Lieksa,ilmainen
3140304-8,IrMaTe Oy,Osakeyhtiö,"Sementtitehtaankatu 2 B, 04260 Kerava",Kerava,ilmainen
3141177-7,Unto consulting Oy,Osakeyhtiö,"Kasarmikatu 8 B, 00140 Helsinki",Helsinki,ilmainen
3142126-2,Accora Oy,Osakeyhtiö,"Miekkatie 51 A, 01700 Vantaa",Vantaa,ilmainen
3142227-3,Nice & Wise Oy,Osakeyhtiö,"Bomansonintie 5 D, 00570 Helsinki",Helsinki,ilmainen
3142273-2,Arturi Oy,Osakeyhtiö,"Eerikinkatu 7b B, 20100 Turku",Turku,ilmainen
3143033-7,Tilipolku Oy,Osakeyhtiö,"Verstaankatu 4, 33100 Tampere",Tampere,ilmainen
3144265-3,Rilela Oy,Osakeyhtiö,"Marmoritie 9, 90620 Oulu",Oulu,ilmainen
3144710-4,Finansio Oy,Osakeyhtiö,"Poromiehentie 30, 98100 Kemijärvi",Kemijärvi,ilmainen
3144717-1,Talouspalvelut HE Oy,Osakeyhtiö,"Vetokuja 4, 01610 Vantaa",Vantaa,ilmainen
3144897-5,TiliSaukko Oy,Osakeyhtiö,"Sammonkatu 24 A, 60120 Seinäjoki",Seinäjoki,ilmainen
3145151-7,KAT-Building Oy,Osakeyhtiö,"Keulantie 3 C, 28190 Pori",Pori,ilmainen
3145404-8,Fiksu Tilipalvelut Oy,Osakeyhtiö,00000 Osoite Tuntematon,Osoite Tuntematon,ilmainen
3146242-7,FT-Services Oy,Osakeyhtiö,"Nordenskiöldinkatu 2 A, 00250 Helsinki",Helsinki,ilmainen
3146485-2,Senator-tilit Oy,Osakeyhtiö,"Riivinniementie 21a, 79100 Leppävirta",Leppävirta,ilmainen
3146666-3,Talouscare Oy,Osakeyhtiö,"Kurvolanranta 9b, 37800 Akaa",Akaa,ilmainen
3147233-4,Movitz Oy,Osakeyhtiö,"Martankuja 8 B, 02700 Kauniainen",Kauniainen,ilmainen
3147481-5,K & A Partners Oy,Osakeyhtiö,"Pukinkalliontie 24, 04500 Kellokoski",Kellokoski,ilmainen
3147642-3,FineastPro Oy,Osakeyhtiö,"Salamäentie 127, 32500 Oripää",Oripää,ilmainen
3147667-7,Manuella Oy,Osakeyhtiö,"Kruutilantie 53, 37700 Sääksmäki",Sääksmäki,ilmainen
3147718-6,Schaumans Redovisning Ab,Osakeyhtiö,"Kantarellgränd 8, 22100 Mariehamn",Mariehamn,ilmainen
3148650-9,Tiimitilit Oy,Osakeyhtiö,"Helmipöllönkatu 5 A, 02680 Espoo",Espoo,ilmainen
3148992-9,Suomen Talouslaskenta Oy,Osakeyhtiö,"Kauppakatu 48, 78200 Varkaus",Varkaus,ilmainen
3149188-5,ReiCo Oy,Osakeyhtiö,"Laserkatu 6, 53850 Lappeenranta",Lappeenranta,ilmainen
3149211-6,Laiho & Laiho Management Oy,Osakeyhtiö,"Kellonsoittajankatu 11, 24100 Salo",Salo,ilmainen
3151851-5,Seiskatilit Oy,Osakeyhtiö,"Bergstantie 55, 06500 Porvoo",Porvoo,ilmainen
3152591-8,MR Lasku OY,Osakeyhtiö,"Siriuksenkuja 5 D, 01480 Vantaa",Vantaa,ilmainen
3152682-2,Laskentawelhot Ky,Kommandiittiyhtiö,"Yrittäjäntie 2, 60800 Ilmajoki",Ilmajoki,ilmainen
3152752-6,Maritima Bokföringsbyrå Kb,Kommandiittiyhtiö,"Parkvägen 17, 66200 Korsnäs",Korsnäs,ilmainen
3153779-1,MEKA Partner Ab,Osakeyhtiö,"Tobaksgatan 15, 68600 Pietarsaari",Pietarsaari,ilmainen
3154169-4,Talousninja Oy,Osakeyhtiö,"Tuotekatu 13, 21200 Raisio",Raisio,ilmainen
3155395-1,YumiTek Consulting Oy,Osakeyhtiö,"Hakalantie 24 A, 04200 Kerava",Kerava,ilmainen
3155584-2,Talousveturi Oy,Osakeyhtiö,"Laivurinkatu 11, 00150 Helsinki",Helsinki,ilmainen
3155688-8,eTilit Merja Korkalainen Oy,Osakeyhtiö,"Vaahteratie 22 A, 70420 Kuopio",Kuopio,ilmainen
3156570-9,A-TO Ventures Oy,Osakeyhtiö,"Viipurinkatu 12 A, 00510 Helsinki",Helsinki,ilmainen
3157823-5,EW Finance Oy,Osakeyhtiö,"Malmin Raitti 17 C, 00700 Helsinki",Helsinki,ilmainen
3158227-7,Landsbygdens Skattetjänst Ab,Osakeyhtiö,"Jomalagårdsväg 16, 22150 Jomala",Jomala,ilmainen
3158883-9,Grima Account Oy,Osakeyhtiö,"Sammalkallionkuja 3 C, 02210 Espoo",Espoo,ilmainen
3159728-4,Profitor Oy,Osakeyhtiö,"Sivupellontie 7 A, 61600 Jalasjärvi",Jalasjärvi,ilmainen
3159903-6,VT Core Oy Uusimaa,Osakeyhtiö,20101 Turku,Turku,ilmainen
3160059-4,Tilitopia Oy,Osakeyhtiö,"Toini Muonan Katu 3a C, 00560 Helsinki",Helsinki,ilmainen
3160863-3,Tilitoimisto Korpi Oy,Osakeyhtiö,"Harjukatu 17 A, 37100 Nokia",Nokia,ilmainen
3160926-5,Tili Puolikuu Oy,Osakeyhtiö,"Kirkkotie 732, 16710 Hollola Kk",Hollola Kk,ilmainen
3161645-7,BenMar Oy,Osakeyhtiö,"Kiviniemenkatu 12, 33330 Tampere",Tampere,ilmainen
3161752-1,Lakeuden Yrityspalvelu Oy,Osakeyhtiö,"Torikatu 9, 60100 Seinäjoki",Seinäjoki,ilmainen
3161864-7,Numerotarkka Oy,Osakeyhtiö,"Johtokivenkuja 2 D, 00710 Helsinki",Helsinki,ilmainen
3163400-6,Tili ja Talous Vekkeli Oy,Osakeyhtiö,"Selkämäntie 29 A, 19410 Kuortti",Kuortti,ilmainen
3163501-7,Yrityspalvelu Kirpakka Oy,Osakeyhtiö,"Saappalantie 24, 32740 Sastamala",Sastamala,ilmainen
3163607-9,JL Venture Oy,Osakeyhtiö,"Ahjokatu 13 A, 40320 Jyväskylä",Jyväskylä,ilmainen
3163967-5,Rata Technologies Oy,Osakeyhtiö,"Jäspilänkatu 18, 04250 Kerava",Kerava,ilmainen
3163968-3,Nyy-Invest Oy,Osakeyhtiö,"Hallituskatu 25, 33200 Tampere",Tampere,ilmainen
3164074-8,Esko Kähkönen Oy,Osakeyhtiö,"Kuokkakuja 4 B, 80260 Joensuu",Joensuu,ilmainen
3164097-5,Villirium Oy,Osakeyhtiö,"Vehkalahdenkuja 3, 00950 Helsinki",Helsinki,ilmainen
3164365-8,Revenum Oy,Osakeyhtiö,"Kampinkuja 2, 00100 Helsinki",Helsinki,ilmainen
3165479-5,E.Wasenius Oy,Osakeyhtiö,"Kurrintie 3, 05100 Röykkä",Röykkä,ilmainen
3165630-1,HYDROGEN SUOMI Oy,Osakeyhtiö,"Drusibackankuja 16, 02480 Kirkkonummi",Kirkkonummi,ilmainen
3165875-3,HGST BidCo Oy,Osakeyhtiö,"Koskentie 65, 79100 Leppävirta",Leppävirta,ilmainen
3167641-7,A & L Talouspalvelut Oy,Osakeyhtiö,"Raappavuorenreuna 4 C, 01620 Vantaa",Vantaa,ilmainen
3168003-7,AMS Accounting Oy,Osakeyhtiö,"Sepänkatu 1 B, 20700 Turku",Turku,ilmainen
3168004-5,Tiliö Oy,Osakeyhtiö,"Ajoportti 2 B, 01700 Vantaa",Vantaa,ilmainen
3168123-2,Divisio Ab,Osakeyhtiö,"Vivastebyvägen 6, 22530 Sund",Sund,ilmainen
3168637-5,E.M Ekonomi & Kommunikation AB,Osakeyhtiö,"Smedjegränd 14 A, 22610 Lemland",Lemland,ilmainen
3169550-3,Tili59fi oy,Osakeyhtiö,"Tuomikuja 6, 52700 Mäntyharju",Mäntyharju,ilmainen
3169833-3,TBT Talouspalvelut Oy,Osakeyhtiö,"Franssilantie 30, 14500 Iittala",Iittala,ilmainen
3169976-6,Aktor Oy,Osakeyhtiö,"Tahtipuikko 2 D, 90140 Oulu",Oulu,ilmainen
3170176-6,Talenom Freelancer Oy,Osakeyhtiö,"Yrttipellontie 2, 90230 Oulu",Oulu,ilmainen
3170521-4,MS-OK Tilit Oy,Osakeyhtiö,"Jukolantie 14 M, 04340 Tuusula",Tuusula,ilmainen
3171009-9,Kota Accounting Oy,Osakeyhtiö,"Vuorimiehenpuistikko 6 lh., 00140 Helsinki",Helsinki,ilmainen
3172021-1,Finnika Oy,Osakeyhtiö,"Anttilantie 51, 07150 Laukkoski",Laukkoski,ilmainen
3172124-9,Jokiville Oy,Osakeyhtiö,"Malmikatu 7b A, 80100 Joensuu",Joensuu,ilmainen
3172411-6,Eca Tili Oy,Osakeyhtiö,"Leppämäentie 914, 79265 Puponmäki",Puponmäki,ilmainen
3172483-7,L.R. Kirjanpito Oy,Osakeyhtiö,"Työpajankatu 17 A, 00580 Helsinki",Helsinki,ilmainen
3173235-1,Tilipalvelu Viljanen Oy,Osakeyhtiö,"Laurinkatu 45, 08100 Lohja",Lohja,ilmainen
3173286-1,Pihka Talouspalvelut Oy,Osakeyhtiö,"Tikkutehtaantie 2, 40800 Vaajakoski",Vaajakoski,ilmainen
3173591-5,Haapa Tilipalvelu Oy,Osakeyhtiö,"Ahertajantie 14, 52300 Ristiina",Ristiina,ilmainen
3173940-6,Tilitieto ME Oy,Osakeyhtiö,"Peräsimentie 8, 03100 Nummela",Nummela,ilmainen
3174223-4,Vinhan Verotalous Oy,Osakeyhtiö,"Kossinkatu 1 K, 33580 Tampere",Tampere,ilmainen
3174395-8,Tilitulos Oy,Osakeyhtiö,"Hämeenkatu 45, 05820 Hyvinkää",Hyvinkää,ilmainen
3174840-9,Verokonsultointi Kari Kurkioja Oy,Osakeyhtiö,"Hakatie 12, 33880 Lempäälä",Lempäälä,ilmainen
3175147-2,One Day You Will Oy,Osakeyhtiö,"Tesmatie 5, 33480 Ylöjärvi",Ylöjärvi,ilmainen
3175273-1,Tilitappi Oy,Osakeyhtiö,"Ranta-Utintie 133, 45410 Utti",Utti,ilmainen
3175345-1,MVP tilitoimisto oy,Osakeyhtiö,"Äyritie 22, 01510 Vantaa",Vantaa,ilmainen
3175427-8,TJ Tili&Talous Oy,Osakeyhtiö,"Koulutie 6 A, 12310 Ryttylä",Ryttylä,ilmainen
3175918-3,Lapin Taloushallintopalvelut Oy,Osakeyhtiö,"Sormulantie 5, 95370 Itäkoski",Itäkoski,ilmainen
3178460-2,Akauntu Oy,Osakeyhtiö,33101 Tampere,Tampere,ilmainen
3180181-2,Wikara Oy,Osakeyhtiö,"Käräjätalontie 15, 06100 Porvoo",Porvoo,ilmainen
3180299-7,Aj4Tilit Oy,Osakeyhtiö,"Lahjamaantie 18, 40420 Jyskä",Jyskä,ilmainen
3180317-2,WiseEconomy Network Oy,Osakeyhtiö,"Pohjoisranta 11 D, 28100 Pori",Pori,ilmainen
3180525-8,EPMT Oy,Osakeyhtiö,"Paanutie 8, 86710 Kärsämäki",Kärsämäki,ilmainen
3181221-2,Account Race Oy,Osakeyhtiö,"Salmisillantie 9 F, 51740 Huuhanaho",Huuhanaho,ilmainen
3181352-2,Riihos Oy,Osakeyhtiö,"Lutakonaukio 7, 40100 Jyväskylä",Jyväskylä,ilmainen
3181862-2,Tilitrainer Oy,Osakeyhtiö,"Niittyvillantie 2 B, 00730 Helsinki",Helsinki,ilmainen
3182098-4,KontioTilit Oy,Osakeyhtiö,"Kerantie 15, 81720 Lieksa",Lieksa,ilmainen
3183423-5,Mesitili ky,Kommandiittiyhtiö,"Kangasalantie 921, 36200 Kangasala",Kangasala,ilmainen
3183518-2,D&M Business Consulting Oy,Osakeyhtiö,"Koskitie 8, 32700 Huittinen",Huittinen,ilmainen
3184332-6,Smart Kirjanpito Oy,Osakeyhtiö,"Neljäs Linja 17, 00530 Helsinki",Helsinki,ilmainen
3184974-4,Kapelotti Oy,Osakeyhtiö,"Muuttolinnuntie 7 A, 00780 Helsinki",Helsinki,ilmainen
3185327-6,Tilitoimisto Mandaatti Jyväskylä Oy,Osakeyhtiö,"Lutakonaukio 1, 40100 Jyväskylä",Jyväskylä,ilmainen
3185833-3,RESHU OY,Osakeyhtiö,01511 Vantaa,Vantaa,ilmainen
3186334-3,Art-P Oy,Osakeyhtiö,"Alarannantie 4, 86710 Kärsämäki",Kärsämäki,ilmainen
3186377-3,Paulan Tilipalvelu Ky,Kommandiittiyhtiö,"Nahkatehtaankatu 2, 90130 Oulu",Oulu,ilmainen
3186962-2,Tilitoimisto Lapponia Oy,Osakeyhtiö,"Korkalonkatu 2 A, 96100 Rovaniemi",Rovaniemi,ilmainen
3187222-3,KTP Svetlana Oy,Osakeyhtiö,"Syrjäsenkatu 48, 03600 Karkkila",Karkkila,ilmainen
3187641-9,Tilitoimisto Torn Oy,Osakeyhtiö,"Mustionkatu 8, 20750 Turku",Turku,ilmainen
3188676-4,Digitilitoimisto Oy,Osakeyhtiö,"Hallimestarinkatu 26, 20780 Kaarina",Kaarina,ilmainen
3188903-3,Vänoxan Voima Oy,Osakeyhtiö,"Ylämyllyntie 9 B, 02740 Espoo",Espoo,ilmainen
3189456-1,HP Management Oy,Osakeyhtiö,"Temperankatu 4 C, 00430 Helsinki",Helsinki,ilmainen
3189489-5,Paperitahti Oy,Osakeyhtiö,"Sammontie 7 as., 82200 Hammaslahti",Hammaslahti,ilmainen
3189832-7,Value Control Oy,Osakeyhtiö,"Kvartsikatu 1, 65300 Vaasa",Vaasa,ilmainen
3190609-1,Alttum Oy,Osakeyhtiö,"Kaskitie 15 V, 33540 Tampere",Tampere,ilmainen
3190687-6,Tilitoimisto Countile Oy,Osakeyhtiö,"Tuomarilanportti 4 A, 02760 Espoo",Espoo,ilmainen
3190796-7,Propayment Oy,Osakeyhtiö,"Ulvilantie 23 C, 00350 Helsinki",Helsinki,ilmainen
3191488-4,Tilitoimi Karjalainen avoin yhtiö,Avoin yhtiö,"Nellimintie 349, 99800 Ivalo",Ivalo,ilmainen
3192008-8,ML Tax Consulting Ab Oy,Osakeyhtiö,"Jakobsgatan 30, 68600 Pietarsaari",Pietarsaari,ilmainen
3193968-6,Tililaatikko Oy,Osakeyhtiö,"Wsoy-Talo 1, 06100 Porvoo",Porvoo,ilmainen
3194076-7,Rianka Oy,Osakeyhtiö,"Kasurilanmäentie 43, 71800 Siilinjärvi",Siilinjärvi,ilmainen
3194112-9,TiliNinta Oy,Osakeyhtiö,"Järvitie 13, 01900 Nurmijärvi",Nurmijärvi,ilmainen
3194636-8,Countie McAccountantface Oy,Osakeyhtiö,"Aarnivalkeantie 5 D, 02100 Espoo",Espoo,ilmainen
3194888-1,Alta Group Oy,Osakeyhtiö,"Tapiolankuja 3, 03250 Ojakkala",Ojakkala,ilmainen
3195870-5,Bokföringsbyrå Hindsberg Ab,Osakeyhtiö,"Borgnäsvägen 595, 04130 Sipoo",Sipoo,ilmainen
3197298-8,E-Toimisto Oy,Osakeyhtiö,"Seurahuoneenkatu 1-5, 37600 Valkeakoski",Valkeakoski,ilmainen
3197442-2,My Tax Pal Ab,Osakeyhtiö,"Harmaahaikarankuja 1 A, 00940 Helsinki",Helsinki,ilmainen
3197807-9,T&M Bokföring Ab,Osakeyhtiö,"Dikesgränd 7, 22100 Mariehamn",Mariehamn,ilmainen
3198261-7,BD Redovisning Ab,Osakeyhtiö,"Torpvägen 155, 22240 Hammarland",Hammarland,ilmainen
3199101-1,Inovva Fi Oy,Osakeyhtiö,"Pirttiharjunkatu 31, 15830 Lahti",Lahti,ilmainen
3199383-4,Mizaneia Oy,Osakeyhtiö,"Kalliokuja 4 A, 01230 Vantaa",Vantaa,ilmainen
3199638-1,Bro Tilitoimisto Oy,Osakeyhtiö,"Tikkurilantie 48, 01300 Vantaa",Vantaa,ilmainen
3200643-1,Balance Bay Oy,Osakeyhtiö,"Kanneltie 1, 01260 Vantaa",Vantaa,ilmainen
3200808-2,Tili-Ståhlberg Oy,Osakeyhtiö,"Hippoksentie 31, 20520 Turku",Turku,ilmainen
3200911-4,Alvionsalo Oy,Osakeyhtiö,"Ulappasaarentie 1 G, 00980 Helsinki",Helsinki,ilmainen
3201138-8,Minkava Oy,Osakeyhtiö,"Ranta-Tampellan Katu 7 C, 33180 Tampere",Tampere,ilmainen
3201541-8,Tilitoimisto EXCELLENCE Oy,Osakeyhtiö,"Kankaretie 9b F, 00770 Helsinki",Helsinki,ilmainen
3201861-9,Tilikuru Oy,Osakeyhtiö,"Pirttiniementie 189, 96900 Saarenkylä",Saarenkylä,ilmainen
3203122-3,Tilison Accounting Oy Ab,Osakeyhtiö,"Ymmerstaporten 10 A, 02750 Espoo",Espoo,ilmainen
3203198-7,Bokmal Ab,Osakeyhtiö,"Malaxvägen 185, 66100 Maalahti",Maalahti,ilmainen
3203581-4,Ab Tigris Corde Oy,Osakeyhtiö,"Bygatan 8a, 01510 Vantaa",Vantaa,ilmainen
3203985-8,Talva Oy,Osakeyhtiö,"Museokatu 27 C, 00100 Helsinki",Helsinki,ilmainen
3204003-1,Laskupää Oy,Osakeyhtiö,"Pisteenkaari 5, 03100 Nummela",Nummela,ilmainen
3204873-8,Tarjan Tili Oy,Osakeyhtiö,"Riihenmäentie 7, 04600 Mäntsälä",Mäntsälä,ilmainen
3204925-5,Laskentapaja Oy,Osakeyhtiö,"Toinen Linja 25 lh., 00530 Helsinki",Helsinki,ilmainen
3205487-1,MKa Tilipalvelut Oy,Osakeyhtiö,"Lukkarilantie 10 B, 04600 Mäntsälä",Mäntsälä,ilmainen
3205571-9,Tilitoimisto H&V Oy,Osakeyhtiö,"Asemantie 3, 12240 Hikiä",Hikiä,ilmainen
3206651-4,JPW Holding Ab,Osakeyhtiö,"Mjölkdalsvägen 95, 22120 Mariehamn",Mariehamn,ilmainen
3207970-2,Oy Tilivahti Porkkala Ab,Osakeyhtiö,"Hirsalavägen 11, 02420 Jorvas",Jorvas,ilmainen
3208454-4,Tilisun Oy,Osakeyhtiö,"Myyräntie 1-5 C, 01800 Klaukkala",Klaukkala,ilmainen
3210090-3,Preactiva Tilitoimisto Oy,Osakeyhtiö,"Hepolamminkatu 51, 33720 Tampere",Tampere,ilmainen
3210645-9,Partolan Tilitoimisto Oy,Osakeyhtiö,"Suupantie 2, 33960 Pirkkala",Pirkkala,ilmainen
3210750-7,Tilitoimisto Kärnä Oy,Osakeyhtiö,"Kauppakatu 13 A, 87100 Kajaani",Kajaani,ilmainen
3211154-9,Tilikipa Oy,Osakeyhtiö,"Kauppalankatu 6-8 A, 45100 Kouvola",Kouvola,ilmainen
3211868-7,Papillon Oy,Osakeyhtiö,"Laippatie 3, 00880 Helsinki",Helsinki,ilmainen
3213077-4,Eliko Oy,Osakeyhtiö,"Teollisuuskatu 33, 00510 Helsinki",Helsinki,ilmainen
3213638-3,Pitäjäpro Oy,Osakeyhtiö,"Koskelantie 5, 00610 Helsinki",Helsinki,ilmainen
3213893-6,Helenom Oy,Osakeyhtiö,"Tuusantie 1, 03100 Nummela",Nummela,ilmainen
3214804-2,Tilipalvelu Marika Lehtinen Oy,Osakeyhtiö,"Huvilakatu 20 B, 04400 Järvenpää",Järvenpää,ilmainen
3216457-9,AbSe Oy,Osakeyhtiö,"Retkeilijänkatu 15, 00980 Helsinki",Helsinki,ilmainen
3218145-9,Alcava Oy,Osakeyhtiö,"Särkitie 6 A, 33430 Vuorentausta",Vuorentausta,ilmainen
3218207-2,Mies och Hiace Oy,Osakeyhtiö,"Kidekuja 2, 88610 Vuokatti",Vuokatti,ilmainen
3218900-4,REDEKO Ab,Osakeyhtiö,"Storagatan 3, 22100 Mariehamn",Mariehamn,ilmainen
3220255-5,Kultainen Talous Oy,Osakeyhtiö,"Stenkalvintie 84, 02420 Jorvas",Jorvas,ilmainen
3221401-1,Kultahamsterin laskenta- ja neuvontatoimisto Oy,Osakeyhtiö,"Tukholmankatu 10 B, 00290 Helsinki",Helsinki,ilmainen
3221515-3,Burnisle Accounting Kb,Kommandiittiyhtiö,"Bomansonsvägen 10 A, 00570 Helsinki",Helsinki,ilmainen
3221543-6,Kuopion Tilipalvelu Oy,Osakeyhtiö,"Kisällinkuja 12, 70780 Kuopio",Kuopio,ilmainen
3221644-7,Tuloslaskelma Lapinlisä Oy,Osakeyhtiö,"Asemantie 50, 03100 Nummela",Nummela,ilmainen
3222180-1,TiliVerso Oy,Osakeyhtiö,"Raivaajantie 1, 40270 Palokka",Palokka,ilmainen
3222232-9,Advisari Oy,Osakeyhtiö,"Passikatu 19, 24280 Salo",Salo,ilmainen
3222511-6,Corosar Oy,Osakeyhtiö,"Lyhtykuja 6, 00750 Helsinki",Helsinki,ilmainen
3222622-3,AR Pro Oy,Osakeyhtiö,"Metsäpurontie 9 A, 00630 Helsinki",Helsinki,ilmainen
3222802-6,Järvenpään Tilipalvelu Oy,Osakeyhtiö,"Sibeliuksenkatu 18, 04400 Järvenpää",Järvenpää,ilmainen
3223451-4,Aito-Tilit Oy,Osakeyhtiö,"Kapernauminkatu 57 A, 60100 Seinäjoki",Seinäjoki,ilmainen
3225515-5,Laskentaplussa Oy,Osakeyhtiö,"Koulukatu 13, 30100 Forssa",Forssa,ilmainen
3226286-5,Porin Talousneliöt Oy,Osakeyhtiö,00000 Osoite Tuntematon,Osoite Tuntematon,ilmainen
3226899-2,Palsone Oy,Osakeyhtiö,"Solmijankuja 3, 20660 Littoinen",Littoinen,ilmainen
3226938-9,BOI ACCOUNTING SERVICES OY,Osakeyhtiö,"Ida Aalbergin Tie 1a C, 00400 Helsinki",Helsinki,ilmainen
3229750-7,Elma Finance Oy,Osakeyhtiö,"Ojustenkatu 5, 33270 Tampere",Tampere,ilmainen
3230415-6,Tilikola Oy,Osakeyhtiö,"Keskuspuistikko 7 lt., 61300 Kurikka",Kurikka,ilmainen
3230539-4,Suomen Yhdistystili Oy,Osakeyhtiö,"Havuoksa 2 as., 26100 Rauma",Rauma,ilmainen
3230636-2,Tilineuvonta Hietakangas Oy,Osakeyhtiö,"Seuralantie 5, 60220 Seinäjoki",Seinäjoki,ilmainen
3231734-4,Talousverkko ERP Solutions Oy,Osakeyhtiö,"Valimotie 17-19, 00380 Helsinki",Helsinki,ilmainen
3233246-4,Brejk Ekonomitjänster Ab Oy,Osakeyhtiö,"Nygårdsvägen 8, 66900 Uusikaarlepyy",Uusikaarlepyy,ilmainen
3234335-8,Neksus Oy,Osakeyhtiö,"Mäensyrjä 4 A, 48310 Kotka",Kotka,ilmainen
3234463-3,Tilitoimisto Tilipoika Oy,Osakeyhtiö,"Kievarintie 23, 08700 Lohja",Lohja,ilmainen
3234808-7,Tradeo Oy,Osakeyhtiö,"Hallituskatu 36 B, 90100 Oulu",Oulu,ilmainen
3235890-4,MADTAX AB,Osakeyhtiö,"Kuggviksstigen 10, 21710 Korppoo",Korppoo,ilmainen
3236136-1,Heidis Ekonomi Ab,Osakeyhtiö,"Veckjärvivägen 3 B, 06150 Porvoo",Porvoo,ilmainen
3236408-7,Jatara Oy,Osakeyhtiö,"Pellavakuja 2 as., 04410 Järvenpää",Järvenpää,ilmainen
3236437-8,Tilix Oy,Osakeyhtiö,"Torikantie 85, 23800 Laitila",Laitila,ilmainen
3237318-6,Tilitoimisto Hellén Oy,Osakeyhtiö,"Puutuntie 4, 09430 Saukkola",Saukkola,ilmainen
3237830-7,Riksun Talouspalvelut Oy,Osakeyhtiö,"Kaunismäentie 7, 11120 Riihimäki",Riihimäki,ilmainen
3237964-1,Flow Talous Oy,Osakeyhtiö,"Sahatie 4 A, 00760 Helsinki",Helsinki,ilmainen
3238009-5,Sa-Ma Yhtiöt Oy,Osakeyhtiö,"Peltokyläntie 1 B, 00740 Helsinki",Helsinki,ilmainen
3238544-3,iAccounting FIN Oy,Osakeyhtiö,"Kaupparaitti 13 A, 00700 Helsinki",Helsinki,ilmainen
3238985-8,Tilitoimisto MilTilil Oy,Osakeyhtiö,"Metsonpolku 4, 21490 Marttila",Marttila,ilmainen
3239022-6,SAMMONKADUN TILIPALVELU OY,Osakeyhtiö,"Sammonkatu 20 B, 70500 Kuopio",Kuopio,ilmainen
3239134-1,Accotilit Oy,Osakeyhtiö,"Suvantokatu 13, 33100 Tampere",Tampere,ilmainen
3239174-7,VaraTapsa Oy,Osakeyhtiö,"Irvantie 869, 86300 Oulainen",Oulainen,ilmainen
3239508-6,Aeternus Oy,Osakeyhtiö,"Santamäentie 26, 12540 Launonen",Launonen,ilmainen
3240189-6,Yhdistystilit Ruori Oy,Osakeyhtiö,"Valtakatu 2 lh., 28100 Pori",Pori,ilmainen
3240773-7,Tilitoimisto Tutor Oy,Osakeyhtiö,"Brahenkatu 14 E, 20100 Turku",Turku,ilmainen
3240909-7,Tili-Haukat Oy,Osakeyhtiö,"Keskuskatu 20, 23100 Mynämäki",Mynämäki,ilmainen
3242366-5,Finacs Oy,Osakeyhtiö,"Himalajankatu 4 A, 65100 Vaasa",Vaasa,ilmainen
3243314-2,Efedex Oy,Osakeyhtiö,"Vanha Yrttimaantie 22 C, 00730 Helsinki",Helsinki,ilmainen
3243684-5,Siren & Tuomala Taloushallintopalvelut Oy,Osakeyhtiö,"Livornonkatu 12 lh., 00220 Helsinki",Helsinki,ilmainen
3243779-2,Multimäen yrityspalvelu Oy,Osakeyhtiö,"Linnanpellonkatu 33, 70300 Kuopio",Kuopio,ilmainen
3243862-1,Tilipalvelu Koramo Oy,Osakeyhtiö,"Aittatie 7 A, 96320 Rovaniemi",Rovaniemi,ilmainen
3244002-7,Tilitoimisto TaseControlli Ky,Kommandiittiyhtiö,"Sulbakantie 55, 03620 Karkkila",Karkkila,ilmainen
3244053-7,LE-Taloushallinto Oy,Osakeyhtiö,"Itäportti 1c T, 02210 Espoo",Espoo,ilmainen
3244466-9,Turjanne Oy,Osakeyhtiö,"Periojantie 14, 92930 Pyhäntä",Pyhäntä,ilmainen
3244469-3,Xinto Finance Oy,Osakeyhtiö,"Karjalohjantie 520, 25410 Suomusjärvi",Suomusjärvi,ilmainen
3244730-9,Finanset Oy,Osakeyhtiö,"Vääksyntie 9, 17200 Vääksy",Vääksy,ilmainen
3245347-7,Creste Oy,Osakeyhtiö,"Ståhlberginkatu 2-4 H, 85800 Haapajärvi",Haapajärvi,ilmainen
3245464-8,Cargo Tilitoimisto Oy,Osakeyhtiö,"Kalastajankatu 15, 49400 Hamina",Hamina,ilmainen
3245766-2,Kirjala Invest Oy,Osakeyhtiö,"Lillbyntie 40, 21610 Kirjala",Kirjala,ilmainen
3246064-2,Digilaskenta Oy,Osakeyhtiö,"Mellonkatu 3, 55100 Imatra",Imatra,ilmainen
3246387-8,Tiliasema Minna Seessalo Oy,Osakeyhtiö,"Itsenäisyydenkatu 42, 28130 Pori",Pori,ilmainen
3246661-4,Kavas Oy,Osakeyhtiö,"Silokalliontie 3, 04250 Kerava",Kerava,ilmainen
3247246-7,Tilitoimisto SKO Oy,Osakeyhtiö,"Vellamonkuja 2 C, 01360 Vantaa",Vantaa,ilmainen
3248946-1,Företagstjänst Excellent Ab,Osakeyhtiö,"Jakobsgatan 13, 68600 Pietarsaari",Pietarsaari,ilmainen
3249475-4,Logislet Partners Oy,Osakeyhtiö,"Brontie 3 B, 02480 Kirkkonummi",Kirkkonummi,ilmainen
3249641-8,PHV Ekonomi Ab,Osakeyhtiö,"Mossanrinne 9, 21610 Kirjala",Kirjala,ilmainen
3249913-3,A-Finance Oy,Osakeyhtiö,"Verkkosaarenkatu 5, 00580 Helsinki",Helsinki,ilmainen
3249946-7,MTY Tilipalvelu Oy,Osakeyhtiö,"Savelankuja 2 A, 61600 Jalasjärvi",Jalasjärvi,ilmainen
3250047-2,Urho Partners Oy,Osakeyhtiö,"Kalevankatu 44 B, 00180 Helsinki",Helsinki,ilmainen
3250458-8,TILIKUVA OY,Osakeyhtiö,37801 Akaa,Akaa,ilmainen
3250868-5,Palkkatakomo Oy,Osakeyhtiö,"Kivirinteentie 31, 17200 Vääksy",Vääksy,ilmainen
3251232-6,Finamar Taloushallinto Oy,Osakeyhtiö,"Unholankatu 17, 33820 Tampere",Tampere,ilmainen
3251255-3,Morsa Holding Oy,Osakeyhtiö,"Kähärlänkuja 11, 20100 Turku",Turku,ilmainen
3251391-9,Panka Investing Oy,Osakeyhtiö,"Vanhatie 28, 81750 Pankakoski",Pankakoski,ilmainen
3251610-8,Tilitoimisto AvuX Oy,Osakeyhtiö,"Putaankankaantie 10, 94450 Keminmaa",Keminmaa,ilmainen
3251914-9,LG Business House Oy,Osakeyhtiö,"Kaivokselantie 5 K, 01610 Vantaa",Vantaa,ilmainen
3253793-7,RF Tilitoimisto Oy,Osakeyhtiö,"Laippatie 4 B, 00880 Helsinki",Helsinki,ilmainen
3254440-8,Balneo Systems Oy,Osakeyhtiö,"Maneesikatu 1-3 J, 00170 Helsinki",Helsinki,ilmainen
3254856-4,Auranlaakso tilitoimisto Oy,Osakeyhtiö,"Littoistentie 81, 20610 Turku",Turku,ilmainen
3254872-4,Fintalentti (yritys)palvelut Oy,Osakeyhtiö,"Jokelantie 376, 92140 Pattijoki",Pattijoki,ilmainen
3255449-7,Olandro Oy,Osakeyhtiö,"Tarjantie 1 B, 01400 Vantaa",Vantaa,ilmainen
3255505-1,Kirjanpitopalvelu T.Hakala Oy,Osakeyhtiö,"Pitkänsillankatu 23 A, 67100 Kokkola",Kokkola,ilmainen
3255526-2,Aimset Oy,Osakeyhtiö,"Laaksotie 100, 76120 Pieksämäki",Pieksämäki,ilmainen
3256105-6,Talousjohtamo Oy,Osakeyhtiö,"Niittykuja 2 A, 02880 Veikkola",Veikkola,ilmainen
3256954-1,Tilistart Oü Suomen sivuliike,Sivuliike,"Karjalankatu 2 B, 00520 Helsinki",Helsinki,ilmainen
3257700-7,Equitio Oy,Osakeyhtiö,"Vilpunkatu 2 A, 02230 Espoo",Espoo,ilmainen
3257965-1,Roseve Oy,Osakeyhtiö,"Kurkelankatu 6 C, 21100 Naantali",Naantali,ilmainen
3258012-6,Veroluoto Oy,Osakeyhtiö,"Metsäkummuntie 16 B, 70420 Kuopio",Kuopio,ilmainen
3258626-1,Tilintarkastus Nurminen Oy,Osakeyhtiö,"Talitiaisentie 5, 40530 Jyväskylä",Jyväskylä,ilmainen
3259328-5,Servimus Oy,Osakeyhtiö,"Vanha Perttulantie 50, 01860 Perttula",Perttula,ilmainen
3259728-6,Aksola Palvelut Oy,Osakeyhtiö,"Mäntsäläntie 680, 16540 Mertie",Mertie,ilmainen
3259732-3,Notaktum Oy,Osakeyhtiö,"Katajatie 2, 36200 Kangasala",Kangasala,ilmainen
3260208-1,Salenda Oy,Osakeyhtiö,"Karjasillankatu 7 A, 70870 Hiltulanlahti",Hiltulanlahti,ilmainen
3260497-6,CFO Growth Partners Oy,Osakeyhtiö,00561 Helsinki,Helsinki,ilmainen
3260723-7,Jussin tiimi Oy,Osakeyhtiö,"Karhulantie 40, 48600 Kotka",Kotka,ilmainen
3260830-1,Tilihuiput Oy,Osakeyhtiö,"Sepänkuja 4, 78870 Varkaus",Varkaus,ilmainen
3261280-2,AKOX Oy,Osakeyhtiö,"Viuhan Rantatie 25, 15230 Lahti",Lahti,ilmainen
3262738-5,Iitu Group Oy,Osakeyhtiö,"Voimakatu 10, 15170 Lahti",Lahti,ilmainen
3263507-8,Helen Tilit Oy,Osakeyhtiö,"Vatajantie 583, 38920 Vatajankoski",Vatajankoski,ilmainen
3263644-1,Tilipalvelu Kallatsa Oy,Osakeyhtiö,"Teollisuustie 17 A, 96320 Rovaniemi",Rovaniemi,ilmainen
3264428-1,RAF Holding Oy,Osakeyhtiö,"Pietarinkatu 4 B, 20320 Turku",Turku,ilmainen
3266987-6,Tilirepo Oy,Osakeyhtiö,"Aurinkokuja 5 A, 33420 Tampere",Tampere,ilmainen
3267521-3,Pennyworth Oy,Osakeyhtiö,"Salparinteentie 9, 21410 Vanhalinna",Vanhalinna,ilmainen
3268255-2,JBJ Ekonomi Ab,Osakeyhtiö,"Krokgränden 10, 68560 Eugmo",Eugmo,ilmainen
3268573-7,YPH Digi Oy,Osakeyhtiö,"Rödsöntie 102, 67400 Kokkola",Kokkola,ilmainen
3268700-3,Neogrant Oy,Osakeyhtiö,00561 Helsinki,Helsinki,ilmainen
3268984-2,Salmex Oy,Osakeyhtiö,"Merikorttitie 2 C, 00960 Helsinki",Helsinki,ilmainen
3269759-4,Tilitoimisto Capital Oy,Osakeyhtiö,"Hevosenkenkä 3, 02600 Espoo",Espoo,ilmainen
3271272-3,Recibo Oy,Osakeyhtiö,"Ryttyläntie 14, 12310 Ryttylä",Ryttylä,ilmainen
3271478-8,KiSi Kiinteistösihteeri Oy,Osakeyhtiö,"Ristipellontie 17 B, 00390 Helsinki",Helsinki,ilmainen
3272498-6,Momgarf Oy,Osakeyhtiö,"Myllystenpohjantie 3 A, 36200 Kangasala",Kangasala,ilmainen
3273395-4,Alppila Tilit Oy,Osakeyhtiö,"Nilsiänkatu 8 B, 00510 Helsinki",Helsinki,ilmainen
3274255-1,Kirjanpito ja konsultointi E. Kylmälä Oy,Osakeyhtiö,"Tietyntie 7, 12400 Tervakoski",Tervakoski,ilmainen
3275409-3,Suomen Ecopuhdistus Oy,Osakeyhtiö,"Koskelantie 5, 00610 Helsinki",Helsinki,ilmainen
3275823-8,Tilitoimisto Desimaali Oy,Osakeyhtiö,"Kesontie 2, 37470 Vesilahti",Vesilahti,ilmainen
3275829-7,Taloustimantti Oy,Osakeyhtiö,"Pettistentie 109, 21420 Lieto",Lieto,ilmainen
3279675-2,Tilikki Yrityspalvelut Oy,Osakeyhtiö,"Rengastie 23, 60120 Seinäjoki",Seinäjoki,ilmainen
3280185-7,Tilitoimisto Meritum Oy,Osakeyhtiö,"Pohjolantie 5 B, 04420 Järvenpää",Järvenpää,ilmainen
3280315-8,OmaMappi Oy,Osakeyhtiö,"Leinikinkuja 3b, 60100 Seinäjoki",Seinäjoki,ilmainen
3281218-5,LFB-Tilitoimisto Oy,Osakeyhtiö,"Multiojankatu 30 D, 33850 Tampere",Tampere,ilmainen
3282358-9,Härma Oy,Osakeyhtiö,"Puolalanpuisto 2 A, 20100 Turku",Turku,ilmainen
3284700-3,FREE-Maksupalvelu Oy,Osakeyhtiö,"Perhonkatu 6 A, 00100 Helsinki",Helsinki,ilmainen
3284781-2,KP Tilistudio Oy,Osakeyhtiö,"Lohikoskentie 14 A, 40320 Jyväskylä",Jyväskylä,ilmainen
3285261-1,Taloushallinto TeMe Oy,Osakeyhtiö,"Seponkatu 1 A, 15140 Lahti",Lahti,ilmainen
3285846-6,Zenri Oy,Osakeyhtiö,"Kampinkuja 2, 00100 Helsinki",Helsinki,ilmainen
3286256-1,Banouarab Oy,Osakeyhtiö,"Sturenkatu 26 lt., 00510 Helsinki",Helsinki,ilmainen
3286295-9,Tilitoimisto Jenni Turunen Ky,Kommandiittiyhtiö,"Mattilankatu 5, 94600 Kemi",Kemi,ilmainen
3286991-5,Konsultointi-Laitinen Oy,Osakeyhtiö,"Olavinkatu 36 lh., 57130 Savonlinna",Savonlinna,ilmainen
3287933-9,Tiliystävät avoin yhtiö,Avoin yhtiö,"Kivivuorenkuja 1 B, 01620 Vantaa",Vantaa,ilmainen
3289408-8,Fin/Liksa Oy,Osakeyhtiö,"Lohikoskentie 14 A, 40320 Jyväskylä",Jyväskylä,ilmainen
3290729-9,Kirjanpito-Mari Oy,Osakeyhtiö,"Poutuntie 10, 37100 Nokia",Nokia,ilmainen
3290741-6,Tiliko Partners Oy,Osakeyhtiö,"Yrittäjäntie 61, 03600 Karkkila",Karkkila,ilmainen
3290804-8,Tilivalta Oy,Osakeyhtiö,"Pakkahuoneenkatu 26, 90100 Oulu",Oulu,ilmainen
3291277-6,MoneyChat Oy,Osakeyhtiö,00000 Osoite Tuntematon,Osoite Tuntematon,ilmainen
3291326-9,Yrityslaskenta Group YLG Oy,Osakeyhtiö,"Piispankatu 34, 06100 Porvoo",Porvoo,ilmainen
3291663-8,Virta Holding Oy,Osakeyhtiö,"Hämeentie 7 C, 00530 Helsinki",Helsinki,ilmainen
3294563-1,Nanna Myöhänen Oy,Osakeyhtiö,"Aamukatu 1, 15320 Lahti",Lahti,ilmainen
3296824-3,Accounting Brothers Oy,Osakeyhtiö,"Marinportti 3 A, 02320 Espoo",Espoo,ilmainen
3297872-4,Salor Oy,Osakeyhtiö,"Heikkiläntie 18, 01900 Nurmijärvi",Nurmijärvi,ilmainen
3298445-4,Tilitoimisto Laurell Oy,Osakeyhtiö,"Aleksanterinkatu 15 A, 15110 Lahti",Lahti,ilmainen
3298778-6,Alander Accounting Oy,Osakeyhtiö,"Itsenäisyydenkatu 3 B, 33100 Tampere",Tampere,ilmainen
3299016-8,Järjestöapu Oy,Osakeyhtiö,01301 Vantaa,Vantaa,ilmainen
3299318-2,Ebita Talouspalvelut Oy,Osakeyhtiö,"Sepänkyläntie 4, 65100 Vaasa",Vaasa,ilmainen
3299414-2,Tilitoimisto Mandaatti Turku Oy,Osakeyhtiö,"Itäinen Rantakatu 60, 20810 Turku",Turku,ilmainen
3299674-6,Tonava Tampere Oy,Osakeyhtiö,"Tullikatu 6, 33100 Tampere",Tampere,ilmainen
3299931-4,Smart Accounts Oy,Osakeyhtiö,"Gunnel Nymanin Katu 5 C, 00560 Helsinki",Helsinki,ilmainen
3300835-9,Linnatili Oy,Osakeyhtiö,"Saaristenkatu 14 C, 13100 Hämeenlinna",Hämeenlinna,ilmainen
3301398-3,Payfix Oy,Osakeyhtiö,"Maauunintie 27 E, 01450 Vantaa",Vantaa,ilmainen
3301659-4,Länsi-Rajan maatalousneuvonta Oy,Osakeyhtiö,"Kunnantie 4, 95700 Pello",Pello,ilmainen
3302373-5,TiliJaVe Oy,Osakeyhtiö,"Sofiankatu 4b B, 20100 Turku",Turku,ilmainen
3304500-2,Retrokirjanpito Oy,Osakeyhtiö,"Lauttasaarentie 54 E, 00200 Helsinki",Helsinki,ilmainen
3304571-5,SR Talous Oy,Osakeyhtiö,"Riipilänkuja 4, 01760 Vantaa",Vantaa,ilmainen
3305570-2,Vivlia Oy,Osakeyhtiö,"Halsuantie 3 lt., 00420 Helsinki",Helsinki,ilmainen
3305590-5,Tilitselvix Oy,Osakeyhtiö,"Näsilinnankatu 4 F, 33210 Tampere",Tampere,ilmainen
3306042-1,TKCo Oy,Osakeyhtiö,"Korkianmutkantie 55, 92700 Kestilä",Kestilä,ilmainen
3306526-5,AB-kirjanpitäjä Oy,Osakeyhtiö,"Piispantie 10, 20660 Littoinen",Littoinen,ilmainen
3306550-5,Säästöpossu Oy,Osakeyhtiö,"Haukkapolku 1, 21870 Riihikoski",Riihikoski,ilmainen
3306818-3,Tiliporras Kymenlaakso Oy,Osakeyhtiö,"Keskikatu 4, 45100 Kouvola",Kouvola,ilmainen
3307586-9,Info-X Oy,Osakeyhtiö,"Puijonkatu 25 B, 70100 Kuopio",Kuopio,ilmainen
3308093-2,AkkaPakka Oy,Osakeyhtiö,"Svinhufvudinkatu 23, 15110 Lahti",Lahti,ilmainen
3308829-9,Nerocount Oy Ab,Osakeyhtiö,"Gerby Strandvägen 5 D, 65280 Vaasa",Vaasa,ilmainen
3308898-5,Hevi Yrityspalvelut Oy,Osakeyhtiö,"Hallituskatu 13 B, 45100 Kouvola",Kouvola,ilmainen
3308988-1,JarAm Oy,Osakeyhtiö,"Hyppyripolku 1, 16710 Hollola Kk",Hollola Kk,ilmainen
3309587-8,Taloushallinto Helmi Oy,Osakeyhtiö,"Vaahteratie 13 lt., 12100 Oitti",Oitti,ilmainen
3309970-5,Tasenne Oy,Osakeyhtiö,"Kahilanniementie 6 as., 53130 Lappeenranta",Lappeenranta,ilmainen
3310120-3,TiliShamaani Oy,Osakeyhtiö,"Vasantie 186, 99270 Hormakumpu",Hormakumpu,ilmainen
3310478-9,Tiliviila Oy,Osakeyhtiö,"Sibeliuksenkatu 5, 04400 Järvenpää",Järvenpää,ilmainen
3311229-5,Hausmates Oy,Osakeyhtiö,"Mantsintie 8 A, 82900 Ilomantsi",Ilomantsi,ilmainen
3313362-7,Oulun TAK-Holding Oy,Osakeyhtiö,"Kirkkokatu 5, 90100 Oulu",Oulu,ilmainen
3313640-6,Tilitoimisto Venni Oy,Osakeyhtiö,"Brahenkatu 14 E, 20100 Turku",Turku,ilmainen
3313786-3,Viimakat Oy,Osakeyhtiö,"Pikkutikantie 8, 36220 Kangasala",Kangasala,ilmainen
3313791-9,Numerico Oy,Osakeyhtiö,"Lammastie 6 B, 01710 Vantaa",Vantaa,ilmainen
3314528-1,Hiiden Civi Oy,Osakeyhtiö,"Riihitie 14 C, 00330 Helsinki",Helsinki,ilmainen
3314579-1,Wakaus Keski-Savon tilipalvelut Oy,Osakeyhtiö,"Ahlströminkatu 6 C, 78250 Varkaus",Varkaus,ilmainen
3314812-4,Kansio Consulting Oy,Osakeyhtiö,"Vuorenjuuri 2 A, 00410 Helsinki",Helsinki,ilmainen
3315076-9,Ruokkeinen Oy,Osakeyhtiö,"Kuninkaankatu 7, 26100 Rauma",Rauma,ilmainen
3315347-6,Kirjanpitopalvelut Mia V Ky,Kommandiittiyhtiö,"Terriniementie 44, 17800 Kuhmoinen",Kuhmoinen,ilmainen
3315688-8,FreCa Oy,Osakeyhtiö,"Aleksinpolku 1 B, 06100 Porvoo",Porvoo,ilmainen
3315703-9,Olea Accounting Oy,Osakeyhtiö,"Jakobsgatan 37, 68600 Pietarsaari",Pietarsaari,ilmainen
3316116-9,Vivia Talouspalvelut Oy,Osakeyhtiö,"Savisilta 1, 84100 Ylivieska",Ylivieska,ilmainen
3318150-6,Tilitoimisto Jauhiainen Oy,Osakeyhtiö,"Yritystie 10 A, 40320 Jyväskylä",Jyväskylä,ilmainen
3318368-3,KV Talouspalvelut Oy,Osakeyhtiö,"Hannulanpolku 12 A, 33580 Tampere",Tampere,ilmainen
3319907-9,Tilitoimisto Isto Oy,Osakeyhtiö,"Hallituskatu 10 C, 95400 Tornio",Tornio,ilmainen
3320293-6,Gallant Talco Oy,Osakeyhtiö,"Kyminlinnantie 6, 48600 Kotka",Kotka,ilmainen
3321014-3,Unilcount Oy,Osakeyhtiö,"Strömsintie 6 B, 00930 Helsinki",Helsinki,ilmainen
3321100-7,Joneko Oy,Osakeyhtiö,"Reivitie 14, 90460 Oulunsalo",Oulunsalo,ilmainen
3321242-1,Nordic Business Club Oy,Osakeyhtiö,"Rahakamarinkatu 4 D, 00240 Helsinki",Helsinki,ilmainen
3321996-5,Apteekkien Taloushallinto Palvelut Suomi Oy,Osakeyhtiö,"Äyritie 24, 01510 Vantaa",Vantaa,ilmainen
3322527-3,Smartax Consulting Oy,Osakeyhtiö,"Väli-Henttaan Tie 13 B, 02250 Espoo",Espoo,ilmainen
3323030-4,Saran Laskenta Oy,Osakeyhtiö,"Hämeentie 65 A, 00550 Helsinki",Helsinki,ilmainen
3323352-1,HLB Group Oy,Osakeyhtiö,"Vanha Kaarelantie 33 A, 01610 Vantaa",Vantaa,ilmainen
3323712-7,Rissola Group Oy,Osakeyhtiö,"Soukanlahdenkatu 25 A, 33100 Tampere",Tampere,ilmainen
3323828-5,JL Accounts Oy,Osakeyhtiö,"Jättiläisentie 16, 90450 Kempele",Kempele,ilmainen
3324746-4,CostaMica Oy,Osakeyhtiö,"Eteläinen Liipolankatu 10 A, 15500 Lahti",Lahti,ilmainen
3326066-9,Tilitoimisto Hyffe Oy,Osakeyhtiö,"Sammon Valtatie 7, 33530 Tampere",Tampere,ilmainen
3327176-3,Angelma & Mäkelä Oy Tampere,Osakeyhtiö,"Kansikatu 1 B, 33100 Tampere",Tampere,ilmainen
3327245-9,Prima Tilit Oy,Osakeyhtiö,"Hiljantie 10, 15820 Lahti",Lahti,ilmainen
3327462-2,Tilitoimisto Digimar Oy,Osakeyhtiö,"Vuolteenmetsäntie 18, 04600 Mäntsälä",Mäntsälä,ilmainen
3327521-1,Novaconta Ky,Kommandiittiyhtiö,00561 Helsinki,Helsinki,ilmainen
3327608-9,SR FINANCE OY,Osakeyhtiö,"Mäntykalliontie 17, 02580 Siuntio",Siuntio,ilmainen
3327695-1,Sandberg Accounting Oy,Osakeyhtiö,"Pirttikulmantie 90, 32270 Metsämaa",Metsämaa,ilmainen
3327909-5,VBV-Talous Oy Ab,Osakeyhtiö,"Topparoikka 2 F, 02400 Kirkkonummi",Kirkkonummi,ilmainen
3328000-2,Tilitoimisto Tahila Oy,Osakeyhtiö,"Puutarhakatu 10 B, 20100 Turku",Turku,ilmainen
3328224-3,Taloushallinto Mia Oy,Osakeyhtiö,"Koivuniementie 32, 27100 Eurajoki",Eurajoki,ilmainen
3328923-4,Observante Oy,Osakeyhtiö,"Karibianranta 4 B, 00220 Helsinki",Helsinki,ilmainen
3328943-7,Fimake Account Oy,Osakeyhtiö,"Sarankulmankatu 12 B, 33900 Tampere",Tampere,ilmainen
3329150-2,ROAR Accounts Oy,Osakeyhtiö,"Konttisentie 8, 40800 Vaajakoski",Vaajakoski,ilmainen
3329746-1,Tatjana Vangonen Tilitoimisto Oy,Osakeyhtiö,"Aurinkotuulenkatu 17, 00990 Helsinki",Helsinki,ilmainen
3329919-2,NW Tilitoimisto Oy,Osakeyhtiö,"Svinhufvudintie 1, 00570 Helsinki",Helsinki,ilmainen
3330065-9,Tilikaakko Oy,Osakeyhtiö,"Kaivokatu 3, 49400 Hamina",Hamina,ilmainen
3330271-8,Vartiokylän Tilitoimisto Oy,Osakeyhtiö,"Ritvalantie 3 C, 00940 Helsinki",Helsinki,ilmainen
3330389-2,Angel Financial Services Oy,Osakeyhtiö,"Ruosilantie 1 A, 00390 Helsinki",Helsinki,ilmainen
3331384-7,MK Talouspalvelut Oy,Osakeyhtiö,"Kuormaajantie 6, 40320 Jyväskylä",Jyväskylä,ilmainen
3331442-8,Taloushallintopalvelut Officium Oy,Osakeyhtiö,"Vetokuja 4, 01610 Vantaa",Vantaa,ilmainen
3331750-6,Septimus Oy,Osakeyhtiö,"Annankatu 8 B, 00120 Helsinki",Helsinki,ilmainen
3331860-5,Tilitoimisto Adviser Oy,Osakeyhtiö,"Toukolantie 1 C, 62375 Ylihärmä",Ylihärmä,ilmainen
3332112-6,Tilitoimisto Tuula Paananen Oy,Osakeyhtiö,"Vasarakatu 1 A, 40320 Jyväskylä",Jyväskylä,ilmainen
3332548-5,Billed Oy,Osakeyhtiö,"Kappelikuja 6, 02200 Espoo",Espoo,ilmainen
3332627-7,Tilitoimisto Aittamäki Oy,Osakeyhtiö,"Asematie 1 A, 21380 Aura",Aura,ilmainen
3332774-7,Tilitupa ET Oy,Osakeyhtiö,"Haverintie 5, 21900 Yläne",Yläne,ilmainen
3334587-3,Arctic Solutions Oy,Osakeyhtiö,"Annankatu 8 B, 00120 Helsinki",Helsinki,ilmainen
3334659-3,PHaccounting Oy,Osakeyhtiö,"Kirjanpitäjänkuja 4, 02770 Espoo",Espoo,ilmainen
3334760-9,Artesaanilaskenta Oy,Osakeyhtiö,"Karhusuontie 61 C, 00780 Helsinki",Helsinki,ilmainen
3337697-9,TuloTalo Oy,Osakeyhtiö,"Yliopistonkatu 33, 20100 Turku",Turku,ilmainen
3337943-2,Jenet Oy,Osakeyhtiö,"Varputie 6, 13300 Hämeenlinna",Hämeenlinna,ilmainen
3338119-6,Tilitoimisto Skarppitilit Oy,Osakeyhtiö,"Sarvijaakonkatu 24 lt., 33540 Tampere",Tampere,ilmainen
3339196-8,Kirjanpito Korjonen Oy,Osakeyhtiö,"Neittamontie 23, 28220 Pori",Pori,ilmainen
3339837-7,Visora Oy,Osakeyhtiö,"Meri-Haarlantie 13 A, 20900 Turku",Turku,ilmainen
3341053-2,Tilitoimisto TiliTuikku Oy,Osakeyhtiö,"Kyykerinkatu 11 as., 83500 Outokumpu",Outokumpu,ilmainen
3341221-2,KaWi Yrityspalvelut Oy,Osakeyhtiö,"Mattilankatu 6, 69100 Kannus",Kannus,ilmainen
3341319-4,Mouhi Invest Oy,Osakeyhtiö,"Vihtakuja 3, 38460 Sastamala",Sastamala,ilmainen
3341368-8,Tilitoimisto Timantti Oy,Osakeyhtiö,"Juvansyrjä 10 A, 02920 Espoo",Espoo,ilmainen
3341792-9,Lakeland Accounting Oy,Osakeyhtiö,"Palomäentie 9, 33230 Tampere",Tampere,ilmainen
3342039-4,Tilitoimisto Elma Oy,Osakeyhtiö,"Torikatu 7, 38700 Kankaanpää",Kankaanpää,ilmainen
3342158-1,EC Redovisning Ab,Osakeyhtiö,"Sandnäsvägen 3, 22130 Gottby",Gottby,ilmainen
3342383-5,KLT-Kirjanpito Tuija Kujala Oy,Osakeyhtiö,"Kalliolantie 4, 60720 Tuomikylä",Tuomikylä,ilmainen
3343024-2,Tilinteon Aika Oy,Osakeyhtiö,"Kinaporinkatu 3 A, 00500 Helsinki",Helsinki,ilmainen
3343288-9,Tilitoimisto 2 Maymun avoin yhtiö,Avoin yhtiö,"Hämeentie 135 A, 00560 Helsinki",Helsinki,ilmainen
3343482-5,JEHU Oy,Osakeyhtiö,"Poikolanpolku 5, 72100 Karttula",Karttula,ilmainen
3344139-8,VP Circle Oy,Osakeyhtiö,"Ansatie 1 as., 21110 Naantali",Naantali,ilmainen
3346871-8,KMPT-Palvelut Oy,Osakeyhtiö,"Jermuntie 27, 21260 Raisio",Raisio,ilmainen
3346901-6,Fencain Oy,Osakeyhtiö,"Napanpuistontie 8, 45610 Koria",Koria,ilmainen
3347052-7,Suuraho Consulting Oy,Osakeyhtiö,"Mankkaantie 31, 02180 Espoo",Espoo,ilmainen
3347441-3,TaxSnap Accounting Oy,Osakeyhtiö,"Fredrikinkatu 37, 00120 Helsinki",Helsinki,ilmainen
3347895-9,TO Pro Oy,Osakeyhtiö,"Albert Petreliuksen Katu 3 lt., 01370 Vantaa",Vantaa,ilmainen
3348566-5,MV Tili Ky,Kommandiittiyhtiö,"Raatihuoneentori 16, 49400 Hamina",Hamina,ilmainen
3348636-9,NyAh Ekonomi Ab,Osakeyhtiö,"Himalajagatan 9, 65100 Vaasa",Vaasa,ilmainen
3348799-4,Tilitoimisto Count.fi Oy,Osakeyhtiö,"Bertha Pauligin Katu 6 A, 00990 Helsinki",Helsinki,ilmainen
3348856-7,Mattili Oy,Osakeyhtiö,"Sävintie 169, 38510 Sastamala",Sastamala,ilmainen
3348973-8,Summan Toimistopalvelut Oy,Osakeyhtiö,"Puistokatu 4 lh., 49400 Hamina",Hamina,ilmainen
3349038-4,Evelia Tilitoimisto II Oy,Osakeyhtiö,"Hertsbölentie 8 I, 25900 Taalintehdas",Taalintehdas,ilmainen
3349306-7,KT Kirjanpito Pirkanmaa Oy,Osakeyhtiö,"Rautatienkatu 14 A, 33100 Tampere",Tampere,ilmainen
3350651-8,Tilitoimisto Paasikivi Oy,Osakeyhtiö,"Aallonhalkoja 3 F, 00540 Helsinki",Helsinki,ilmainen
3351438-2,Akona Oy,Osakeyhtiö,"Pursilahdenranta 2 lt., 00980 Helsinki",Helsinki,ilmainen
3352133-9,Fimentos Oy,Osakeyhtiö,"Lahdenkuja 6 B, 91910 Tupos",Tupos,ilmainen
3352806-3,Talousvainu Oy,Osakeyhtiö,"Jokiniementie 10 lh., 12700 Loppi",Loppi,ilmainen
3352960-5,Lifax Ab,Osakeyhtiö,"Solbergsvägen 31, 22140 Mariehamn",Mariehamn,ilmainen
3353284-7,4 YOU PALVELUT OY,Osakeyhtiö,"Ohjaajantie 11 A, 00400 Helsinki",Helsinki,ilmainen
3353992-6,Tilitoimisto Stella Nova Oy,Osakeyhtiö,"Gyldénintie 7 F, 00200 Helsinki",Helsinki,ilmainen
3354297-3,Envestorio Oy,Osakeyhtiö,"Arentikuja 1 C, 00410 Helsinki",Helsinki,ilmainen
3354615-7,IS Consulting Oy,Osakeyhtiö,"Syväkiventie 6 A, 01700 Vantaa",Vantaa,ilmainen
3356013-5,ASAP Tilitoimisto Oy,Osakeyhtiö,"Neilikkakuja 4 C, 01300 Vantaa",Vantaa,ilmainen
3356080-5,MB Redovisning Ab,Osakeyhtiö,"Dikesgränd 7, 22100 Mariehamn",Mariehamn,ilmainen
3356173-6,Tili-Inka Oy,Osakeyhtiö,"Kylväjänkatu 40, 24100 Salo",Salo,ilmainen
3356592-1,TieKunnassa Oy,Osakeyhtiö,"Ryynäskyläntie 33, 83950 Ahmovaara",Ahmovaara,ilmainen
3356831-3,Talousvarpunen Oy,Osakeyhtiö,"Vainiontie 5, 33470 Ylöjärvi",Ylöjärvi,ilmainen
3358768-8,Talouspalvelu Hautala Oy,Osakeyhtiö,"Sikanevantie 14, 66300 Jurva",Jurva,ilmainen
3360107-2,Sunny Consulting Oy,Osakeyhtiö,"Torvensoittajankatu 3, 49400 Hamina",Hamina,ilmainen
3360903-1,Fast Forward Finances Oy,Osakeyhtiö,"Lemminkäisenkatu 59, 20520 Turku",Turku,ilmainen
3361191-6,TCS Counting Services Oy,Osakeyhtiö,"Capellan Puistotie 3 C, 00540 Helsinki",Helsinki,ilmainen
3361270-8,Tilitex Oy,Osakeyhtiö,"Lentotie 29, 02480 Kirkkonummi",Kirkkonummi,ilmainen
3361273-2,Tilitoimisto Talha Oy,Osakeyhtiö,01801 Klaukkala,Klaukkala,ilmainen
3361666-1,94 Bucks Oy,Osakeyhtiö,"Pikkunummentie 22, 10210 Inkoo",Inkoo,ilmainen
3361972-3,Tilitoimisto Taloushotelli Oy,Osakeyhtiö,"Väinölänkatu 28 as., 00610 Helsinki",Helsinki,ilmainen
3362431-1,A-Tili Oy,Osakeyhtiö,"Puistotie 7, 05200 Rajamäki",Rajamäki,ilmainen
3363351-7,Count It Oy,Osakeyhtiö,"Vihdintie 5, 03100 Nummela",Nummela,ilmainen
3363409-3,Flück Accounting Oy,Osakeyhtiö,"Töykkälänkatu 19 A, 20540 Turku",Turku,ilmainen
3363550-4,Keikkapalkka Oy,Osakeyhtiö,"Leväsentie 7a, 70700 Kuopio",Kuopio,ilmainen
3366797-9,Kavadi tilitoimisto Oy,Osakeyhtiö,"Pertunpellontie 1, 00740 Helsinki",Helsinki,ilmainen
3368365-3,Cuura Oy,Osakeyhtiö,"Konetie 19 C, 90620 Oulu",Oulu,ilmainen
3369244-5,Tarmokin Oy,Osakeyhtiö,"Tulliportinkatu 21, 57100 Savonlinna",Savonlinna,ilmainen
3369294-7,TaxBox Oy,Osakeyhtiö,"Mesenaatintie 9c, 00350 Helsinki",Helsinki,ilmainen
3369328-8,Ylijäämä Oy,Osakeyhtiö,"Latokuja 1b, 01660 Vantaa",Vantaa,ilmainen
3370538-1,Talouspalvelu Arkki Oy,Osakeyhtiö,"Marjarinteentie 10, 12540 Launonen",Launonen,ilmainen
3371076-2,ElvaElva Ab,Osakeyhtiö,"Bulevarden 3 D, 00120 Helsinki",Helsinki,ilmainen
3371784-1,Hinrikus Accounting Oy,Osakeyhtiö,"Ristikalliontie 8, 02460 Kantvik",Kantvik,ilmainen
3371820-3,Kyrönmaan Tilitoimisto Oy,Osakeyhtiö,"Lukkarinmäentie 4 B, 61500 Isokyrö",Isokyrö,ilmainen
3372391-8,XK Yhtiöt Oy,Osakeyhtiö,"Peltokyläntie 3 H, 00740 Helsinki",Helsinki,ilmainen
3373103-7,Accounting BO Oy,Osakeyhtiö,"Nöykkiönpuro 19 C, 02300 Espoo",Espoo,ilmainen
3373380-9,Erkolaman Oy,Osakeyhtiö,"Purolaakso 34 A, 02920 Espoo",Espoo,ilmainen
3374035-5,Lukuteoria Oy,Osakeyhtiö,"Laurinniityntie 14 F, 00440 Helsinki",Helsinki,ilmainen
3374375-9,Tilitoimisto Tilitys Oy,Osakeyhtiö,"Vaakunamiehentie 1, 21530 Paimio",Paimio,ilmainen
3374932-5,Barra Account Oy,Osakeyhtiö,"Jäspilänkatu 18, 04250 Kerava",Kerava,ilmainen
3374968-3,Franzén Redovisning Oy,Osakeyhtiö,"Vitsippsvägen 6, 22410 Godby",Godby,ilmainen
3375242-8,Tilipitappi Oy,Osakeyhtiö,"Kiurukatu 1, 74700 Kiuruvesi",Kiuruvesi,ilmainen
3375273-5,Talouspalvelu Noste Oy,Osakeyhtiö,"Tietotie 1, 37630 Valkeakoski",Valkeakoski,ilmainen
3375420-4,Inope Oy,Osakeyhtiö,"Kinospolku 1, 13500 Hämeenlinna",Hämeenlinna,ilmainen
3375752-8,HLK Yrittäjäpalvelut Oy,Osakeyhtiö,"Sumsantie 19a, 88600 Sotkamo",Sotkamo,ilmainen
3376929-7,ToimistoRotta Oy,Osakeyhtiö,"Myllykyläntie 50, 07955 Tesjoki",Tesjoki,ilmainen
3377135-4,Moneybee Oy,Osakeyhtiö,"Hermannin Rantatie 12 A, 00580 Helsinki",Helsinki,ilmainen
3377409-6,APH Services Oy,Osakeyhtiö,"Jalosenraitti 4 B, 60200 Seinäjoki",Seinäjoki,ilmainen
3377412-5,Green Financial Partners Oy Ab,Osakeyhtiö,"Strandgatan 12 D, 65100 Vaasa",Vaasa,ilmainen
3377783-6,Kide Isännöinti ja Talous Oy,Osakeyhtiö,"Kiteentie 3, 82500 Kitee",Kitee,ilmainen
3378147-2,Elting Oy,Osakeyhtiö,"Kaivoistentie 50, 20960 Turku",Turku,ilmainen
3380087-2,Accounting Broker Oy,Osakeyhtiö,"Visakoivunkuja 7 C, 02130 Espoo",Espoo,ilmainen
3380270-4,Tilinove Oy,Osakeyhtiö,"Sarakatu 14, 70820 Kuopio",Kuopio,ilmainen
3380616-6,EkoRedo Bokföring Ab Oy,Osakeyhtiö,"Fjärdsvägen 83, 66530 Koivulahti",Koivulahti,ilmainen
3381493-2,Kirjanpitopalvelu Toivonen Oy,Osakeyhtiö,"Kirkkotie 4, 63100 Kuortane",Kuortane,ilmainen
3381759-4,Huomiotilit Oy,Osakeyhtiö,"Halmekarinkuja 5, 47400 Kausala",Kausala,ilmainen
3382317-7,ProSmith Oy,Osakeyhtiö,"Sotilastorpantie 3, 10210 Inkoo",Inkoo,ilmainen
3382392-7,Pohjanmaan Yrityskonsultointi Oy,Osakeyhtiö,"Töninkuja 4, 66450 Jakkula",Jakkula,ilmainen
3382549-8,Rikle Oy,Osakeyhtiö,"Vanha Heikkiläntie 122a, 02400 Kirkkonummi",Kirkkonummi,ilmainen
3382658-9,Ajaton Invest Oy,Osakeyhtiö,"Pereentie 27 D, 33950 Pirkkala",Pirkkala,ilmainen
3382692-5,Biktopi Oy,Osakeyhtiö,"Kontiokuja 9 B, 01450 Vantaa",Vantaa,ilmainen
3382725-8,Teocon Oy,Osakeyhtiö,"Kuvastimentie 1 A, 02210 Espoo",Espoo,ilmainen
3382901-8,Waras Oy,Osakeyhtiö,"Ruusutorpanpuisto 1 A, 02600 Espoo",Espoo,ilmainen
3383480-2,Wikli Control Oy,Osakeyhtiö,"Kirkkokatu 4, 74700 Kiuruvesi",Kiuruvesi,ilmainen
3383560-2,A.M.O.L Tili Oy,Osakeyhtiö,"E.J. Nyströmin Polku 3 A, 00650 Helsinki",Helsinki,ilmainen
3383834-4,Porotalo Oy,Osakeyhtiö,"Kvartsikatu 1, 65300 Vaasa",Vaasa,ilmainen
3383947-8,Aabalance Oy,Osakeyhtiö,"Laivanvarustajankatu 6 B, 00140 Helsinki",Helsinki,ilmainen
3384197-3,Anna Saari Oy,Osakeyhtiö,"Terhinkatu 16 as., 24100 Salo",Salo,ilmainen
3384297-6,Tiliporras Savo Oy,Osakeyhtiö,"Asematie 9, 74700 Kiuruvesi",Kiuruvesi,ilmainen
3385573-4,Tilipalvelu MiSam Oy,Osakeyhtiö,"Sepänkatu 1 C, 39700 Parkano",Parkano,ilmainen
3386794-6,Tilitoimisto X Oy,Osakeyhtiö,"Hämeentie 155 C, 00560 Helsinki",Helsinki,ilmainen
3387926-9,Tuplatilit Oy,Osakeyhtiö,"Isokarhunkierto 1 B, 04300 Tuusula",Tuusula,ilmainen
3388326-8,PTP-Laskenta Oy,Osakeyhtiö,"Hämäläistentie 11 B, 02780 Espoo",Espoo,ilmainen
3388447-1,Fiksutili Oy,Osakeyhtiö,"Merimiehenkuja 14, 01670 Vantaa",Vantaa,ilmainen
3388994-2,Bentor Oy,Osakeyhtiö,"Isonnevankuja 1 A, 00320 Helsinki",Helsinki,ilmainen
3389515-4,Mindos Oy,Osakeyhtiö,"Nihtimäentie 12 G, 02630 Espoo",Espoo,ilmainen
3389691-5,Saarela Group Oy,Osakeyhtiö,"Hanslankarintie 8, 04500 Kellokoski",Kellokoski,ilmainen
3391194-3,Talman Tili & Tie Oy Ab,Osakeyhtiö,"Byändavägen 55, 04240 Talma",Talma,ilmainen
3391498-4,Kuittikeisari Oy,Osakeyhtiö,"Ullavantie 432, 68370 Ullava",Ullava,ilmainen
3391538-9,Tilivibes Oy,Osakeyhtiö,"Kauppatie 2, 93400 Taivalkoski",Taivalkoski,ilmainen
3391877-4,Pimafa Oy,Osakeyhtiö,"Saturnuksenkuja 2 B, 01480 Vantaa",Vantaa,ilmainen
3392393-6,Tilipalvelu Varanka Oy,Osakeyhtiö,"Hallituskatu 10, 98100 Kemijärvi",Kemijärvi,ilmainen
3392454-1,Someron Tili ja Talous Oy,Osakeyhtiö,"Puronotkontie 54, 25190 Pertteli",Pertteli,ilmainen
3392506-9,Tulinaye Oy,Osakeyhtiö,"Raiviosuonmäki 6 B, 01620 Vantaa",Vantaa,ilmainen
3393223-4,Ketterä Palvelut Oy,Osakeyhtiö,"Laippatie 3, 00880 Helsinki",Helsinki,ilmainen
3393410-9,Haseka Oy,Osakeyhtiö,"Antinkatu 3 D, 00100 Helsinki",Helsinki,ilmainen
3393839-6,Tilipalvelu Vera Oy,Osakeyhtiö,"Kalliotie 1, 04400 Järvenpää",Järvenpää,ilmainen
3394352-3,Tilitoimisto YV Oy,Osakeyhtiö,"Tuomiokirkonkatu 23 lh., 33100 Tampere",Tampere,ilmainen
3394715-3,KäyttöKate Oy,Osakeyhtiö,"Isoniityntie 4, 90830 Haukipudas",Haukipudas,ilmainen
3396318-8,IronBlock Accounting Oy,Osakeyhtiö,"Haukisenkatu 5 D, 33820 Tampere",Tampere,ilmainen
3396716-2,Tilitoimisto Turtiainen Oy,Osakeyhtiö,"Isonniitynkatu 3, 00520 Helsinki",Helsinki,ilmainen
3398406-9,Ab Ekonomihuset Know How,Osakeyhtiö,"Magasinvägen 2, 66100 Maalahti",Maalahti,ilmainen
3398564-3,Mikrokrist Oy,Osakeyhtiö,"Hauenkalliontie 12-14 M, 02170 Espoo",Espoo,ilmainen
3398727-8,Tilitoimisto LedgerWorks Oy,Osakeyhtiö,"Jalavakuja 4 H, 02760 Espoo",Espoo,ilmainen
3398778-8,AP laskentatoimen palvelu Oy,Osakeyhtiö,"Purpuripolku 3-5 G, 00420 Helsinki",Helsinki,ilmainen
3399886-6,Tilitoimisto ja isännöinti Niiraset Oy,Osakeyhtiö,"Laiduntie 4, 41900 Petäjävesi",Petäjävesi,ilmainen
3399917-2,Erottajan talouskonsultointi Oy,Osakeyhtiö,"Pariisinkuja 2 A, 00560 Helsinki",Helsinki,ilmainen
3402061-6,LD Accounting Oy,Osakeyhtiö,"Purpuripolku 7-9 A, 00420 Helsinki",Helsinki,ilmainen
3402120-5,Millie Accounts Oy,Osakeyhtiö,"Kapustarinnantie 8 B, 99300 Muonio",Muonio,ilmainen
3402243-5,Margaret Accounting Oy,Osakeyhtiö,"Pehtoorinkuja 7, 76130 Pieksämäki",Pieksämäki,ilmainen
3402576-7,Lujabe Oy,Osakeyhtiö,"Riekonjälki 9, 90450 Kempele",Kempele,ilmainen
3402589-8,SK Accounts Oy,Osakeyhtiö,"Liikkujantie 2 B, 90670 Oulu",Oulu,ilmainen
3402877-3,PB Accounting Oy,Osakeyhtiö,"Hiittistenkuja 9 A, 00300 Helsinki",Helsinki,ilmainen
3403295-9,Yrityspalvelu Suomalainen Oy,Osakeyhtiö,"Suomalaisentie 110, 29250 Nakkila",Nakkila,ilmainen
3403865-6,Wu Wei Oy,Osakeyhtiö,"Kasarmintie 13 A, 90130 Oulu",Oulu,ilmainen
3403891-2,Martical Oy,Osakeyhtiö,"Punavuorenkatu 20 A, 00150 Helsinki",Helsinki,ilmainen
3404489-6,Palkkapalvelu TH Oy,Osakeyhtiö,"Viitamäentie 219, 58200 Kerimäki",Kerimäki,ilmainen
3404618-9,Miljonääriklubi Oy,Osakeyhtiö,"Vesijärvenkatu 9 C, 15140 Lahti",Lahti,ilmainen
3405942-2,JHM Laskenta Oy,Osakeyhtiö,"Harjapäänkatu 33, 90400 Oulu",Oulu,ilmainen
3406012-4,Välissä Oy,Osakeyhtiö,"Minkkikatu 12, 04430 Järvenpää",Järvenpää,ilmainen
3406025-5,Tilitoimisto Satu Wähä Oy,Osakeyhtiö,"Luotomäenkatu 8, 95420 Tornio",Tornio,ilmainen
3406105-5,PL-S Konsult Ab,Osakeyhtiö,"Ottefågelgränd 5, 22140 Mariehamn",Mariehamn,ilmainen
3406362-4,TiHe-Tilit Oy,Osakeyhtiö,"Ilveksentie 4, 65350 Vaasa",Vaasa,ilmainen
3406651-8,Talousvisio Oy,Osakeyhtiö,"Suorannantie 2, 04340 Tuusula",Tuusula,ilmainen
3406982-3,Taloushallinto Tabermann Oy,Osakeyhtiö,"Arvi Kariston Katu 15 as., 13100 Hämeenlinna",Hämeenlinna,ilmainen
3408379-9,Eumera Accounting Oy,Osakeyhtiö,"Punkkerikatu 7, 53850 Lappeenranta",Lappeenranta,ilmainen
3409754-1,Talouspalvelut SarLotta Oy,Osakeyhtiö,"Keskuskatu 17-19, 76100 Pieksämäki",Pieksämäki,ilmainen
3409891-5,Noit Oy,Osakeyhtiö,"Humalistonmäki 12, 02460 Kantvik",Kantvik,ilmainen
3410142-4,Tilipalvelu Control Oy,Osakeyhtiö,"Lauritanhuanhaara 4, 33680 Tampere",Tampere,ilmainen
3410358-5,Tili-Annala Oy,Osakeyhtiö,"Lassilantie 12, 62100 Lapua",Lapua,ilmainen
3410667-1,Laifin Oy,Osakeyhtiö,"Maistraatinkatu 6 A, 20750 Turku",Turku,ilmainen
3411013-6,Fionia Oy,Osakeyhtiö,"Piitie 1, 01510 Vantaa",Vantaa,ilmainen
3411111-2,Accountify Oy,Osakeyhtiö,00000 Osoite Tuntematon,Osoite Tuntematon,ilmainen
3412063-3,AB JAOSTE OY,Osakeyhtiö,"Företagaregatan 13, 65380 Vaasa",Vaasa,ilmainen
3412511-9,Two Berries Oy,Osakeyhtiö,"Kasarmintie 13 A, 90130 Oulu",Oulu,ilmainen
3412808-8,Yrityslaboratorio Oy,Osakeyhtiö,"Brahenkatu 5, 53100 Lappeenranta",Lappeenranta,ilmainen
3412939-8,KPTH Salkku Oy,Osakeyhtiö,"Inkereentie 491, 24280 Salo",Salo,ilmainen
3413373-3,Lisbeth made me do it Oy,Osakeyhtiö,"Keskitalontie 9 A, 04430 Järvenpää",Järvenpää,ilmainen
3413905-1,Ecovis Finland Oy,Osakeyhtiö,"Bulevardi 21, 00180 Helsinki",Helsinki,ilmainen
3413928-9,Tiliatlas Oy,Osakeyhtiö,"Kuusikontie 1, 51720 Rahula",Rahula,ilmainen
3414758-8,Tilitoimisto Ele Oy,Osakeyhtiö,"Työpajankatu 6 A, 00580 Helsinki",Helsinki,ilmainen
3414769-2,Asd Consulting Oy,Osakeyhtiö,"Sahaajankatu 50, 00880 Helsinki",Helsinki,ilmainen
3415128-8,Palland Oy,Osakeyhtiö,"Ratsutie 8, 99300 Muonio",Muonio,ilmainen
3415233-6,Rationarius Oy,Osakeyhtiö,"Tarmolankatu 24 C, 06100 Porvoo",Porvoo,ilmainen
3415508-6,KM-Tilit Oy,Osakeyhtiö,00561 Helsinki,Helsinki,ilmainen
3415542-2,Terhin Tuotanto Oy,Osakeyhtiö,"Eerikinkatu 23, 00180 Helsinki",Helsinki,ilmainen
3415649-2,Tilipalvelu Pohjalainen Oy,Osakeyhtiö,"Lehtotie 5 A, 27600 Hinnerjoki",Hinnerjoki,ilmainen
3417329-2,Tilitoimisto Dorotea Oy,Osakeyhtiö,"Vaahersalontie 211, 58450 Punkaharju",Punkaharju,ilmainen
3418268-2,Financiera Oy,Osakeyhtiö,"Veklahdentie 202, 02400 Kirkkonummi",Kirkkonummi,ilmainen
3418945-4,EZ-Accounting Oy,Osakeyhtiö,"Palkkatilankatu 5 A, 00240 Helsinki",Helsinki,ilmainen
3419896-7,Ilkon Tili ja Tempaus Oy,Osakeyhtiö,"Ilkontie 24 J, 36220 Kangasala",Kangasala,ilmainen
3420788-6,Account Saron Oy,Osakeyhtiö,"Kaiterantie 7 A, 93600 Kuusamo",Kuusamo,ilmainen
3420995-3,Neblia Oy,Osakeyhtiö,"Korkeavuorenkatu 4 A, 00150 Helsinki",Helsinki,ilmainen
3421482-4,Tammentilit Oy,Osakeyhtiö,"Tammenlahdentie 178, 58830 Parkumäki",Parkumäki,ilmainen
3422194-4,PK Finance Oy,Osakeyhtiö,"Petäjäkatu 6, 21260 Raisio",Raisio,ilmainen
3422388-6,NH Financial Advisors Oy,Osakeyhtiö,"Torpantie 11, 02700 Kauniainen",Kauniainen,ilmainen
3423465-7,SproTili Oy,Osakeyhtiö,"Rajatorpantie 8, 01600 Vantaa",Vantaa,ilmainen
3423534-2,InuTilit Oy,Osakeyhtiö,"Härkikuja 6, 39100 Hämeenkyrö",Hämeenkyrö,ilmainen
3424035-2,Glen Manninen Oy,Osakeyhtiö,"Maalinauhantie 8 D, 01280 Vantaa",Vantaa,ilmainen
3426008-9,MH-Tilitieto Oy,Osakeyhtiö,"Hanhipolku 2 L, 21420 Lieto",Lieto,ilmainen
3426579-5,JuniperHill F & D Oy,Osakeyhtiö,"Hakkapeliitantie 3, 31300 Tammela",Tammela,ilmainen
3426588-3,TiliSamurai Oy,Osakeyhtiö,"Kirkkoväärtinkuja 15, 21200 Raisio",Raisio,ilmainen
3426713-3,Tarkka ja tili Oy,Osakeyhtiö,"Koskelantie 66 A, 00600 Helsinki",Helsinki,ilmainen
3427627-5,Elsea Oy,Osakeyhtiö,"Hermannin Rantatie 3 A, 00540 Helsinki",Helsinki,ilmainen
3427949-2,Pupu Invest Oy,Osakeyhtiö,"Limingankatu 5 B, 90120 Oulu",Oulu,ilmainen
3428143-7,Tilipalvelu Viitala Ky,Kommandiittiyhtiö,"Paapuurinlenkki 43, 90460 Oulunsalo",Oulunsalo,ilmainen
3428189-1,TILITOIMISTO AIDAR OY,Osakeyhtiö,"Ismontie 14, 01420 Vantaa",Vantaa,ilmainen
3428670-5,Hallog Oy,Osakeyhtiö,"Invalidikyläntie 10, 04680 Hirvihaara",Hirvihaara,ilmainen
3429411-5,Bööled Oy,Osakeyhtiö,"Höyrypolku 4 B, 00520 Helsinki",Helsinki,ilmainen
3430980-7,FINIM ACCOUNTS Öppet Bolag,Avoin yhtiö,"Metsänhoitajankatu 3 A, 00790 Helsinki",Helsinki,ilmainen
3432114-4,Accountik Ab,Osakeyhtiö,"Aspedalsvägen 14, 65610 Mustasaari",Mustasaari,ilmainen
3433648-5,Mikaja Oy,Osakeyhtiö,"Kuminatie 6, 14200 Turenki",Turenki,ilmainen
3433895-8,Tili-Tekno Oulu Oy,Osakeyhtiö,"Lyötynkatu 3, 90100 Oulu",Oulu,ilmainen
3433970-7,Kotkan Tilitoimisto Oy,Osakeyhtiö,"Korpikatu 10, 48600 Kotka",Kotka,ilmainen
3434931-5,Ilta Isännöinti Oy,Osakeyhtiö,"Savenvalajankatu 3 A, 04200 Kerava",Kerava,ilmainen
3435117-5,Kaakon Tili- ja Kiinteistöpalvelut Oy,Osakeyhtiö,"Lappeentie 18, 55100 Imatra",Imatra,ilmainen
3435366-4,ZeroX Oy,Osakeyhtiö,"Näsilinnankatu 22 A, 33210 Tampere",Tampere,ilmainen
3435598-5,TiliWelmut Oy,Osakeyhtiö,"Välikatu 13 A, 37100 Nokia",Nokia,ilmainen
3435810-7,Easy kirjanpito Oy,Osakeyhtiö,"Kamreerintie 8 B, 02770 Espoo",Espoo,ilmainen
3436076-8,Debita Tilit Oy,Osakeyhtiö,"Ulvilantie 29/5 D, 00350 Helsinki",Helsinki,ilmainen
3436172-8,Tilitoimisto Care Oy,Osakeyhtiö,"Valtakäyrä 4, 11100 Riihimäki",Riihimäki,ilmainen
3436285-1,AK Laskenta Oy,Osakeyhtiö,"Pursimiehenkatu 23 A, 00150 Helsinki",Helsinki,ilmainen
3436815-3,Tilitoimisto Kipinä Oy,Osakeyhtiö,"Metallimiehenkuja 4, 04410 Järvenpää",Järvenpää,ilmainen
3437079-8,Tilitoimisto Karolin Oy,Osakeyhtiö,"Riihinikkilänkatu 5 B, 33580 Tampere",Tampere,ilmainen
3437649-5,Tilitoimisto Ahjoniemi Oy,Osakeyhtiö,"Horsmakuja 4 B, 01300 Vantaa",Vantaa,ilmainen
3437944-2,TiliTabell Oy,Osakeyhtiö,"Tervaraitti 39, 74140 Iisalmi",Iisalmi,ilmainen
3438312-6,Yppärin Tili Oy,Osakeyhtiö,"Viisarintanhua 80, 86170 Yppäri",Yppäri,ilmainen
3438684-5,Tilifin Oy,Osakeyhtiö,"Rajatorpantie 8, 01600 Vantaa",Vantaa,ilmainen
3439112-6,Tilitoimisto Laaksonen Oy,Osakeyhtiö,"Turuntie 22, 32200 Loimaa",Loimaa,ilmainen
3439113-4,Tuija Rantanen Oy,Osakeyhtiö,"Turuntie 22, 32200 Loimaa",Loimaa,ilmainen
3439390-6,TTTM tilitoimisto Oy,Osakeyhtiö,"Sattulantie 68, 13720 Parola",Parola,ilmainen
3439602-3,Mpoint Oy,Osakeyhtiö,"Harjutie 2-4 D, 02730 Espoo",Espoo,ilmainen
3439999-6,Roxoma Control Oy,Osakeyhtiö,"Rautakiskonkuja 4 A, 02650 Espoo",Espoo,ilmainen
3440053-9,Tilitoimisto Pohjola Oy,Osakeyhtiö,"Pirkkolantie 1, 00630 Helsinki",Helsinki,ilmainen
3440715-9,CaFo Advisory Oy,Osakeyhtiö,"Itäinen Tullikatu 11, 07900 Loviisa",Loviisa,ilmainen
3441783-2,J-Qonsulting Oy Ab,Osakeyhtiö,"Konalantie 12 B, 00370 Helsinki",Helsinki,ilmainen
3441802-6,Qud Financial Solutions Oy,Osakeyhtiö,"Petter Wetterin Tie 4, 00810 Helsinki",Helsinki,ilmainen
3441810-6,ANLI Tili Oy,Osakeyhtiö,"Ollilantie 19 B, 00780 Helsinki",Helsinki,ilmainen
3442732-8,Digikonttori Kiertotalous Oy,Osakeyhtiö,"Esplanaden 62, 10900 Hanko",Hanko,ilmainen
3443052-7,The House of 7 Oy,Osakeyhtiö,"Hakakatu 7-9, 20540 Turku",Turku,ilmainen
3444747-6,Kimperium Oy,Osakeyhtiö,"Petter Wetterin Tie 9 A, 00810 Helsinki",Helsinki,ilmainen
3445029-6,Vinvestment Oy,Osakeyhtiö,"Kasperinniementie 51, 82110 Heinävaara",Heinävaara,ilmainen
3445150-4,Finamo Oy,Osakeyhtiö,"Kastuntie 43 B, 20300 Turku",Turku,ilmainen
3445656-7,Taivas vain rajana Oy,Osakeyhtiö,"Jaakkolankatu 11, 37120 Nokia",Nokia,ilmainen
3446074-2,Easy Asset Management Oy,Osakeyhtiö,02921 Espoo,Espoo,ilmainen
3446878-7,Airisto Accounting Oy,Osakeyhtiö,"Legaatinkuja 6 C, 20540 Turku",Turku,ilmainen
3448194-9,Evenes Account Oy,Osakeyhtiö,"Pastorinkaari 10, 36110 Ruutana",Ruutana,ilmainen
3448518-1,Heike Oy,Osakeyhtiö,"Porrasrinne 51, 97220 Sinettä",Sinettä,ilmainen
3448726-7,FEMMA LM Oy,Osakeyhtiö,"Viikinportti 4 B, 00790 Helsinki",Helsinki,ilmainen
3448894-8,Gamma Tilit Oy,Osakeyhtiö,"Satamakatu 2, 00160 Helsinki",Helsinki,ilmainen
3449425-6,Yildiz & Salo Oy,Osakeyhtiö,"Kuortaneenkatu 2, 00510 Helsinki",Helsinki,ilmainen
3450134-8,Greentick Oy,Osakeyhtiö,"Kirsitie 12 B, 00760 Helsinki",Helsinki,ilmainen
3450207-6,AcSys Digital Oy,Osakeyhtiö,00561 Helsinki,Helsinki,ilmainen
3450327-1,Tasar Oy,Osakeyhtiö,"Muonamiehenkatu 5, 04200 Kerava",Kerava,ilmainen
3450629-6,Athene Tax Oy,Osakeyhtiö,"Itämerenkatu 5 B, 00180 Helsinki",Helsinki,ilmainen
3450794-2,My Accounting Oy,Osakeyhtiö,"Pukinmäenaukio 4 B, 00720 Helsinki",Helsinki,ilmainen
3451065-8,Savu Financial Consulting Oy,Osakeyhtiö,"Ritakorventie 8c, 93800 Kuusamo",Kuusamo,ilmainen
3451172-2,Bomeo Operations Oy,Osakeyhtiö,"Niinivaarantie 58 A, 80200 Joensuu",Joensuu,ilmainen
3451967-9,Taloushallinto & Isännöinti Ilokallio Oy,Osakeyhtiö,"Ilokalliontie 7, 21570 Sauvo",Sauvo,ilmainen
3452564-9,Solo Accounting Oy,Osakeyhtiö,"Palloilijantie 26 D, 90670 Oulu",Oulu,ilmainen
3452659-6,TKR-Palvelut Ky,Kommandiittiyhtiö,"Mäkikalliontie 2, 95420 Tornio",Tornio,ilmainen
3453071-2,Krifina Oy,Osakeyhtiö,"Rukkilantie 2 B, 00410 Helsinki",Helsinki,ilmainen
3453501-1,TiliCat Accounts Oy,Osakeyhtiö,"Krouvintie 70, 07900 Loviisa",Loviisa,ilmainen
3454007-2,Kisoy Oy,Osakeyhtiö,"Niemeläntie 7, 50800 Mikkeli",Mikkeli,ilmainen
3455247-9,Solina Accounts Oy,Osakeyhtiö,"Korkeavuorenkatu 2 lt., 48100 Kotka",Kotka,ilmainen
3455657-6,Tilitoimisto N.A Oy,Osakeyhtiö,"Pasuunatie 8 A, 00420 Helsinki",Helsinki,ilmainen
3456103-3,Suomen Taloustaitajat Oy,Osakeyhtiö,"Laukka-Ahontie 51, 71170 Laukka-Aho",Laukka-Aho,ilmainen
3456231-9,AX-Tili Oy,Osakeyhtiö,"Ahlmaninkatu 2 E, 40100 Jyväskylä",Jyväskylä,ilmainen
3457027-1,Tilineloset Oy,Osakeyhtiö,"Hermannin Rantatie 2 B, 00580 Helsinki",Helsinki,ilmainen
3458577-2,CH-MA Accounting Oy,Osakeyhtiö,"Klaneettitie 6-8 A, 00420 Helsinki",Helsinki,ilmainen
3458646-8,Tilivesi Oy,Osakeyhtiö,"Taavetintie 26, 54500 Taavetti",Taavetti,ilmainen
3458684-7,Betsina Oy,Osakeyhtiö,"Mätäskuja 7, 01730 Vantaa",Vantaa,ilmainen
3458844-7,Loimijoen Tilitoimistopalvelut Oy,Osakeyhtiö,30101 Forssa,Forssa,ilmainen
3458970-6,Piittaset Oy,Osakeyhtiö,"Kirjokannenkatu 8, 20660 Littoinen",Littoinen,ilmainen
3459000-2,Tilitoimistobase Oy,Osakeyhtiö,"Satakunnankatu 22 lh., 27510 Eura",Eura,ilmainen
3459045-9,Suomen Tilitaikurit Oy,Osakeyhtiö,"Liekolankatu 11, 38200 Sastamala",Sastamala,ilmainen
3459942-9,TK-Tilitaso Oy,Osakeyhtiö,"Jäspilänkatu 18 B, 04250 Kerava",Kerava,ilmainen
3460094-4,Balatase Oy,Osakeyhtiö,"Lentokatu 2, 90460 Oulunsalo",Oulunsalo,ilmainen
3460574-5,Tilikorpela Oy,Osakeyhtiö,"Pärnäjärventie 305, 35820 Mänttä",Mänttä,ilmainen
3461322-7,Tilitieto Saksanen Oy,Osakeyhtiö,"Kettupolku 9, 21220 Raisio",Raisio,ilmainen
3461629-2,Finanne Oy,Osakeyhtiö,"Tikkalantie 29, 50600 Mikkeli",Mikkeli,ilmainen
3462719-4,SataValue Oy,Osakeyhtiö,"Vapaudenkatu 1 A, 28100 Pori",Pori,ilmainen
3463544-2,Tili- ja konsulttipalvelu Kivikirja Oy,Osakeyhtiö,"Varstatie 1, 90440 Kempele",Kempele,ilmainen
3463749-9,TalousHuoltamo Oy,Osakeyhtiö,"Torpparinmäentie 1g A, 00690 Helsinki",Helsinki,ilmainen
3463814-1,TiliFit Oy,Osakeyhtiö,"Myllynkatu 1 as., 21280 Raisio",Raisio,ilmainen
3464339-7,Taloussampo Oy,Osakeyhtiö,"Lastaajantie 5, 41350 Laukaa As",Laukaa As,ilmainen
3464792-9,LL Konsultaatio Oy,Osakeyhtiö,"Fredrikinkatu 14 A, 00100 Helsinki",Helsinki,ilmainen
3465070-6,Tilitoimisto Rock Oy,Osakeyhtiö,"Fredrikinkatu 55, 00100 Helsinki",Helsinki,ilmainen
3465376-3,Countmark Oy,Osakeyhtiö,"Porttivahdinkuja 4 A, 90450 Kempele",Kempele,ilmainen
3466031-4,Talousmafia Oy,Osakeyhtiö,"Kivipelto 1 B, 40520 Jyväskylä",Jyväskylä,ilmainen
3466545-7,PALMERIAL Oy,Osakeyhtiö,"Valuraudankuja 6, 00700 Helsinki",Helsinki,ilmainen
3467153-1,Rezcontra Oy,Osakeyhtiö,"Kuparipolku 7 C, 02750 Espoo",Espoo,ilmainen
3467471-6,HS Tili ja Talous Oy,Osakeyhtiö,"Keskustie 74, 51600 Haukivuori",Haukivuori,ilmainen
3467761-8,ALeLe Oy,Osakeyhtiö,"Kuukausikuja 3 C, 02200 Espoo",Espoo,ilmainen
0218484-3,MT Tili-Kiinteistö Oy,Osakeyhtiö,"Kievarintie 3, 54800 Savitaipale",Savitaipale,ilmainen
0219190-4,Tilitoimisto Haukkala Oy,Osakeyhtiö,"Veikonsola 6, 60120 Seinäjoki",Seinäjoki,ilmainen
0220227-1,Azets Insight Oy,Osakeyhtiö,"Elielinaukio 5 B, 00100 Helsinki",Helsinki,ilmainen
3468256-4,Tilikaarti Oy,Osakeyhtiö,"Heinäkatu 32, 70820 Kuopio",Kuopio,ilmainen
3468470-3,Koo Yhtiö 3 Oy,Osakeyhtiö,"Uudenmaankatu 2, 05800 Hyvinkää",Hyvinkää,ilmainen
3468669-6,ESG Account Oy,Osakeyhtiö,"Äyritie 12 A, 01510 Vantaa",Vantaa,ilmainen
3468845-6,USL Group Oy,Osakeyhtiö,"Sarvijaakonkatu 23 A, 33540 Tampere",Tampere,ilmainen
3468882-7,Tilipalvelu Sari Naukkarinen Oy,Osakeyhtiö,"Kauppatie 20, 58500 Punkaharju",Punkaharju,ilmainen
3468975-8,AQ Accounting Oy,Osakeyhtiö,"Pirjonkaivonkatu 3 I, 33710 Tampere",Tampere,ilmainen
3469004-6,Tili-Debit Oy,Osakeyhtiö,"Joensuuntie 31 lh., 31400 Somero",Somero,ilmainen
3469036-1,JRC Accounts Oy,Osakeyhtiö,"Sääskensuontie 264, 90310 Oulu",Oulu,ilmainen
3469139-9,Talousystävä Oy,Osakeyhtiö,"Koulukatu 52 D, 60100 Seinäjoki",Seinäjoki,ilmainen
1097893-4,IPR-Master Oy,Osakeyhtiö,"Riitankuja 1 C, 00840 Helsinki",Helsinki,ilmainen
1098058-3,Julkistilit Oy,Osakeyhtiö,"Merikulmantie 51 C, 20250 Turku",Turku,ilmainen
1098633-6,Tilitoimisto Anla Oy,Osakeyhtiö,"Pasilan Puistotie 6 A, 00240 Helsinki",Helsinki,ilmainen
1099545-1,Tilitoimisto Ajantili Oy,Osakeyhtiö,"Tarrantie 239 B, 03400 Vihti",Vihti,ilmainen
1099601-6,Laskentapalvelu Helin Oy,Osakeyhtiö,"Luotsitie 12 A, 70460 Kuopio",Kuopio,ilmainen
1100296-8,Talouden Jatkumo Oy,Osakeyhtiö,"Luostarinkatu 11 B, 21100 Naantali",Naantali,ilmainen
1100516-5,Oy Talous-Ami Ab,Osakeyhtiö,"Olympiakatu 16 A, 65100 Vaasa",Vaasa,ilmainen
1100994-0,Tilitoimisto Tilikausi Oy,Osakeyhtiö,"Perkkoonkatu 5, 33850 Tampere",Tampere,ilmainen
1101381-9,Verokonsultointi Vesa Häkli Oy,Osakeyhtiö,"Aleksanterinkatu 24 B, 33100 Tampere",Tampere,ilmainen
1102159-5,Caberoil Oy,Osakeyhtiö,"Niiralankatu 25, 70600 Kuopio",Kuopio,ilmainen
1103316-6,Tili-Niki Kommandiittiyhtiö,Kommandiittiyhtiö,"Kisällintie 10, 06150 Porvoo",Porvoo,ilmainen
3469472-5,Tilitoimisto Länsituuli Oy,Osakeyhtiö,"Kyynäräpolku 3, 28400 Ulvila",Ulvila,ilmainen
3469550-9,Toimisto VERA Oy,Osakeyhtiö,"Salorankatu 5-7, 24240 Salo",Salo,ilmainen
3469925-1,Hämeen Tilitieto Oy,Osakeyhtiö,"Rajakatu 2 A, 30420 Forssa",Forssa,ilmainen
3470013-6,Metso Accounting Oy,Osakeyhtiö,"Läksyrinne 27-29 M, 00760 Helsinki",Helsinki,ilmainen
3471343-9,MO-Tilit Oy,Osakeyhtiö,"Virkajärventie 337, 39230 Osara",Osara,ilmainen
1769518-7,Arpelan Tilitoimisto Oy,Osakeyhtiö,"Sihtuunantie 28, 95590 Tornio",Tornio,ilmainen
1770089-8,Laskentamaa Oy,Osakeyhtiö,"Savilahdenkatu 18 A, 50100 Mikkeli",Mikkeli,ilmainen
1770718-4,Tiliria Ky,Kommandiittiyhtiö,"Pallotie 20 E, 01280 Vantaa",Vantaa,ilmainen
1773919-4,Naveco Oy,Osakeyhtiö,"Kutojantie 6-8, 02630 Espoo",Espoo,ilmainen
2100582-0,KAKS-TILIT OY,Osakeyhtiö,"Keskustie 6 B, 34800 Virrat",Virrat,ilmainen
2101138-2,Sinun Tilit Oy,Osakeyhtiö,"Vihdintie 11, 03100 Nummela",Nummela,ilmainen
2101960-8,TS Progress Oy,Osakeyhtiö,20101 Turku,Turku,ilmainen
2102590-1,Tili-Eliisa Oy,Osakeyhtiö,"Leväsentie 23, 70780 Kuopio",Kuopio,ilmainen
2102927-5,Tilitoimisto FaktaCount Oy,Osakeyhtiö,"Valimotie 17-19, 00380 Helsinki",Helsinki,ilmainen
2105955-4,Engblom & Frantzén AB,Osakeyhtiö,"Solbergsvägen 33, 22140 Mariehamn",Mariehamn,ilmainen
2106263-0,Kirjanpitotoimisto Leena Ahonen KY,Kommandiittiyhtiö,"Rusthollinkatu 13 B, 33610 Tampere",Tampere,ilmainen
2106451-3,Ifonetti Oy,Osakeyhtiö,"Koulukatu 22 A, 65100 Vaasa",Vaasa,ilmainen
2107891-5,Konttori- ja Tilipalvelu Irja Leskinen Oy,Osakeyhtiö,"Virkkalantie 11, 08700 Lohja",Lohja,ilmainen
2451929-6,BuWo Oy,Osakeyhtiö,"Rinnekuja 8, 33960 Pirkkala",Pirkkala,ilmainen
2452228-4,Tilimylly Ky,Kommandiittiyhtiö,"Kylätie 3, 90820 Kello",Kello,ilmainen
2452775-5,ACF Taloushallinto Oy,Osakeyhtiö,"Mannerheimintie 42, 00260 Helsinki",Helsinki,ilmainen
2454779-9,TALOTILI OY,Osakeyhtiö,"Lumijoentie 1, 90400 Oulu",Oulu,ilmainen
2455569-2,Puukhollari Oy,Osakeyhtiö,"Aihtiantie 3, 35300 Orivesi",Orivesi,ilmainen
2456985-9,Tili Vuorenpää Oy,Osakeyhtiö,"Mekaniikanpolku 8 A, 33720 Tampere",Tampere,ilmainen
2460522-3,Oy Buumi Finland Ltd,Osakeyhtiö,"Kauppakatu 13 C, 54500 Taavetti",Taavetti,ilmainen
2460674-4,OfficeHelpsX Oy,Osakeyhtiö,"Naapurintie 3, 00940 Helsinki",Helsinki,ilmainen
3472781-4,Pirkkalan tulos ja tase Oy,Osakeyhtiö,"Rajamäentie 10, 33960 Pirkkala",Pirkkala,ilmainen
3472854-2,Tilipalvelu Stålhammar Oy,Osakeyhtiö,"Pahurinne 15, 35300 Orivesi",Orivesi,ilmainen
3473285-9,Alazy Oy,Osakeyhtiö,"Kuusistonkatu 4, 37600 Valkeakoski",Valkeakoski,ilmainen
3474229-9,Visu Accounting Oy,Osakeyhtiö,"Asemakatu 4 lh., 84100 Ylivieska",Ylivieska,ilmainen
3475384-4,CoolCounts Oy,Osakeyhtiö,"Nuijamiestentie 5 B, 00400 Helsinki",Helsinki,ilmainen
3475552-4,Tilitoimisto Tahvanainen Oy,Osakeyhtiö,"Mantsintie 8 C, 82900 Ilomantsi",Ilomantsi,ilmainen
3476146-5,Finance Technologies Oy,Osakeyhtiö,"Rakentajantie 10 G, 00370 Helsinki",Helsinki,ilmainen
3477757-1,Linnoo Oy,Osakeyhtiö,"Piispanristintie 2 C, 20760 Piispanristi",Piispanristi,ilmainen
3477797-7,Skogskulla Ekonomi Ab,Osakeyhtiö,"Lillbyvägen 151 A, 68940 Lillby",Lillby,ilmainen
3477892-9,Suomi-Yhtiö Oy,Osakeyhtiö,"Porttivahti 3, 60100 Seinäjoki",Seinäjoki,ilmainen
3478273-3,Tilipalvelu A Impola Oy,Osakeyhtiö,"Kurkelantie 177, 29250 Nakkila",Nakkila,ilmainen
3478901-1,Talouspalvelu Sarake Oy,Osakeyhtiö,"Koivutie 2, 83100 Liperi",Liperi,ilmainen
3478926-5,Gemini Vista Oy,Osakeyhtiö,"Tuohikuja 3 A, 63300 Alavus",Alavus,ilmainen
3479065-3,KST accounting Oy,Osakeyhtiö,"Annankatu 8 B, 00120 Helsinki",Helsinki,ilmainen
3479092-8,Nova Consulting Oy Ltd,Osakeyhtiö,"Matarankatu 4, 40100 Jyväskylä",Jyväskylä,ilmainen
3479434-7,Clareko Accounting OY,Osakeyhtiö,"Soukanahde 6 A, 02360 Espoo",Espoo,ilmainen
3479505-9,Tiliportaali Oy,Osakeyhtiö,"Insinöörinkatu 4 C, 00880 Helsinki",Helsinki,ilmainen
3479732-9,Laskentapilotti Oy,Osakeyhtiö,"Järvisentie 61, 01810 Luhtajoki",Luhtajoki,ilmainen
3480848-9,Moisen Oy,Osakeyhtiö,"Patunantie 31, 93600 Kuusamo",Kuusamo,ilmainen
3482251-2,M. Tukiainen Oy,Osakeyhtiö,"Kyllikinraitti 9 A, 33500 Tampere",Tampere,ilmainen
3482326-7,Seinäjoen Sähköinen Taloushallinto Oy,Osakeyhtiö,"Ensimmäinenmäki 11, 60640 Isokoski",Isokoski,ilmainen
3482422-7,Arvo Tilitoimisto Oy,Osakeyhtiö,"Asemantie 1 B, 03100 Nummela",Nummela,ilmainen
3482706-5,Tilitoimisto TalousNeRo Oy,Osakeyhtiö,"Jouhinkatu 7, 33870 Tampere",Tampere,ilmainen
3483084-6,Tilitoimisto Facere Oy,Osakeyhtiö,"Vaahteramäentie 2 A, 04150 Martinkylä",Martinkylä,ilmainen
3483172-6,Piritan koti ja tili Oy,Osakeyhtiö,"Röytyntie 15, 54920 Taipalsaari",Taipalsaari,ilmainen
3483494-3,Anttonen Services Oy,Osakeyhtiö,"Tommilantie 2, 28400 Ulvila",Ulvila,ilmainen
3484090-5,FJM Holding Oy,Osakeyhtiö,"Mechelininkatu 10 A, 00100 Helsinki",Helsinki,ilmainen
3484672-5,Tukitiimi Oy,Osakeyhtiö,"Oikokatu 3 D, 30100 Forssa",Forssa,ilmainen
3485356-2,Tilitoimisto N.M. Oy,Osakeyhtiö,"Luhtatie 21, 37120 Nokia",Nokia,ilmainen
3485617-3,ReeTase Oy,Osakeyhtiö,"Hiltusenahontie 8, 83500 Outokumpu",Outokumpu,ilmainen
3485940-3,ArcticEdge Consulting Oy,Osakeyhtiö,"Visakoivuntie 10 N, 02130 Espoo",Espoo,ilmainen
3485941-1,Hapa Invest Oy,Osakeyhtiö,"Mettistöntie 12 A, 33400 Tampere",Tampere,ilmainen
3487022-3,Tilikaksikko Oy,Osakeyhtiö,"Martinkyläntie 53, 01720 Vantaa",Vantaa,ilmainen
3487136-5,Wakaa Tilitoimisto Oy,Osakeyhtiö,"Puunaulakatu 10 A, 28100 Pori",Pori,ilmainen
3487664-1,Tilitoimisto Tiliprada Oy,Osakeyhtiö,"Keskustie 41, 43900 Kinnula",Kinnula,ilmainen
3488251-5,Agrowuori avoin yhtiö,Avoin yhtiö,"Rekikoskentie 695, 32700 Huittinen",Huittinen,ilmainen
3488401-9,Viihtylä Oy,Osakeyhtiö,"Pulkkilantie 70, 17320 Asikkala",Asikkala,ilmainen
3488687-4,Lotteri Oy,Osakeyhtiö,37101 Nokia,Nokia,ilmainen
3488848-2,Kionni Oy,Osakeyhtiö,"Hiisimetsänkatu 10, 03600 Karkkila",Karkkila,ilmainen
3488947-7,HUNKELER ACTS OY,Osakeyhtiö,"Vuolenkoskentie 1232, 19160 Huutotöyry",Huutotöyry,ilmainen
3489005-6,TiliMode Oy,Osakeyhtiö,"Ratavartijankatu 11, 15170 Lahti",Lahti,ilmainen
3490304-8,Outside Accounting Oy,Osakeyhtiö,"Horninkatu 11 B, 24100 Salo",Salo,ilmainen
3490452-6,SterAccount Oy,Osakeyhtiö,"Hissitie 10 D, 99130 Sirkka",Sirkka,ilmainen
3490464-9,Pii Tili Oy,Osakeyhtiö,"Albert Edelfeltin Rantatie 12, 06400 Porvoo",Porvoo,ilmainen
3490747-9,Tilipilvi Oy,Osakeyhtiö,04401 Järvenpää,Järvenpää,ilmainen
3491190-2,ASA Finance Oy,Osakeyhtiö,"Mikonkatu 9, 00100 Helsinki",Helsinki,ilmainen
3491302-7,Karlz Business Services AB Filial Finland,Sivuliike,,,ilmainen
3492115-8,Posted Oy,Osakeyhtiö,"Kaivosrinteenkuja 2 N, 01610 Vantaa",Vantaa,ilmainen
3492601-2,HL Tilitoimisto Oy,Osakeyhtiö,"Harkontie 13, 33820 Tampere",Tampere,ilmainen
3492859-5,Minwise Oy,Osakeyhtiö,"Hatanpään Puistokuja 25 A, 33900 Tampere",Tampere,ilmainen
3492962-7,Aamudata Oy,Osakeyhtiö,"Kastevuorenkuja 4 B, 02360 Espoo",Espoo,ilmainen
3493127-6,AvainTase Oy,Osakeyhtiö,"Valkintie 4, 20660 Littoinen",Littoinen,ilmainen
3493310-8,TalousTaito Piispanen Oy,Osakeyhtiö,"Puntuksenrinne 16, 67400 Kokkola",Kokkola,ilmainen
3493403-9,Prime Finance Oy,Osakeyhtiö,"Nallitie 8 C, 00940 Helsinki",Helsinki,ilmainen
3493570-1,JS Tili&Valmennus Oy,Osakeyhtiö,"Laajakoskentie 273, 48720 Kotka",Kotka,ilmainen
3493812-8,HR Majakka Oy,Osakeyhtiö,"Hitsaajankatu 22, 00810 Helsinki",Helsinki,ilmainen
3493884-9,GB Solutions Oy,Osakeyhtiö,"Annikinkatu 3 A, 04230 Kerava",Kerava,ilmainen
3494431-7,Tilitoimisto Cecilia Oy,Osakeyhtiö,"Majurinkatu 17 A, 02600 Espoo",Espoo,ilmainen
3494470-4,Neluapp Oy,Osakeyhtiö,"Samostentie 2 B, 93600 Kuusamo",Kuusamo,ilmainen
3494727-8,Kniftor Oy,Osakeyhtiö,"Metsäkedonkatu 14 as., 24260 Salo",Salo,ilmainen
3494779-6,TiliTapiola Oy,Osakeyhtiö,"Pohjantie 2 A, 02100 Espoo",Espoo,ilmainen
3494797-2,Tili2000 Ky,Kommandiittiyhtiö,"Inkeroistentie 7, 46900 Inkeroinen",Inkeroinen,ilmainen
3495308-8,Debet Line Oy,Osakeyhtiö,"Hauklampi 211, 08480 Lohja",Lohja,ilmainen
3495422-4,Trinity Accounts Oy,Osakeyhtiö,"Tukireitti 10-12 B, 37130 Nokia",Nokia,ilmainen
3495584-1,KT Accounting Oy,Osakeyhtiö,"Miilunvartijankuja 4, 04300 Tuusula",Tuusula,ilmainen
3495676-4,TiliValkea Oy,Osakeyhtiö,"Kustaa Iii Tie 7 A, 45370 Valkeala",Valkeala,ilmainen
3495927-9,Taloustuike Oy,Osakeyhtiö,"Liisankatu 15 A, 00170 Helsinki",Helsinki,ilmainen
3496511-8,Reknalyze Oy,Osakeyhtiö,"Rihkamatori 2, 06100 Porvoo",Porvoo,ilmainen
3496944-2,Tilinord Oy,Osakeyhtiö,"Pyörätie 26 D, 01280 Vantaa",Vantaa,ilmainen
3497081-4,Tilimilja Oy,Osakeyhtiö,"Kaskihalme 6 G, 02340 Espoo",Espoo,ilmainen
3497123-5,MediBooky Oy,Osakeyhtiö,"Lauttasaarentie 38 A, 00200 Helsinki",Helsinki,ilmainen
3497437-2,Adfina Partners Oy,Osakeyhtiö,"Hietaniityntie 17 B, 00730 Helsinki",Helsinki,ilmainen
3497439-9,Amurin Apu Oy,Osakeyhtiö,"Koljontie 52 A, 33500 Tampere",Tampere,ilmainen
3497555-1,TigerSom Tilipalvelu Oy,Osakeyhtiö,"Luoteisrinne 13 A, 02270 Espoo",Espoo,ilmainen
3498850-4,Tilitoimisto Talous360 Oy,Osakeyhtiö,"Itälahdenkatu 15-17, 00210 Helsinki",Helsinki,ilmainen
3499141-2,Tulitili Oy,Osakeyhtiö,"Urputie 9, 04260 Kerava",Kerava,ilmainen
3500408-7,Mile Capital Oy,Osakeyhtiö,"Kuriiritie 26 E, 01510 Vantaa",Vantaa,ilmainen
3500893-4,Tilitoimisto TalousTaito Oy,Osakeyhtiö,"Pääskysenpolku 4, 04320 Tuusula",Tuusula,ilmainen
3501822-7,JLT Pukkila Oy,Osakeyhtiö,"Hyväntoivonkatu 6 A, 00220 Helsinki",Helsinki,ilmainen
3503188-6,Megat Oy,Osakeyhtiö,"Merivirta 5, 02320 Espoo",Espoo,ilmainen
3503508-6,Peten Tilitoimisto Oy,Osakeyhtiö,"Lepopirtintie 80, 02570 Siuntio Kk",Siuntio Kk,ilmainen
3503596-7,AG Financial Consultancy Oy,Osakeyhtiö,"Korkokuja 1 C, 33950 Pirkkala",Pirkkala,ilmainen
3503959-7,AccFin Oy,Osakeyhtiö,"Mäkipolku 2, 02730 Espoo",Espoo,ilmainen
3504055-5,Taxhammer Oy,Osakeyhtiö,"Tornipolku 16 as., 90130 Oulu",Oulu,ilmainen
3504094-2,Taseva Oy,Osakeyhtiö,"Kainoontie 14, 04480 Haarajoki",Haarajoki,ilmainen
3504596-2,Bilita Oy,Osakeyhtiö,"Rastaspuistontie 3, 02620 Espoo",Espoo,ilmainen
3504631-6,Tilitoimisto Smart Balance Oy,Osakeyhtiö,"Koppelokuja 3, 04620 Mäntsälä",Mäntsälä,ilmainen
3504814-3,PoKa Consulting Oy,Osakeyhtiö,"Pajukoskentie 2, 66400 Laihia",Laihia,ilmainen
3504881-3,Ab Salkin Finance Oy,Osakeyhtiö,"Ritobergsvägen 1, 00330 Helsinki",Helsinki,ilmainen
3504932-2,Tilituki Oy,Osakeyhtiö,"Oittilantie 1511, 41710 Rutalahti",Rutalahti,ilmainen
3505031-5,Annu Balance Oy,Osakeyhtiö,"Käpypolku 1 C, 37800 Akaa",Akaa,ilmainen
3505997-7,Peloton Consulting Oy,Osakeyhtiö,"Bulevardi 13 A, 00120 Helsinki",Helsinki,ilmainen
3506822-4,MT Talouspalvelut Oy,Osakeyhtiö,"Opastinkuja 3 D, 45120 Kouvola",Kouvola,ilmainen
3506826-7,Janetto Finance Oy,Osakeyhtiö,"Hossanmukka 3 B, 99130 Sirkka",Sirkka,ilmainen
3507198-4,EN Accounting Oy,Osakeyhtiö,"Kyläkaskentie 6 D, 01200 Vantaa",Vantaa,ilmainen
3507538-7,Virvatili Oy,Osakeyhtiö,"Leväntie 21, 71460 Paukarlahti",Paukarlahti,ilmainen
3507935-3,Atara Oy,Osakeyhtiö,"Puronsuuntie 14 M, 02880 Veikkola",Veikkola,ilmainen
3508054-9,Ruutukutoset Oy,Osakeyhtiö,"Viipurinkatu 12 L, 00510 Helsinki",Helsinki,ilmainen
3508410-1,Glow Accounting Oy,Osakeyhtiö,"Sipoonranta 9, 01120 Västerskog",Västerskog,ilmainen
3508452-3,Tilitoimisto Civilis Oy,Osakeyhtiö,"Pentinkatu 1, 60510 Hyllykallio",Hyllykallio,ilmainen
3508558-5,Tilitoimisto Finovon Oy,Osakeyhtiö,"Sulonkatu 4, 60510 Hyllykallio",Hyllykallio,ilmainen
3508612-3,Martes & Martes Oy Ab Ltd,Osakeyhtiö,"Muuttolinnuntie 14 C, 00780 Helsinki",Helsinki,ilmainen
3508777-5,Neo Consulting Oy,Osakeyhtiö,"Mäkitorpantie 38 C, 00640 Helsinki",Helsinki,ilmainen
3509079-8,Break Even Oy,Osakeyhtiö,"Veneentekijäntie 20, 00210 Helsinki",Helsinki,ilmainen
3509155-5,Tiliviesti Oy,Osakeyhtiö,"Keskustie 7, 85200 Alavieska",Alavieska,ilmainen
3509808-7,MN Tilit Oy,Osakeyhtiö,"Suontolantie 48, 05840 Hyvinkää",Hyvinkää,ilmainen
3509923-1,ProBalanceFi Oy,Osakeyhtiö,"Tennbyntie 42 as., 21600 Parainen",Parainen,ilmainen
3510311-4,Veroneuvonta Löf Oy,Osakeyhtiö,"Matinpuronkuja 1 B, 02230 Espoo",Espoo,ilmainen
3510496-9,Meditax Oy,Osakeyhtiö,"Kappelikuja 6 B, 02200 Espoo",Espoo,ilmainen
3511570-5,Jokiläänin Tili Oy,Osakeyhtiö,"Keskuskatu 19, 31600 Jokioinen",Jokioinen,ilmainen
3512957-6,VeRom Oy,Osakeyhtiö,"Malminiityntie 20, 01350 Vantaa",Vantaa,ilmainen
3513070-2,TalousTrio Oy,Osakeyhtiö,"Vaajoentie 156 A, 95340 Loue",Loue,ilmainen
3514544-5,JH Semu Oy,Osakeyhtiö,"Naaranpajuntie 18 A, 03100 Nummela",Nummela,ilmainen
3514952-6,TriLingo Oy,Osakeyhtiö,"Kairatie 15-17 B, 96100 Rovaniemi",Rovaniemi,ilmainen
3515112-4,AA-Talouspalvelut Oy,Osakeyhtiö,"Salpausselänkatu 29 A, 45100 Kouvola",Kouvola,ilmainen
3515209-8,E&E Strategies Oy Ab,Osakeyhtiö,"Multavierugatan 1 C, 20100 Turku",Turku,ilmainen
3515294-4,VAO Balance Oy,Osakeyhtiö,"Haimoonraitti 93, 03400 Vihti",Vihti,ilmainen
3515626-7,SanBok bokföring Ab,Osakeyhtiö,"Godbyvägen 1347, 22410 Godby",Godby,ilmainen
3515642-7,Tilitoimisto Appel Oy,Osakeyhtiö,"Niinikuja 8, 21360 Lieto As",Lieto As,ilmainen
3515682-2,PP Todo Oy,Osakeyhtiö,"Kapulantie 5 B, 05880 Hyvinkää",Hyvinkää,ilmainen
3515770-2,Tilitoimisto Rahanturvaaja Oy,Osakeyhtiö,"Hermannin Rantatie 3 A, 00540 Helsinki",Helsinki,ilmainen
3515829-7,KirjanpitoÄssät Oy,Osakeyhtiö,"Messintie 1 A, 28190 Pori",Pori,ilmainen
3515864-1,Tilitoimisto Arelina Oy,Osakeyhtiö,"Annankatu 1 lh., 28100 Pori",Pori,ilmainen
3516856-7,AIVEK Tilitalo Oy,Osakeyhtiö,"Piikinmäki 1 B, 11130 Riihimäki",Riihimäki,ilmainen
3516976-2,NB Yhtiö Oy,Osakeyhtiö,"Tienhaarankatu 7a A, 05820 Hyvinkää",Hyvinkää,ilmainen
3517511-8,Vilmil Oy,Osakeyhtiö,"Turvakonrinne 15, 90830 Haukipudas",Haukipudas,ilmainen
3518459-1,Tilitoimisto Kaarto Oy,Osakeyhtiö,"Yrjönkatu 2 B, 28100 Pori",Pori,ilmainen
3518655-4,IsännöintiHelppi Oy,Osakeyhtiö,"Uudenmaankatu 119-121 as., 05840 Hyvinkää",Hyvinkää,ilmainen
3518739-7,TPH Tilipalvelu Oy,Osakeyhtiö,"Järvihaantie 4 A, 01800 Klaukkala",Klaukkala,ilmainen
1027250-1,Yrityspalvelu M Rantala Oy,Osakeyhtiö,"Vilhonkatu 12, 60510 Hyllykallio",Hyllykallio,ilmainen
1027628-9,Tilikartta Oy Rannisto,Osakeyhtiö,"Löydöspolku 2 C, 01600 Vantaa",Vantaa,ilmainen
1028108-8,Profilex Oy,Osakeyhtiö,"Laurinkatu 47, 08100 Lohja",Lohja,ilmainen
1029434-8,Meriusva Oy,Osakeyhtiö,"Merivalkama 14 A, 02320 Espoo",Espoo,ilmainen
1029656-2,Tainan Tilit Ky,Kommandiittiyhtiö,"Palmantie 4, 31400 Somero",Somero,ilmainen
1029835-7,Tilintarkastus S.I.R Oy,Osakeyhtiö,"Lylykatu 2 A, 37130 Nokia",Nokia,ilmainen
1030620-6,Salon Käyttötieto Ky,Kommandiittiyhtiö,"Inkerinkatu 4 A, 24100 Salo",Salo,ilmainen
1030678-3,Stargames Oy,Osakeyhtiö,"Rapakivikatu 6, 33710 Tampere",Tampere,ilmainen
1031016-8,E-P:n Yrityspalvelu Oy,Osakeyhtiö,"Suunnistajanreitti 13, 60200 Seinäjoki",Seinäjoki,ilmainen
1031317-4,Tili- ja Talous Jokiset Oy,Osakeyhtiö,"Talvelankatu 4, 24260 Salo",Salo,ilmainen
3519112-6,Tilitoimisto L&J Oy,Osakeyhtiö,"Jalavakatu 1 A, 15520 Lahti",Lahti,ilmainen
3519113-4,Avolia Oy,Osakeyhtiö,"Kampinkuja 2, 00100 Helsinki",Helsinki,ilmainen
3519387-7,Cabella Talouspalvelut Oy,Osakeyhtiö,"Moreenikuja 4 B, 01700 Vantaa",Vantaa,ilmainen
3519488-8,Karustan Talouspalvelut Oy,Osakeyhtiö,"Soritunkatu 8 B, 33400 Tampere",Tampere,ilmainen
3520177-7,TiliVuokko Oy,Osakeyhtiö,"Hakaportintie 16, 13210 Hämeenlinna",Hämeenlinna,ilmainen
3521679-2,Fiinitalous Oy,Osakeyhtiö,"Ainontie 10 B, 01630 Vantaa",Vantaa,ilmainen
3522425-8,OrbitX Oy,Osakeyhtiö,"Ylismäentie 2 A, 02200 Espoo",Espoo,ilmainen
3522710-9,Ruubit Oy,Osakeyhtiö,"Löydöntie 187, 52320 Vitsiälä",Vitsiälä,ilmainen
3522711-7,Numeronero Oy,Osakeyhtiö,"Kuikkarinne 1 B, 00200 Helsinki",Helsinki,ilmainen
3524567-3,TiliHub Oy,Osakeyhtiö,"Kairiskulmantie 18, 20760 Piispanristi",Piispanristi,ilmainen
3524933-2,Navigare Ekonomi Ab,Osakeyhtiö,"Storalånggatan 34 B, 65100 Vaasa",Vaasa,ilmainen
3525381-7,CoreTili Oy,Osakeyhtiö,"Hellintie 24, 37120 Nokia",Nokia,ilmainen
3525621-7,Osinski Advisory & Consulting Oy,Osakeyhtiö,"Tehtaankatu 20 B, 00140 Helsinki",Helsinki,ilmainen
3525969-6,Tilitoimisto Pesa Oy,Osakeyhtiö,"Tanhurinne 2 G, 01450 Vantaa",Vantaa,ilmainen
3527256-7,Northy Co Oy,Osakeyhtiö,"Uomakuja 6 C, 01600 Vantaa",Vantaa,ilmainen
3527330-8,Arvopakki Oy,Osakeyhtiö,"Damaskuksentie 4 I, 00560 Helsinki",Helsinki,ilmainen
3527357-8,Piston Kaisa Oy,Osakeyhtiö,"Kaarretie 4 A, 93400 Taivalkoski",Taivalkoski,ilmainen
3527469-3,Profina Oy,Osakeyhtiö,"Riipiläntie 22 A, 01730 Vantaa",Vantaa,ilmainen
3528365-3,Hankiainen Oy,Osakeyhtiö,"Pihtakuusenkuja 3 C, 33840 Tampere",Tampere,ilmainen
3528584-3,RFK Tilipalvelut Oy,Osakeyhtiö,"Servin Maijan Tie 6, 02150 Espoo",Espoo,ilmainen
3529147-7,Saldo & Saha Oy Ab,Osakeyhtiö,"Smålomsgränden 3, 10620 Tammisaari",Tammisaari,ilmainen
3530326-3,Pohjoisen kirjanpito Oy,Osakeyhtiö,"Pakkahuoneenkatu 15 A, 90100 Oulu",Oulu,ilmainen
3530719-2,NCI Oy,Osakeyhtiö,"Rälssitilankuja 4 E, 02200 Espoo",Espoo,ilmainen
3531107-9,Tilitoimisto Tomas Sun Oy,Osakeyhtiö,"Maariankatu 3 B, 20100 Turku",Turku,ilmainen
3531378-7,Selkeä Laskenta Oy,Osakeyhtiö,"Leiviskätie 4-6, 00440 Helsinki",Helsinki,ilmainen
3531678-5,Airis redovisning Ab,Osakeyhtiö,"Herrövägen 195, 22610 Lemland",Lemland,ilmainen
3531969-5,Tilipörriäinen Oy,Osakeyhtiö,"Carlanderintie 49, 04500 Kellokoski",Kellokoski,ilmainen
1713393-4,Tilkor Oy,Osakeyhtiö,"Turuntie 684, 02880 Veikkola",Veikkola,ilmainen
1715335-3,InvestOiva Oy,Osakeyhtiö,"Keskikatu 21, 20540 Turku",Turku,ilmainen
1716250-8,Ikaalisten Kiinteistöpalvelu Oy,Osakeyhtiö,"Ahdetie 3, 39500 Ikaalinen",Ikaalinen,ilmainen
1717730-4,Tenure Oy,Osakeyhtiö,"Karjalankatu 11 B, 15140 Lahti",Lahti,ilmainen
3532102-3,TrueCount Oy,Osakeyhtiö,"Pilvenpyörteentie 23 B, 00700 Helsinki",Helsinki,ilmainen
3532695-9,Hehkua Oy,Osakeyhtiö,"Soiluntie 5, 93600 Kuusamo",Kuusamo,ilmainen
3532732-9,AN-Tilipalvelu Oy,Osakeyhtiö,"Turuntie 8-10, 32200 Loimaa",Loimaa,ilmainen
3532733-7,Avm-Yhtiöt Oy,Osakeyhtiö,"Turuntie 8-10, 32200 Loimaa",Loimaa,ilmainen
3532864-7,Trofeo Finance Oy,Osakeyhtiö,"Korpikalliontie 2 A, 33450 Siivikkala",Siivikkala,ilmainen
3533939-7,Ab Datic Invest Oy,Osakeyhtiö,"Runebergsgatan 11, 68600 Pietarsaari",Pietarsaari,ilmainen
3534926-1,Suomen Tasatili Oy,Osakeyhtiö,"Neittamontie 23, 28220 Pori",Pori,ilmainen
3534941-3,Arvotar talous- ja liiketoimintakonsultointi Oy,Osakeyhtiö,"Torivoudintie 8 A, 00640 Helsinki",Helsinki,ilmainen
3535693-9,Revalence Oy,Osakeyhtiö,"Firdonkatu 2 T, 00520 Helsinki",Helsinki,ilmainen
3535830-1,Aitofina Oy,Osakeyhtiö,"Vapaudenkatu 60, 40100 Jyväskylä",Jyväskylä,ilmainen
3536744-3,Tilinmesteri Oy,Osakeyhtiö,"Tasankotie 9 C, 00730 Helsinki",Helsinki,ilmainen
3537106-3,Konkretia Kirjanpito Oy,Osakeyhtiö,"Erottajankatu 15-17, 00130 Helsinki",Helsinki,ilmainen
3537120-7,Warranttili Oy,Osakeyhtiö,"Vuorentaustantie 2 B, 33420 Tampere",Tampere,ilmainen
3538131-7,EKonomy Pro Oy,Osakeyhtiö,"Pulttitie 4, 00880 Helsinki",Helsinki,ilmainen
3539660-7,Tilitoimisto Digitulos Oy,Osakeyhtiö,"Mannerheimintie 42 A, 00260 Helsinki",Helsinki,ilmainen
3539871-7,BackupBusiness Oy,Osakeyhtiö,"Metsontie 6, 04320 Tuusula",Tuusula,ilmainen
3542459-1,JaaBlo Oy,Osakeyhtiö,"Hiekkakiventie 7 C, 00710 Helsinki",Helsinki,ilmainen
3543170-8,FinaWe Oy,Osakeyhtiö,"Kantolantie 517, 41340 Laukaa",Laukaa,ilmainen
3543193-5,Talouden Tulevaisuus Oy,Osakeyhtiö,"Henrikinkatu 4, 21100 Naantali",Naantali,ilmainen
3543710-6,Fiv Oy,Osakeyhtiö,"Riihipelto 6, 14770 Eteläinen",Eteläinen,ilmainen
3545194-4,Velino Oy,Osakeyhtiö,"Pohjoinen Makasiinikatu 6 A, 00130 Helsinki",Helsinki,ilmainen
3545528-3,FK-Accounting Oy,Osakeyhtiö,"Ruiskukkatie 15 A, 90580 Oulu",Oulu,ilmainen
3545905-7,IOtuki Oy,Osakeyhtiö,"Koivulehdontie 2, 01510 Vantaa",Vantaa,ilmainen
3545971-9,Luckpenny Oy,Osakeyhtiö,"Vesikontie 11, 36200 Kangasala",Kangasala,ilmainen
3547118-7,Käpykankaan käpy Oy,Osakeyhtiö,"Mikonkatu 1 A, 50100 Mikkeli",Mikkeli,ilmainen
3547746-6,PalkkaPaloniemi Oy,Osakeyhtiö,"Oritputaantie 14 B, 90240 Oulu",Oulu,ilmainen
3547814-3,Tilipalvelu Zafar Oy,Osakeyhtiö,"Sänkbackankuja 1-3 G, 00970 Helsinki",Helsinki,ilmainen
3548068-1,Ekokirjaamo Oy,Osakeyhtiö,"Koivuaho 6, 13430 Hämeenlinna",Hämeenlinna,ilmainen
3548487-7,Lassin Kirjanpito Oy,Osakeyhtiö,"Mannerheimintie 56 C, 00260 Helsinki",Helsinki,ilmainen
3549404-7,Sane Redovisning Ab,Osakeyhtiö,"Neptunigatan 30, 22100 Mariehamn",Mariehamn,ilmainen
3550298-3,AccountOne Oy,Osakeyhtiö,02201 Espoo,Espoo,ilmainen
3550328-1,Finassa Oy,Osakeyhtiö,"Aleksanterinkatu 23 E, 33100 Tampere",Tampere,ilmainen
3551667-2,Northgate Accounting & Consulting Oy,Osakeyhtiö,"Matinkartanontie 2 C, 02230 Espoo",Espoo,ilmainen
3552465-6,Tilipalvelu Sari Laine Oy,Osakeyhtiö,"Kokkokatu 73, 20100 Turku",Turku,ilmainen
3552815-5,Korento Talous Oy,Osakeyhtiö,"Torikatu 30, 80100 Joensuu",Joensuu,ilmainen
3553408-8,Peso Services Oy,Osakeyhtiö,"Vartiontie 4 D, 02880 Veikkola",Veikkola,ilmainen
3553529-1,Asteriq Ab,Osakeyhtiö,"Tibastvägen 6, 22100 Mariehamn",Mariehamn,ilmainen
3553902-2,Aarnik Advisory & Accounting Oy,Osakeyhtiö,"Herukkaviita 2, 96500 Rovaniemi",Rovaniemi,ilmainen
3554104-2,Reda Ekonomi Ab,Osakeyhtiö,"Bojvägen 9 A, 68555 Bosund",Bosund,ilmainen
3554306-4,Tilinomadi Oy,Osakeyhtiö,"Arabiankatu 4 B, 00560 Helsinki",Helsinki,ilmainen
3554400-8,Book & Keeper Oy,Osakeyhtiö,"Henry Fordin Katu 6, 00150 Helsinki",Helsinki,ilmainen
3554563-3,CarEcon Oy,Osakeyhtiö,"Metsätie 49, 02580 Siuntio",Siuntio,ilmainen
3554920-4,GA'AT Oy,Osakeyhtiö,"Matinraitti 9 F, 02230 Espoo",Espoo,ilmainen
3555729-8,ST Account Oy,Osakeyhtiö,"Sammentie 2 K, 02260 Espoo",Espoo,ilmainen
3556279-1,Parkkila Solutions Oy,Osakeyhtiö,"Sorsamäenkuja 12, 04370 Rusutjärvi",Rusutjärvi,ilmainen
3556613-5,Equity Partners Finland Oy,Osakeyhtiö,"Södra Larsmovägen 352, 68570 Luoto",Luoto,ilmainen
3556740-2,Tilipiste Jantunen Oy,Osakeyhtiö,"Tuluskatu 3 E, 33580 Tampere",Tampere,ilmainen
3557673-9,TiliSara Oy,Osakeyhtiö,"Valimokuja 1 E, 04410 Järvenpää",Järvenpää,ilmainen
3558098-1,Kombo Partners Oy,Osakeyhtiö,"Snellmaninkatu 2 B, 70100 Kuopio",Kuopio,ilmainen
3558104-4,Cuura Ratio Oy,Osakeyhtiö,"Konetie 19 C, 90620 Oulu",Oulu,ilmainen
3558411-4,Saku Invest Oy,Osakeyhtiö,"Vanhatie 14 C, 91800 Tyrnävä",Tyrnävä,ilmainen
3558438-4,Joku Holding Oy,Osakeyhtiö,"Vanhatie 14 C, 91800 Tyrnävä",Tyrnävä,ilmainen
3558664-6,Marigold Tilitoimisto Oy,Osakeyhtiö,"Varhelantie 3 C, 00970 Helsinki",Helsinki,ilmainen
3558811-5,Finageek Consulting Oy,Osakeyhtiö,"Näkkiläntie 186, 09630 Koisjärvi",Koisjärvi,ilmainen
3558977-5,JEL Accounting Oy,Osakeyhtiö,"Härkävaljakontie 20 A, 00750 Helsinki",Helsinki,ilmainen
3558984-7,Administer Newco Oy,Osakeyhtiö,"Konepajankuja 3, 00510 Helsinki",Helsinki,ilmainen
3559566-5,Kirsi Ahvenainen Oy,Osakeyhtiö,"Sinikellontie 11 A, 01300 Vantaa",Vantaa,ilmainen
3559666-8,Jenfin Oy,Osakeyhtiö,"Vehkaojantie 121, 25360 Pertteli",Pertteli,ilmainen
3559828-4,Meily Oy,Osakeyhtiö,"Vanhatie 14 C, 91800 Tyrnävä",Tyrnävä,ilmainen
3560510-6,Acco Plus Oy,Osakeyhtiö,"Hiomotie 32, 00380 Helsinki",Helsinki,ilmainen
3560595-8,Tilitoimisto Kaisu Haataja Oy,Osakeyhtiö,"Meijerikatu 3 B, 91800 Tyrnävä",Tyrnävä,ilmainen
3560814-7,TasePro Oy,Osakeyhtiö,"Kierretie 4 A, 01650 Vantaa",Vantaa,ilmainen
3561453-9,Tilipalvelu Tasekartano Oy,Osakeyhtiö,"Mikontie 3, 60800 Ilmajoki",Ilmajoki,ilmainen
3561916-1,Talous- ja hallintopalvelu Aito Oy,Osakeyhtiö,"Lapintie 11, 33100 Tampere",Tampere,ilmainen
3562074-4,Kainuun Tilipalvelut Oy,Osakeyhtiö,"Peltokatu 7 as., 88600 Sotkamo",Sotkamo,ilmainen
3563863-7,Rasmuspartners Oy,Osakeyhtiö,"Rantakatu 16, 67100 Kokkola",Kokkola,ilmainen
3564400-9,Proactive Partners Oy,Osakeyhtiö,"Liusketie 6 K, 00710 Helsinki",Helsinki,ilmainen
3564636-2,Laskentatrio Oy,Osakeyhtiö,"Kirkkokuja 1 B, 01230 Vantaa",Vantaa,ilmainen
3565327-1,Saima Laskenta Oy,Osakeyhtiö,"Tiirismaantie 225 B, 16730 Kutajärvi",Kutajärvi,ilmainen
3565439-7,Yiana's Accounting Oy,Osakeyhtiö,"Suvelantie 18 B, 02760 Espoo",Espoo,ilmainen
3567019-4,Dadmi Tilitoimisto Finland Oy,Osakeyhtiö,"Lauri Korpisen Katu 8 A, 01370 Vantaa",Vantaa,ilmainen
3567524-3,A2Z Tilitoimisto Oy,Osakeyhtiö,"Uusiraja 9 A, 01350 Vantaa",Vantaa,ilmainen
3567654-5,Tilitoimisto Essential Avoin Yhtiö,Avoin yhtiö,"Kainuuntie 16, 88600 Sotkamo",Sotkamo,ilmainen
3567866-3,Sokkosijoitus Oy,Osakeyhtiö,"Pohjoinen Makasiinikatu 6 A, 00130 Helsinki",Helsinki,ilmainen
3568255-8,TaxW Group Oy,Osakeyhtiö,"Linnankatu 1 A, 20100 Turku",Turku,ilmainen
3569020-8,Joensuu Tax Oy,Osakeyhtiö,"Vellamonkatu 12-14 A, 00550 Helsinki",Helsinki,ilmainen
1700809-2,Suomen Klassikkokustannus Oy,Osakeyhtiö,"Männikkökatu 3 D, 83500 Outokumpu",Outokumpu,ilmainen
1701308-6,Tilium Oy,Osakeyhtiö,"Vapaudenkatu 57 as., 40100 Jyväskylä",Jyväskylä,ilmainen
0100614-8,Yrityspalvelu Criteria Oy,Osakeyhtiö,"Viljelystie 15 F, 01840 Klaukkala",Klaukkala,ilmainen
0100723-9,Konttorivalvonta Oy,Osakeyhtiö,"Viherlaaksonranta 14 A, 02710 Espoo",Espoo,ilmainen
0100725-5,Eikkuliini Oy,Osakeyhtiö,"Vääkilänrinne 2, 03400 Vihti",Vihti,ilmainen
0101147-3,Tili-Favorinit Oy,Osakeyhtiö,"Iltatie 11 A, 02210 Espoo",Espoo,ilmainen
0105004-2,Tvenda Oy,Osakeyhtiö,"Kahvelitie 10 A, 02780 Espoo",Espoo,ilmainen
0106227-0,P. Vorimo Ky,Kommandiittiyhtiö,"Rinneportti 3 B, 02730 Espoo",Espoo,ilmainen
0106777-6,Account Officer Oy,Osakeyhtiö,"Kalliotie 1, 04400 Järvenpää",Järvenpää,ilmainen
0109959-1,Kiintex Oy,Osakeyhtiö,"Makasiinitie 2, 02780 Espoo",Espoo,ilmainen
0111361-3,Martilit Oy,Osakeyhtiö,"Urho Kekkosen Katu 8 A, 00100 Helsinki",Helsinki,ilmainen
0111470-4,Mediekono Oy,Osakeyhtiö,"Herttuantie 3 C, 01520 Vantaa",Vantaa,ilmainen
0111911-8,Mies ja Nainen Oy,Osakeyhtiö,"Haukilahdenranta 23 C, 02170 Espoo",Espoo,ilmainen
0112170-1,Nykytilit Oy,Osakeyhtiö,"Tietäjäntie 4, 02130 Espoo",Espoo,ilmainen
0112582-5,Pekipa Oy,Osakeyhtiö,"Espoonaukio 7, 02770 Espoo",Espoo,ilmainen
0113488-7,Classic Garage Oy,Osakeyhtiö,"Niittyläntie 6, 00620 Helsinki",Helsinki,ilmainen
0115140-9,Tili-Matti Oy,Osakeyhtiö,"Alankotie 1 A, 02730 Espoo",Espoo,ilmainen
0115143-3,Tilineuvo Oy,Osakeyhtiö,"Sturenkatu 4, 00510 Helsinki",Helsinki,ilmainen
0115149-2,Tili-Piha Oy,Osakeyhtiö,"Museokatu 13 A 6A, 00100 Helsinki",Helsinki,ilmainen
0115182-0,Oy Tio Ab,Osakeyhtiö,"Lönnrotinkatu 11, 00120 Helsinki",Helsinki,ilmainen
0115454-6,Abacus Accounting Oy,Osakeyhtiö,"Harjukatu 30, 05900 Hyvinkää",Hyvinkää,ilmainen
0122901-8,Uhrakari Oy,Osakeyhtiö,"Hiidenkiukaantie 2 C, 00340 Helsinki",Helsinki,ilmainen
0124405-8,Upsi Oy,Osakeyhtiö,"Horsmakuja 8 A, 01300 Vantaa",Vantaa,ilmainen
0128236-1,Kirjanpitäjät Oy,Osakeyhtiö,"Laurinkatu 45, 08100 Lohja",Lohja,ilmainen
0131176-7,Ab Ekenäs Bokföringsbyrå,Osakeyhtiö,"Järnvägsgatan 21, 10600 Tammisaari",Tammisaari,ilmainen
0131182-0,Kontorama Ab Oy,Osakeyhtiö,10601 Tammisaari,Tammisaari,ilmainen
0131872-3,Tiliyhtymä Oy,Osakeyhtiö,"Harjutie 14, 03100 Nummela",Nummela,ilmainen
0133281-6,Vasaramäen Tilitoimisto Oy,Osakeyhtiö,"Puolukkatie 5 A, 20720 Turku",Turku,ilmainen
0133400-2,Kalannin Tilipalvelu Oy,Osakeyhtiö,"Pankkitie 4 B, 23600 Kalanti",Kalanti,ilmainen
0133514-4,Tilitoimisto Torpo Oy,Osakeyhtiö,"Torikatu 7, 38700 Kankaanpää",Kankaanpää,ilmainen
0134495-6,Laitilan Tilikiinteistö Oy,Osakeyhtiö,"Kananpolku 5, 23800 Laitila",Laitila,ilmainen
0134663-6,Oy LS Kehitys Ab,Osakeyhtiö,00000 Osoite Tuntematon,Osoite Tuntematon,ilmainen
0134664-4,Tiliaura Oy,Osakeyhtiö,00000 Osoite Tuntematon,Osoite Tuntematon,ilmainen
0135067-8,Marttilan Tilitoimisto Oy,Osakeyhtiö,"Härkätie 733, 21490 Marttila",Marttila,ilmainen
0136408-4,Perniön OP-Tilikeskus Oy,Osakeyhtiö,"Salontie 4, 25500 Perniö",Perniö,ilmainen
0139230-9,Kiinteistö Oy Koivistontie 5,Osakeyhtiö,"Mietoistentie 915, 23120 Mietoinen",Mietoinen,ilmainen
0139400-5,Perttelin Tilitoimisto Oy,Osakeyhtiö,"Hanhiojantie 6 as., 21420 Lieto",Lieto,ilmainen
0139924-4,Säkylän Tilitoimisto Oy,Osakeyhtiö,"Pyhäjärventie 1, 27800 Säkylä",Säkylä,ilmainen
0145030-2,Ålands Företagsbyrå Ab,Osakeyhtiö,"Nygatan 9, 22100 Mariehamn",Mariehamn,ilmainen
0146685-7,Tilitoimisto Reijo Mäki Oy,Osakeyhtiö,"Metsälammentie 2-4 A, 13500 Hämeenlinna",Hämeenlinna,ilmainen
0148677-8,Tili- ja Tilintarkastustoimisto Ahti Seppälä Ky,Kommandiittiyhtiö,"Mikonkatu 11, 15150 Lahti",Lahti,ilmainen
0149221-1,HS-Yrityspalvelu Oy,Osakeyhtiö,"Rauhankatu 18 B, 15110 Lahti",Lahti,ilmainen
0149516-4,Countex Oy,Osakeyhtiö,"Pohjoisranta 2 E, 00170 Helsinki",Helsinki,ilmainen
0152180-1,Tilipörssi Oy,Osakeyhtiö,"Onkkaalantie 82, 36600 Pälkäne",Pälkäne,ilmainen
0152396-2,Hämeen Monitoimitilit Oy,Osakeyhtiö,"Hämeenaukio 4, 11100 Riihimäki",Riihimäki,ilmainen
0153468-8,Monimark Oy,Osakeyhtiö,"Mutkakatu 21, 33500 Tampere",Tampere,ilmainen
0153533-0,Tilitoimisto Pyhältö ja Kumpp. Ky,Kommandiittiyhtiö,"Pinninkatu 53 C, 33100 Tampere",Tampere,ilmainen
0153648-0,Gallant Oy,Osakeyhtiö,"Hämeenkatu 26 A, 33200 Tampere",Tampere,ilmainen
0153693-1,Tilitoimisto K.J.Westerberg Oy,Osakeyhtiö,"Hatanpäänvaltatie 13, 33100 Tampere",Tampere,ilmainen
0154533-6,Nippon-tilit Oy,Osakeyhtiö,"Ilkontie 25 B, 36220 Kangasala",Kangasala,ilmainen
0154917-7,Yrityspalvelu Ankkuri Oy,Osakeyhtiö,"Annalankatu 24, 33710 Tampere",Tampere,ilmainen
0157148-9,Toijalan Tilitoimisto Oy,Osakeyhtiö,"Myllytie 1, 37800 Akaa",Akaa,ilmainen
0159948-1,Kymen Tilitoimisto Oy,Osakeyhtiö,"Karhulantie 32, 48600 Kotka",Kotka,ilmainen
0160109-4,Tase Oy,Osakeyhtiö,"Puutarhakatu 25, 48100 Kotka",Kotka,ilmainen
0160700-7,Tilihansa H. Mettälä Ky,Kommandiittiyhtiö,"Savonkatu 29 A, 45100 Kouvola",Kouvola,ilmainen
0164516-9,Elegian Oy,Osakeyhtiö,"Piikkiläntie 2-4, 51900 Juva",Juva,ilmainen
0164894-1,TILITARKIAINEN ky,Kommandiittiyhtiö,"Mikonkatu 1, 50100 Mikkeli",Mikkeli,ilmainen
0170756-9,Keiteleen Tilipalvelu Oy,Osakeyhtiö,"Keiteleentie 3, 72600 Keitele",Keitele,ilmainen
0173340-9,Tilimaijat Oy,Osakeyhtiö,"Metsonkuja 4, 78850 Varkaus",Varkaus,ilmainen
0174253-2,Laskentaneuvonta Ky Koho,Kommandiittiyhtiö,"Eräpälkäneentie 42 A, 40520 Jyväskylä",Jyväskylä,ilmainen
0174308-4,Tilintarkastus Jukka Sorjonen Oy,Osakeyhtiö,"Merikannontie 5 C, 00260 Helsinki",Helsinki,ilmainen
0177324-0,Viitasaaren Tilipalvelu Oy,Osakeyhtiö,"Puskuritie 1 H, 33470 Ylöjärvi",Ylöjärvi,ilmainen
0178202-4,Jalastili Oy - Yrityspalvelut,Osakeyhtiö,"Savelankuja 2, 61600 Jalasjärvi",Jalasjärvi,ilmainen
0178459-9,Kannuksen Tilitoimisto Oy,Osakeyhtiö,"Valtakatu 19 A, 69100 Kannus",Kannus,ilmainen
0179814-9,Ab Kristinestads Bokföringsbyrå - Kristiinan Tilitoimisto Oy,Osakeyhtiö,00000 Osoite Tuntematon,Osoite Tuntematon,ilmainen
0180811-6,Lohtajan Tilitoimisto Oy,Osakeyhtiö,"Metsäpellontie 2, 68230 Lohtaja",Lohtaja,ilmainen
0181280-1,Närpes Bokföringsbyrå Ab - Närpiön Tilitoimisto Oy,Osakeyhtiö,"Biblioteksvägen 2 B, 64200 Närpiö",Närpiö,ilmainen
0181625-5,Ab Jakobstads Bokföringsbyrå,Osakeyhtiö,"Stationsvägen 1, 68600 Pietarsaari",Pietarsaari,ilmainen
0183335-4,Oy Business Services Ab,Osakeyhtiö,"Kyrkoesplanaden 29, 65100 Vaasa",Vaasa,ilmainen
2548150-9,Tilitoimisto Tilitrio Oy,Osakeyhtiö,"Väliharjuntie 21 C, 40800 Vaajakoski",Vaajakoski,ilmainen
2549244-3,CH Konsultointi Oy,Osakeyhtiö,"Tikkurilantie 55, 01300 Vantaa",Vantaa,ilmainen
2549580-4,TalousLink Oy,Osakeyhtiö,"Kauppakatu 38 B, 80100 Joensuu",Joensuu,ilmainen
2550477-4,Avente Oy,Osakeyhtiö,"Savipellontie 15, 02510 Oitmäki",Oitmäki,ilmainen
2550969-8,TiliElina Oy,Osakeyhtiö,"Kaunispääntie 2 M, 00970 Helsinki",Helsinki,ilmainen
2551304-8,Bodwil Oy,Osakeyhtiö,"Oravantie 19, 48230 Kotka",Kotka,ilmainen
2552225-1,Lapin talous Oy,Osakeyhtiö,"Valtatie 2-4, 99100 Kittilä",Kittilä,ilmainen
2552610-5,Maaseudun neuvonta- ja tilipalvelut Antti Nummi Oy,Osakeyhtiö,"Örninkatu 15, 24100 Salo",Salo,ilmainen
2552675-4,BalansTB Ky,Kommandiittiyhtiö,"Laurinniityntie 14 D, 00440 Helsinki",Helsinki,ilmainen
2553877-1,ICM-Tilit Ky,Kommandiittiyhtiö,"Valkamanpolku 2 J, 05840 Hyvinkää",Hyvinkää,ilmainen
2553945-9,Tiliärrät Oy,Osakeyhtiö,"Vuorikatu 10, 70100 Kuopio",Kuopio,ilmainen
2554026-5,Lemandorf Oy,Osakeyhtiö,"Tikankuja 6, 33480 Ylöjärvi",Ylöjärvi,ilmainen
2554300-1,Orense Oy,Osakeyhtiö,"Soraharjunkatu 9 as., 13130 Hämeenlinna",Hämeenlinna,ilmainen
2555003-3,Real-tilit Oy,Osakeyhtiö,"Puistokatu 5, 57100 Savonlinna",Savonlinna,ilmainen
2555803-5,Tilifaktor Oy,Osakeyhtiö,"Torikatu 14, 24100 Salo",Salo,ilmainen
2556914-8,Tulovirta Oy,Osakeyhtiö,"Maunulanmäki 3 D, 00630 Helsinki",Helsinki,ilmainen
2558056-6,Suomio Oy,Osakeyhtiö,"Ojanteentie 2 B, 37120 Nokia",Nokia,ilmainen
2559219-6,Audite Oy,Osakeyhtiö,"Metsälauhankatu 14, 08150 Lohja",Lohja,ilmainen
2559850-4,Yrityspalvelu Fortis Ky,Kommandiittiyhtiö,"Honkajoenkaari 1, 50150 Mikkeli",Mikkeli,ilmainen
2560390-8,Webtili Oy,Osakeyhtiö,"Lorentzinkuja 3 B, 00870 Helsinki",Helsinki,ilmainen
2560531-3,Tilitoimisto Hannelore Oy,Osakeyhtiö,"Liisantie 14 B, 66400 Laihia",Laihia,ilmainen
2561492-2,ValtaSata Oy,Osakeyhtiö,"Teollisuuskatu 1, 29200 Harjavalta",Harjavalta,ilmainen
2561902-9,AJ Ekonomitjänster Ab,Osakeyhtiö,"Emiliavägen 3, 65610 Mustasaari",Mustasaari,ilmainen
2562334-3,Tilitoimisto Kervinen ky,Kommandiittiyhtiö,"Pidisjärventie 8, 85500 Nivala",Nivala,ilmainen
2563161-8,Sinimäen tili- ja veropalvelu Oy,Osakeyhtiö,"Sinimäentie 10 B, 02630 Espoo",Espoo,ilmainen
2563491-5,Countor Oy,Osakeyhtiö,"Metsäläntie 20, 00320 Helsinki",Helsinki,ilmainen
2564385-4,Tilitoimisto Lextili Oy,Osakeyhtiö,"Laurinkatu 47, 08100 Lohja",Lohja,ilmainen
2564794-3,Tilitoimisto Scandea Oy,Osakeyhtiö,"Korpintie 10, 04320 Tuusula",Tuusula,ilmainen
2565962-9,Uudenmaan Yritystilipalvelu Oy,Osakeyhtiö,"Vanha Porvoontie 2, 04600 Mäntsälä",Mäntsälä,ilmainen
2566523-6,JNR-Tilikonttori Ky,Kommandiittiyhtiö,"Keskustie 74, 51600 Haukivuori",Haukivuori,ilmainen
2567302-5,Ketola Bros Oy,Osakeyhtiö,"Kisällintie 7, 04500 Kellokoski",Kellokoski,ilmainen
2568613-3,Malmin Notariaatti Kommandiittiyhtiö,Kommandiittiyhtiö,"Kiskontie 7, 00280 Helsinki",Helsinki,ilmainen
2568883-3,Röylän Tilipalvelu Oy,Avoin yhtiö,"Röyläntie 19 A, 02940 Espoo",Espoo,ilmainen
2570341-5,Fidel Holding Oy,Osakeyhtiö,"Aurorankatu 15 B, 00100 Helsinki",Helsinki,ilmainen
2571940-9,Talousosaajat Soini Oy,Osakeyhtiö,"Peltolantie 6 C, 01300 Vantaa",Vantaa,ilmainen
2574874-4,Taloustulkki Oy,Osakeyhtiö,"Hopiarannantie 2 A, 91980 Lumijoki",Lumijoki,ilmainen
2575172-4,Laskenta Kajan Oy,Osakeyhtiö,"Petronlahdentie 19, 72100 Karttula",Karttula,ilmainen
2575404-4,Tasemylly Oy,Osakeyhtiö,"Kuonomäentie 1 A, 01800 Klaukkala",Klaukkala,ilmainen
2577368-3,Tilit Hannu Virtanen Ky,Kommandiittiyhtiö,"Tornipolku 2 A, 39500 Ikaalinen",Ikaalinen,ilmainen
2577758-8,Tilitoimisto Anja Simola Oy,Osakeyhtiö,"Kivimäentie 40, 07150 Laukkoski",Laukkoski,ilmainen
2578122-9,Papper & Hus Ab Oy,Osakeyhtiö,"Ystadsgatan 3, 10600 Tammisaari",Tammisaari,ilmainen
2578209-6,Tilipalvelu Koskela Oy,Osakeyhtiö,"Liinasaarentie 15 A, 02160 Espoo",Espoo,ilmainen
2578475-3,Talouspalvelut Helmitaulu Oy,Osakeyhtiö,"Toripiha 1, 85500 Nivala",Nivala,ilmainen
2578694-3,Pro Accountants Finland Oy,Osakeyhtiö,"Äyritie 8 E, 01510 Vantaa",Vantaa,ilmainen
2578790-3,Consult & PapLex Oy,Osakeyhtiö,"Turuntie 29, 13130 Hämeenlinna",Hämeenlinna,ilmainen
2580146-1,T&K Kirjanpito ja Isännöinti Avoin Yhtiö,Avoin yhtiö,"Ilmakuja 3, 49900 Virolahti",Virolahti,ilmainen
2580343-2,SemiTilit Oy Ab,Osakeyhtiö,"Kirkkotallintie 4 A, 02400 Kirkkonummi",Kirkkonummi,ilmainen
2581111-7,Huusko & Co Oy,Osakeyhtiö,"Silaksenkatu 9, 21620 Kuusisto",Kuusisto,ilmainen
2581295-3,Oulu Bookkeeping Oy,Osakeyhtiö,"Sinkkivälkkeentie 18, 90240 Oulu",Oulu,ilmainen
2581366-5,Ahlström Konsernipalvelut Oy,Osakeyhtiö,"Laviantie 22, 29600 Noormarkku",Noormarkku,ilmainen
2583745-6,YRITYSPALVELU SUZA KY,Kommandiittiyhtiö,"Lentokentäntie 34 C, 62200 Kauhava",Kauhava,ilmainen
2584135-9,Cuenta Oy,Osakeyhtiö,"Hautamaantie 20, 92400 Ruukki",Ruukki,ilmainen
2584258-9,TH Balance Oy,Osakeyhtiö,"Turuntie 24 lh., 13130 Hämeenlinna",Hämeenlinna,ilmainen
2585777-2,Annan Tilitoimisto Oy,Osakeyhtiö,"Eerontie 7, 23310 Taivassalo",Taivassalo,ilmainen
2586409-1,KR Taloustaito Ky,Kommandiittiyhtiö,"Isoharjantie 6, 71800 Siilinjärvi",Siilinjärvi,ilmainen
2587470-8,Topakka Yrityspalvelu Ky,Kommandiittiyhtiö,"Kiviviita 8 C, 60150 Seinäjoki",Seinäjoki,ilmainen
2588038-2,Tili-Tekno Pelttari Oy,Osakeyhtiö,"Kauppatie 5, 93100 Pudasjärvi",Pudasjärvi,ilmainen
2588146-5,Aiko-Set Oy,Osakeyhtiö,"Ahlaistentie 648, 29700 Ahlainen",Ahlainen,ilmainen
2588355-9,ES Taloushallinto Oy,Osakeyhtiö,"Suutarinkatu 9, 83500 Outokumpu",Outokumpu,ilmainen
2588511-6,Tilitoimisto Vahtivuori Oy,Osakeyhtiö,"Tehdaskatu 20, 70620 Kuopio",Kuopio,ilmainen
2588892-3,Rantanen Accounting & Consulting Oy,Osakeyhtiö,"Kyynäräpolku 1, 28400 Ulvila",Ulvila,ilmainen
2588984-6,Töölön Laskenta Oy,Osakeyhtiö,"Mechelininkatu 10 A, 00100 Helsinki",Helsinki,ilmainen
2589071-6,AEL-Laskentapalvelut Oy,Osakeyhtiö,"Jukolantie 23, 52100 Anttola",Anttola,ilmainen
2590544-7,Wiira Talous ja Hallinto Oy,Osakeyhtiö,"Valtakatu 3 A, 26100 Rauma",Rauma,ilmainen
2591384-2,Tilipalvelu Tilit Tasan Oy,Osakeyhtiö,"Revontie 2, 90830 Haukipudas",Haukipudas,ilmainen
2593702-7,PK-Talousratkaisut Oy,Osakeyhtiö,"Saaristokatu 5 B, 65170 Vaasa",Vaasa,ilmainen
2593826-5,DIA Group Oy,Osakeyhtiö,"Eskolantie 13 as., 48600 Kotka",Kotka,ilmainen
2595647-1,Tilipalvelu Naukkarinen Ky,Kommandiittiyhtiö,"Siltakylänkuja 7 D, 00740 Helsinki",Helsinki,ilmainen
2597878-5,Eqvitia Oy,Osakeyhtiö,"Vasarakatu 9 B, 40320 Jyväskylä",Jyväskylä,ilmainen
2598192-5,GAMMA GROUP OY,Osakeyhtiö,"Satamakatu 2, 00160 Helsinki",Helsinki,ilmainen
2598446-4,Eden Accounts Oy,Osakeyhtiö,"Kappelikuja 6, 02200 Espoo",Espoo,ilmainen
2599105-8,Tilitoimisto Lemon Tree Oy,Osakeyhtiö,"Siltasaarenkatu 8-10, 00530 Helsinki",Helsinki,ilmainen
2599160-5,Aadatilit Oy,Osakeyhtiö,"Suvantopolku 5 B, 01600 Vantaa",Vantaa,ilmainen
2601791-9,JH Accounting Oy,Osakeyhtiö,"Keilaranta 1, 02150 Espoo",Espoo,ilmainen
2602119-2,Jupe-laskenta Oy,Osakeyhtiö,"Fräntiläntie 131, 62430 Peltotupa",Peltotupa,ilmainen
2602791-4,Enter Tilit Oy,Osakeyhtiö,"Haagan Pappilantie 2 A, 00320 Helsinki",Helsinki,ilmainen
2603460-4,New Factory Accounting Oy,Osakeyhtiö,"Toikantie 1-5 B, 36240 Kangasala",Kangasala,ilmainen
2604066-8,PeCA Oy,Osakeyhtiö,"Lounatuulenkuja 3, 90460 Oulunsalo",Oulunsalo,ilmainen
2604798-2,Fin-Est Accounting Oy,Osakeyhtiö,"Vilppulantie 10a lh., 00700 Helsinki",Helsinki,ilmainen
2605554-4,Balansia Ab ekonomitjänster,Osakeyhtiö,"Bankgatan 12, 66900 Uusikaarlepyy",Uusikaarlepyy,ilmainen
2605905-1,Pohjanmaan TT-Tili Oy,Osakeyhtiö,"Teollisuustie 8 A, 60100 Seinäjoki",Seinäjoki,ilmainen
2606222-6,Pennimuori Oy,Osakeyhtiö,"Vesikontie 11, 36200 Kangasala",Kangasala,ilmainen
2606242-9,Tilitoimisto Luotsi Oy,Osakeyhtiö,"Jussilankatu 1 C, 33580 Tampere",Tampere,ilmainen
2607686-3,Eve-Tili Oy,Osakeyhtiö,"Bergåsantie 9, 01150 Söderkulla",Söderkulla,ilmainen
2612818-4,Sotkansiipi OY,Osuuskunta,"Takkatie 14, 00370 Helsinki",Helsinki,ilmainen
2614007-9,D-House Jyväskylä Oy,Osakeyhtiö,"Parviaisentie 3, 40900 Säynätsalo",Säynätsalo,ilmainen
2614791-6,K.A.R. Palvelut Ky,Kommandiittiyhtiö,"Ville Vallgrenin Tie 12 A, 02600 Espoo",Espoo,ilmainen
2615909-5,Tiliulla Oy,Osakeyhtiö,"Kivipadontie 6h A, 00640 Helsinki",Helsinki,ilmainen
2615923-9,Huttusnina Oy,Osakeyhtiö,,,ilmainen
2616697-3,Capodanno Oy,Osakeyhtiö,"Museotie 5, 45610 Koria",Koria,ilmainen
2616926-9,HS Partners Oy,Osakeyhtiö,"Sorsavuorenkatu 8 A, 00810 Helsinki",Helsinki,ilmainen
2617201-1,1.Accounting - Rauma Oy Ab Ltd,Osakeyhtiö,"Kuninkaankatu 3 A, 26100 Rauma",Rauma,ilmainen
2617635-4,Correctos Oy,Osakeyhtiö,"Uudenmaankatu 42 C, 00120 Helsinki",Helsinki,ilmainen
2618161-2,Admine Oy,Osakeyhtiö,"Savikkalanmäki 20, 03250 Ojakkala",Ojakkala,ilmainen
2618210-5,Sandberg Holding Oy,Osakeyhtiö,"Sarvijaakonkatu 24 lt., 33540 Tampere",Tampere,ilmainen
2618296-5,Tatma Oy,Osakeyhtiö,"Vuoksenkuja 17 A, 49420 Hamina",Hamina,ilmainen
2618623-7,Wurma Ab,Osakeyhtiö,"Blåsippsstigen 3, 22270 Eckerö",Eckerö,ilmainen
2618916-3,AVA Tili II Oy,Osakeyhtiö,"Pitkänsillankatu 37, 67100 Kokkola",Kokkola,ilmainen
2619032-4,Fyrkkaparkki Oy,Osakeyhtiö,"Haahkatie 14 A, 00200 Helsinki",Helsinki,ilmainen
2620707-7,TiliPyörä Oy,Osakeyhtiö,"Tirolintie 7, 90530 Oulu",Oulu,ilmainen
2621849-7,VML Consulting Oy,Osakeyhtiö,"Rovastinkatu 11, 80230 Joensuu",Joensuu,ilmainen
2622605-9,Tilitoimisto Tasetili Oy,Osakeyhtiö,"Castréninkatu 10 M, 00530 Helsinki",Helsinki,ilmainen
2622676-1,CMB Accounting Oy,Osakeyhtiö,"Salomonkatu 17 A, 00100 Helsinki",Helsinki,ilmainen
2622680-9,Tilien Taivas Espoo Oy,Osakeyhtiö,"Kuunkehrä 2 B, 02210 Espoo",Espoo,ilmainen
2623073-6,Viimapää Oy,Osakeyhtiö,"Myllytie 1 A, 04410 Järvenpää",Järvenpää,ilmainen
2623356-6,Halikon Taloushallinto Ky,Kommandiittiyhtiö,"Kaskenkatu 12 A, 20700 Turku",Turku,ilmainen
2623626-5,Aista Ky,Kommandiittiyhtiö,"Liitoskatu 1, 15170 Lahti",Lahti,ilmainen
2623793-8,Mind Your Business Oy,Osakeyhtiö,"Rantatie 22, 90940 Jääli",Jääli,ilmainen
2624219-8,JM-Tilit Oy,Osakeyhtiö,"Vistantie 19, 21530 Paimio",Paimio,ilmainen
2625482-6,Tuokko Suomi Oy,Osakeyhtiö,"Lautturinkuja 2, 00570 Helsinki",Helsinki,ilmainen
2626503-1,Terhin Tilipalvelut Oy,Osakeyhtiö,"Paltiontie 10, 14500 Iittala",Iittala,ilmainen
2626857-4,Tuohitilit Oy,Osakeyhtiö,"Tuohikengäntie 252, 03300 Otalampi",Otalampi,ilmainen
2627188-8,Tyrmi Oy,Osakeyhtiö,"Rantakatu 14 A, 53900 Lappeenranta",Lappeenranta,ilmainen
2627760-6,Talouspalvelu ja -konsultointi Carisma Oy,Osakeyhtiö,"Nurmonjoentie 247, 60550 Nurmo",Nurmo,ilmainen
2628557-7,TalenTree Talouspalvelut Oy,Osakeyhtiö,"Puijonkatu 23, 70100 Kuopio",Kuopio,ilmainen
2629025-3,Tresviri Oy,Osakeyhtiö,"Salmelantie 6, 88600 Sotkamo",Sotkamo,ilmainen
2629353-4,Tilitoimisto ACG Oy,Osakeyhtiö,"Männikönkuja 6, 21420 Lieto",Lieto,ilmainen
2633703-1,Kanavan Tilipalvelu Oy,Osakeyhtiö,"Kanavatie 18 A, 37500 Lempäälä",Lempäälä,ilmainen
2634449-3,Saimaan Laskenta Oy,Osakeyhtiö,"Lappeentie 22, 55100 Imatra",Imatra,ilmainen
2634545-3,Jotava Oy,Osakeyhtiö,"Telitie 5 C, 80100 Joensuu",Joensuu,ilmainen
2635635-5,Economico Oy,Osakeyhtiö,"Pyhän Katariinan Tie 12 B, 20780 Kaarina",Kaarina,ilmainen
2636392-6,TiliSuori Oy,Osakeyhtiö,"Kappelikuja 6, 02200 Espoo",Espoo,ilmainen
2637122-1,A-tilipalvelu Oy,Osakeyhtiö,"Keskuskatu 11, 37830 Akaa",Akaa,ilmainen
2637565-2,PK TOIMISTO JA TILIPALVELUT OY,Osakeyhtiö,"Lahonkaskentie 1 A, 38420 Sastamala",Sastamala,ilmainen
2637671-9,Ofocal Oy,Osakeyhtiö,"Puskiaistentie 245, 37560 Lempäälä",Lempäälä,ilmainen
2637912-7,Tilitoimisto Protilit Oy,Osakeyhtiö,"Yliopistonkatu 40a lt., 40100 Jyväskylä",Jyväskylä,ilmainen
2638646-6,Tilitoimisto Suuronen Oy,Osakeyhtiö,"Noviisintie 5, 20660 Littoinen",Littoinen,ilmainen
2639674-4,Tilitoimisto KK Oy,Osakeyhtiö,"Rantatie 3 as., 31300 Tammela",Tammela,ilmainen
2640424-9,Mukera Oy,Osakeyhtiö,"Hiekkakiventie 7 C, 00710 Helsinki",Helsinki,ilmainen
2641003-2,Kaurialan Tilipalvelu Oy,Osakeyhtiö,"Cygnaeuksenkatu 35, 13130 Hämeenlinna",Hämeenlinna,ilmainen
2641373-5,Moobu Oy,Osakeyhtiö,"Jurvantie 4, 05840 Hyvinkää",Hyvinkää,ilmainen
2641512-4,TiliSaana Oy,Osakeyhtiö,"Lepikontie 19, 88300 Paltamo",Paltamo,ilmainen
2641677-6,TiliKivi Oy,Osakeyhtiö,"Jyväskyläntie 31, 43100 Saarijärvi",Saarijärvi,ilmainen
2642358-9,Laskentahelmi Ky,Kommandiittiyhtiö,"Sammonkatu 21 A, 70500 Kuopio",Kuopio,ilmainen
2643272-5,KLT Taloushallinto Oy,Osakeyhtiö,"Laajasalonkaari 29 B, 00840 Helsinki",Helsinki,ilmainen
2643840-6,Tilireko Oy,Osakeyhtiö,"Keskuskatu 6, 39700 Parkano",Parkano,ilmainen
2644738-8,Finatop Oy,Osakeyhtiö,"Leppämäenkatu 2, 32200 Loimaa",Loimaa,ilmainen
2644853-2,TILIPALVELU ARI SAARINEN OY,Osakeyhtiö,"Näädäntie 13, 52700 Mäntyharju",Mäntyharju,ilmainen
2645330-7,Maijan ja Marin Ompelu- ja tilipalvelut Oy,Osakeyhtiö,"Nuolihaukantie 6 B, 90250 Oulu",Oulu,ilmainen
2645817-5,Britas Bokföring Ab,Osakeyhtiö,"Närpesvägen 22 A, 64200 Närpiö",Närpiö,ilmainen
2646736-2,Magnate Oy,Osakeyhtiö,"Linnanrakentajantie 11 B, 00810 Helsinki",Helsinki,ilmainen
2648174-6,Finakom Oy,Osakeyhtiö,"Harjulantie 10 B, 01840 Klaukkala",Klaukkala,ilmainen
2648617-6,Tili-Peimari OY,Osakeyhtiö,"Vistantie 6 A, 21530 Paimio",Paimio,ilmainen
2648743-5,H R-T Laskenta Oy,Osakeyhtiö,"Koukkarintie 16, 61100 Peräseinäjoki",Peräseinäjoki,ilmainen
2649353-6,Hostman Oy,Osakeyhtiö,"Patrakantie 2, 39500 Ikaalinen",Ikaalinen,ilmainen
2650521-8,Tili- ja yrityspalvelu Tarja Jurvanen Oy,Osakeyhtiö,"Wredenkatu 8, 78250 Varkaus",Varkaus,ilmainen
2650789-7,MERI-tilipito Oy,Osakeyhtiö,"Kalastajanmäki 7 C, 02230 Espoo",Espoo,ilmainen
2651442-1,Tilipalvelu Sillantaka Oy,Osakeyhtiö,"Aurinkomäentie 11 A, 00730 Helsinki",Helsinki,ilmainen
2652503-2,Tilitoimisto Lehikoinen Oy,Osakeyhtiö,"Pielisentie 24, 81700 Lieksa",Lieksa,ilmainen
2652984-2,PeKoNet Oy,Osakeyhtiö,"Pellontie 17 A, 95700 Pello",Pello,ilmainen
2656119-9,JH Johtavaa hallintoa Oy,Osakeyhtiö,"Tiilikentänpolku 2 A, 33540 Tampere",Tampere,ilmainen
2656701-3,Taloustiimi Leana Ky,Kommandiittiyhtiö,"Ratakatu 1 lh., 21100 Naantali",Naantali,ilmainen
2657678-8,Tilivara Oy,Osakeyhtiö,"Mäenrinne 3 E, 02160 Espoo",Espoo,ilmainen
2657680-9,Tilitoimisto Janina Oy,Osakeyhtiö,"Hiekkajaalanranta 3 B, 00980 Helsinki",Helsinki,ilmainen
2657830-2,InFinance Oy,Osakeyhtiö,"Heinäkedontie 4, 02390 Sarvvik",Sarvvik,ilmainen
2657994-6,Uudenmaan Tilikartta Oy,Osakeyhtiö,"Kasavuorentie 9 C, 02700 Kauniainen",Kauniainen,ilmainen
2658675-9,Tilitoimisto Mantere & Rintamäki Oy,Osakeyhtiö,"Kehäkuja 6, 05460 Hyvinkää",Hyvinkää,ilmainen
2659480-4,Simo Tilitoimisto Oy,Osakeyhtiö,"Äyritie 8 A, 01510 Vantaa",Vantaa,ilmainen
2660005-5,Koo Yhtiö Oy,Osakeyhtiö,"Uudenmaankatu 2, 05800 Hyvinkää",Hyvinkää,ilmainen
2660357-1,Viralvia Oy,Osakeyhtiö,"Retkeilijänkatu 5 lh., 00980 Helsinki",Helsinki,ilmainen
2663311-3,APL Balance Oy,Osakeyhtiö,"Ensio Miettisen Katu 2, 06100 Porvoo",Porvoo,ilmainen
2663873-1,Tilitoimisto Imperial Oy,Osakeyhtiö,"Kornetintie 4 A, 00380 Helsinki",Helsinki,ilmainen
2663901-3,Urholin Oy,Osakeyhtiö,"Yrittäjäntie 3, 27100 Eurajoki",Eurajoki,ilmainen
2664348-5,Lammin Tili- ja Toimistopalvelut Oy,Osakeyhtiö,"Lamminraitti 18 T, 16900 Lammi",Lammi,ilmainen
2665149-3,TRK Tilit Oy,Osakeyhtiö,"Lonttistentie 9 B, 20100 Turku",Turku,ilmainen
2665202-3,Solvins Företagstjänster Ab,Osakeyhtiö,"Näsibackavägen 190, 66950 Munsala",Munsala,ilmainen
2665678-8,K&I Tilipalvelu Ky,Kommandiittiyhtiö,"Paalikatu 6 A, 90520 Oulu",Oulu,ilmainen
2665835-3,Gustafsson/Varjonen Oy,Osakeyhtiö,"Kakolankatu 5 B, 20100 Turku",Turku,ilmainen
2667497-8,Kauhavan Tilipiste Oy,Osakeyhtiö,"Lauttamuksentie 6 A, 62200 Kauhava",Kauhava,ilmainen
2669650-1,Suomen tili- ja taseneuvonta Oy,Osakeyhtiö,"Mannerheimintie 162 A, 00300 Helsinki",Helsinki,ilmainen
2670336-1,Lakeuden Laskentatoimi Oy,Osakeyhtiö,"Vanhatie 14 as., 91800 Tyrnävä",Tyrnävä,ilmainen
2670387-1,Tomi Kivikko Ky,Kommandiittiyhtiö,"Pikkuniituntie 14, 21900 Yläne",Yläne,ilmainen
2670722-3,Abac Oy,Osakeyhtiö,"Puutarhatie 24 D, 01300 Vantaa",Vantaa,ilmainen
2671850-4,Tilitoimisto Satukirsi Oy,Osakeyhtiö,"Havupolku 14, 80400 Ylämylly",Ylämylly,ilmainen
2672059-1,Palkkapaja Oy,Osakeyhtiö,"Muulankatu 21, 33710 Tampere",Tampere,ilmainen
2672475-2,Numeraali Oy,Osakeyhtiö,"Ruskeepäänkatu 56 C, 37120 Nokia",Nokia,ilmainen
2672959-6,Jyväslaskenta Oy,Osakeyhtiö,"Kalevankatu 4 A, 40100 Jyväskylä",Jyväskylä,ilmainen
2674416-3,Oy Denmac Ab,Osakeyhtiö,"Vallonvägen 2 C, 65610 Mustasaari",Mustasaari,ilmainen
2674833-2,Sampsano Oy,Osakeyhtiö,"Pohjoinen Makasiinikatu 6 A, 00130 Helsinki",Helsinki,ilmainen
2675318-2,Svalner Atlas Accounting Oy,Osakeyhtiö,"Junakatu 9, 20100 Turku",Turku,ilmainen
2675598-9,J. Korkala Oy,Osakeyhtiö,"Kirvestie 24, 33710 Tampere",Tampere,ilmainen
2675690-6,Isännöintiliiga Oy,Osakeyhtiö,"Kauppalankatu 22 A, 05800 Hyvinkää",Hyvinkää,ilmainen
2675710-8,Kivijärvi Group Oy,Osakeyhtiö,"Verstaankatu 7, 33100 Tampere",Tampere,ilmainen
2676304-9,Yrityskonsultointi Cassa Oy,Osakeyhtiö,00101 Helsinki,Helsinki,ilmainen
2677151-6,Econo Business Oy,Osakeyhtiö,"Saharavainiontie 1, 62300 Härmä",Härmä,ilmainen
2677340-7,Hyvinkään laki ja tili Oy,Osakeyhtiö,"Itälahdenkatu 15-17, 00210 Helsinki",Helsinki,ilmainen
2677370-6,Admin G Accounting Oy,Osakeyhtiö,"Fabianinkatu 4 B, 00130 Helsinki",Helsinki,ilmainen
2677826-7,Loyal Trading Group Oy,Osakeyhtiö,"Karjakuja 38, 31300 Tammela",Tammela,ilmainen
2678652-3,Allmania Oy,Osakeyhtiö,"Koivutie 2, 83100 Liperi",Liperi,ilmainen
2679140-2,Tilipalvelu Siripro Oy,Osakeyhtiö,"Keskustie 13, 43500 Karstula",Karstula,ilmainen
2679973-8,Tiliduo Pirjo Uutela Ky,Kommandiittiyhtiö,"Kansankatu 3 lh., 96100 Rovaniemi",Rovaniemi,ilmainen
2680288-8,Tilitoimisto Mandaatti Helsinki Oy,Osakeyhtiö,"Sinikalliontie 7, 02630 Espoo",Espoo,ilmainen
2682059-2,Pintsi Oy,Osakeyhtiö,"Takapolku 4 B, 45720 Kuusankoski",Kuusankoski,ilmainen
2682330-4,Economos Oy,Osakeyhtiö,"Umpikuja 5, 90230 Oulu",Oulu,ilmainen
2683894-4,Econum Oy,Osakeyhtiö,"Vanha Pillistöntie 10, 03100 Nummela",Nummela,ilmainen
2684113-1,Talenom Balance Oy,Osakeyhtiö,"Yrttipellontie 2, 90230 Oulu",Oulu,ilmainen
2685817-9,Kirjanpito- ja tilintarkastuspalvelu Suoranta Oy,Osakeyhtiö,"Leirikatu 9, 20360 Turku",Turku,ilmainen
2686439-2,Lakeuden Tilineuvos Oy,Osakeyhtiö,"Kaukolanraitti 3 B, 61400 Ylistaro",Ylistaro,ilmainen
2687174-4,Tilitoimisto Sillanaukee Oy,Osakeyhtiö,"Vuorentaustantie 2 B, 33420 Tampere",Tampere,ilmainen
2687863-9,Cloudberry RL Oy,Osakeyhtiö,"Koukkutie 3, 62900 Alajärvi",Alajärvi,ilmainen
2687955-1,Tilitoimisto Taival Oy,Osakeyhtiö,"Sepetlahdentie 11 B, 02230 Espoo",Espoo,ilmainen
2688840-7,Tilitoimisto Perbrahe Oy,Osakeyhtiö,"Kauppakatu 44 L, 92100 Raahe",Raahe,ilmainen
2688892-5,AnyOne Oy,Osakeyhtiö,"Torikatu 4 A, 45100 Kouvola",Kouvola,ilmainen
2689141-1,Alhola Accounting Oy,Osakeyhtiö,"Mäkipellontie 7 A, 00320 Helsinki",Helsinki,ilmainen
2689179-6,FashionRoom Ky,Kommandiittiyhtiö,"Vallerinkatu 18, 33270 Tampere",Tampere,ilmainen
2690369-7,Vaaka Yrityspalvelut Ky,Kommandiittiyhtiö,"Opintie 4 A, 60510 Hyllykallio",Hyllykallio,ilmainen
2691106-4,Afecta Oy,Osakeyhtiö,"Läntinen Kirkkokatu 41 A, 67100 Kokkola",Kokkola,ilmainen
2692095-6,Tilikaisa Ky,Kommandiittiyhtiö,"Vasamankaari 2 A, 33450 Siivikkala",Siivikkala,ilmainen
2692128-9,Edelmira Oy,Osakeyhtiö,"Kansakoulukuja 3 A, 00100 Helsinki",Helsinki,ilmainen
2692184-4,Taloushallinto Wiik Oy,Osakeyhtiö,"Kuumaniemenkatu 2 A, 98100 Kemijärvi",Kemijärvi,ilmainen
2693315-9,Painoksi Oy,Osakeyhtiö,"Lirokuja 2, 00940 Helsinki",Helsinki,ilmainen
2693411-9,Tilitoimisto Henu Oy,Osakeyhtiö,"Kivenhakkaajankatu 6, 24100 Salo",Salo,ilmainen
2693996-4,Mobile Money Solutions Oy,Osakeyhtiö,"Haapaniemenkatu 11 A, 00530 Helsinki",Helsinki,ilmainen
2694169-3,Hietatilit Oy,Osakeyhtiö,"Keskuskatu 8, 42100 Jämsä",Jämsä,ilmainen
2694514-1,Annecy Invest Oy,Osakeyhtiö,"Sinimäentie 10 B, 02630 Espoo",Espoo,ilmainen
2695017-8,Obsido Family Office Sweden Oy,Osakeyhtiö,"Rautatienkatu 14 A, 33100 Tampere",Tampere,ilmainen
2695501-6,MR tilit Oy,Osakeyhtiö,"Marttilantie 25 D, 54500 Taavetti",Taavetti,ilmainen
2695816-1,Sipovaara Oy,Osakeyhtiö,"Kirkkokatu 3 lh., 98100 Kemijärvi",Kemijärvi,ilmainen
2696505-4,AllRound 2Service Oy,Osakeyhtiö,"Päivöläntie 28 A, 00730 Helsinki",Helsinki,ilmainen
2696636-4,AllRound 4Arts Oy,Osakeyhtiö,"Päivöläntie 28 A, 00730 Helsinki",Helsinki,ilmainen
2697190-5,V&S Tilitoimisto Oy,Osakeyhtiö,"Tilustie 2 B, 01230 Vantaa",Vantaa,ilmainen
2697264-1,FastRent Oy,Osakeyhtiö,"Mäntykuja 5, 02400 Kirkkonummi",Kirkkonummi,ilmainen
2697662-6,Tilitoimisto Forte Oy,Osakeyhtiö,"Aitakuja 3, 96460 Rovaniemi",Rovaniemi,ilmainen
2697973-9,Globäck Invest Oy Ab,Osakeyhtiö,"Johansvägen 4 K, 65610 Mustasaari",Mustasaari,ilmainen
2698806-1,Laskentapilvi Ky,Kommandiittiyhtiö,"Puistokatu 15 A, 50100 Mikkeli",Mikkeli,ilmainen
2698953-1,Iisalmen Tilitiimi Oy,Osakeyhtiö,"Kirkkopuistonkatu 19, 74100 Iisalmi",Iisalmi,ilmainen
2699124-4,AllRound 4Consults Oy,Osakeyhtiö,"Päivöläntie 28 A, 00730 Helsinki",Helsinki,ilmainen
2699341-8,TulosSatama Oy,Osakeyhtiö,"Kirkkokatu 1, 70100 Kuopio",Kuopio,ilmainen
2699983-6,Balanco Oy,Osakeyhtiö,"Robert Huberin Tie 16, 01510 Vantaa",Vantaa,ilmainen
2700805-3,Oy Vaasa Factoring Ab,Osakeyhtiö,"Kärrgränd 4, 65610 Mustasaari",Mustasaari,ilmainen
2701044-4,Jussin Yrityspalvelut Oy,Osakeyhtiö,"Savonkatu 3, 53100 Lappeenranta",Lappeenranta,ilmainen
2701338-9,Sesenta Oy,Osakeyhtiö,"Kråkbackvägen 137, 66140 Övermalax",Övermalax,ilmainen
2701473-6,Wai-Tom Oy,Osakeyhtiö,"Pohjoiskyläntie 160, 51850 Vuorenmaa",Vuorenmaa,ilmainen
2701579-8,Lona Laskenta Oy,Osakeyhtiö,"Kivisalmentie 302, 36810 Kuhmalahti",Kuhmalahti,ilmainen
2701689-7,Tilitoimisto Karttunen Oy,Osakeyhtiö,"Haarajärventie 197, 82600 Tohmajärvi",Tohmajärvi,ilmainen
2701982-8,Consubal Ky,Kommandiittiyhtiö,"Kalamestarintie 7, 04300 Tuusula",Tuusula,ilmainen
2702127-4,Tili- ja lakipalvelut Fidensa Oy,Osakeyhtiö,"Hevonniementie 63, 34800 Virrat",Virrat,ilmainen
2702360-8,Tilitoimisto JU-JU Oy,Osakeyhtiö,"Sammalkalliontie 6 C, 02210 Espoo",Espoo,ilmainen
2702705-1,Tilitoimisto Pilkku Ky,Kommandiittiyhtiö,"Kulmakatu 20, 45100 Kouvola",Kouvola,ilmainen
2702828-1,Tilitoimisto J & T Markkanen Oy,Osakeyhtiö,"Ajurinkatu 28, 11710 Riihimäki",Riihimäki,ilmainen
2703589-5,Tilitehdas Espoo Oy,Osakeyhtiö,"Tekniikantie 14, 02150 Espoo",Espoo,ilmainen
2704072-3,Laki- ja yrityspalvelu Ratinen Oy,Osakeyhtiö,"Himminpolku 2 lh., 37500 Lempäälä",Lempäälä,ilmainen
2705256-4,Tilipalvelu Saldo Oy,Osakeyhtiö,"Tyynylaavankuja 2 B, 00980 Helsinki",Helsinki,ilmainen
2705705-8,Minnan kirjanpitopalvelu Oy,Osakeyhtiö,"Riihontie 150, 35990 Kolho",Kolho,ilmainen
2706011-8,Fin/Admin Oy,Osakeyhtiö,"Lohikoskentie 14, 40320 Jyväskylä",Jyväskylä,ilmainen
2706191-1,Tilipalvelu Anne Hakala Ky,Kommandiittiyhtiö,"Vähänkyröntie 202, 66500 Vähäkyrö",Vähäkyrö,ilmainen
2708202-6,Kervola Accounts Oy,Osakeyhtiö,"Torikatu 30, 80100 Joensuu",Joensuu,ilmainen
2708611-5,Puukkiipperi Oy,Osakeyhtiö,"Kasarmintie 21, 90130 Oulu",Oulu,ilmainen
2709260-3,Opit ja Tilit Oy,Osakeyhtiö,"Kannonpääntie 45, 21140 Rymättylä",Rymättylä,ilmainen
2709719-9,Aureco Oy,Osakeyhtiö,"Hatanpään Valtatie 4 A, 33100 Tampere",Tampere,ilmainen
2710755-3,Osuuskunta TradeTase,Osuuskunta,"Joukahaisenkatu 3, 20520 Turku",Turku,ilmainen
2713935-2,Kirjanpito Peltoniemi Oy,Osakeyhtiö,"Otavankatu 19, 28100 Pori",Pori,ilmainen
2714338-6,Laskentapalvelu Tasetta Ky,Kommandiittiyhtiö,"Pajatie 6, 40630 Jyväskylä",Jyväskylä,ilmainen
2715351-7,Verotar Ky,Kommandiittiyhtiö,"Keskikatu 2, 04200 Kerava",Kerava,ilmainen
2716676-4,Auttajat Oy,Osakeyhtiö,"Kuninkaankatu 38, 26100 Rauma",Rauma,ilmainen
2716720-6,Tilitoimisto MTL Oy,Osakeyhtiö,"Sivenojantie 89, 04170 Paippinen",Paippinen,ilmainen
2717897-6,Tilisane Oy,Osakeyhtiö,"Rapatanhuantie 15 B, 34870 Visuvesi",Visuvesi,ilmainen
2718463-9,MG-Profit Oy Ab,Osakeyhtiö,"Karl Ix S Gata 11 C, 65380 Vaasa",Vaasa,ilmainen
2719079-9,AlatiPro Oy,Osakeyhtiö,"Kairakuja 9 C, 01650 Vantaa",Vantaa,ilmainen
2720721-2,Taitolaskenta Oy,Osakeyhtiö,"Niku-Matintie 2 A, 85500 Nivala",Nivala,ilmainen
2720731-9,Thulia Advisory Oy,Osakeyhtiö,"Lintusalmi 341, 18300 Heinola Kk",Heinola Kk,ilmainen
2720949-6,Ekonomikompaniet Ab,Osakeyhtiö,"Ytterbyvägen 149, 22150 Jomala",Jomala,ilmainen
2721486-9,Tilipalvelu Kalkos Oy,Osakeyhtiö,"Kenttäkuja 10 B, 00720 Helsinki",Helsinki,ilmainen
2722849-4,Agrotaloushallinto Oy,Osakeyhtiö,"Pippurintie 39, 02480 Kirkkonummi",Kirkkonummi,ilmainen
2723695-3,High Roller Accounting Ky,Kommandiittiyhtiö,"Pessikuja 3, 63700 Ähtäri",Ähtäri,ilmainen
2723972-4,TSS-Palvelut Oy,Osakeyhtiö,"Huvilaharju 25, 02730 Espoo",Espoo,ilmainen
2725864-2,HTP Tilit Oy,Osakeyhtiö,"Kämnerintie 12 A, 00750 Helsinki",Helsinki,ilmainen
2726911-4,Profima Accounting Oy,Osakeyhtiö,"Malminkartanonkuja 4, 00390 Helsinki",Helsinki,ilmainen
2727319-9,Altike avoin yhtiö,Avoin yhtiö,"Kiikankuja 409, 32440 Alastaro",Alastaro,ilmainen
2728061-2,AVA Tili Häme Oy,Osakeyhtiö,"Koulukatu 14, 60100 Seinäjoki",Seinäjoki,ilmainen
2728301-2,Tilitoimisto Nuordata Oy,Osakeyhtiö,"Bulevardi 1 A, 10900 Hanko",Hanko,ilmainen
2728456-8,Oulunsalon Tilitoimisto Oy,Osakeyhtiö,"Maustetie 29, 90460 Oulunsalo",Oulunsalo,ilmainen
2729531-2,Aaltotilit Oy,Osakeyhtiö,"Puistotie 26, 72400 Pielavesi",Pielavesi,ilmainen
2729795-9,Procount Oy,Osakeyhtiö,"Kalliopohjantie 10 D, 04300 Tuusula",Tuusula,ilmainen
2731518-4,Stadin Buli Jeesi Oy,Osakeyhtiö,"Kotkagatan 8, 00510 Helsinki",Helsinki,ilmainen
2732485-7,Caunis Oy,Osakeyhtiö,"Vesijärvenkatu 9 C, 15140 Lahti",Lahti,ilmainen
2732901-7,Tilitoimisto JxK Oy,Osakeyhtiö,"Peurantie 3, 66300 Jurva",Jurva,ilmainen
2733782-6,Dreamaccount Oy,Osakeyhtiö,"Junnaronkatu 10, 24100 Salo",Salo,ilmainen
2733813-2,Yrityspalvelu Helbis Oy,Osakeyhtiö,"Niemiskyläntie 305, 63150 Ruona",Ruona,ilmainen
2734189-2,AKM Talouspalvelut Oy,Osakeyhtiö,"Linnankoskenkatu 28 A, 06100 Porvoo",Porvoo,ilmainen
2735066-8,Turun Yritystilit Oy,Osakeyhtiö,"Kakolankatu 1, 20100 Turku",Turku,ilmainen
2735317-2,Tilitoimistosi eTase Oy,Osakeyhtiö,"Männynkävyntie 1 B, 01690 Vantaa",Vantaa,ilmainen
2735689-1,JN-Konsultointi OY,Osakeyhtiö,"Tähkäkuja 4, 37630 Valkeakoski",Valkeakoski,ilmainen
2736099-7,Onnentili Oy,Osakeyhtiö,"Keilaranta 8, 02150 Espoo",Espoo,ilmainen
2736899-9,FaktaCount Tampere Oy,Osakeyhtiö,"Itsenäisyydenkatu 17 B, 33500 Tampere",Tampere,ilmainen
2740776-7,MSJ-Tilit Oy,Osakeyhtiö,"Bulevardi 23-27, 00180 Helsinki",Helsinki,ilmainen
2743042-2,Tilismart Oy,Osakeyhtiö,"Helmikuja 2 B, 01600 Vantaa",Vantaa,ilmainen
2743584-8,Tilipalvelu Ståhlberg Ky,Kommandiittiyhtiö,"Hippoksentie 31, 20520 Turku",Turku,ilmainen
2745836-1,CFOrce Oy,Osakeyhtiö,"Isokaari 11 D, 00200 Helsinki",Helsinki,ilmainen
2746090-4,Tilietve Accounting Oy,Osakeyhtiö,"Airuentie 6 A, 00620 Helsinki",Helsinki,ilmainen
2746234-4,Taloushallintopalvelut Poveria Oy,Osakeyhtiö,"Alatie 20, 23100 Mynämäki",Mynämäki,ilmainen
2746427-8,BCA Services Oy,Osakeyhtiö,"Arttelikuja 3 B, 02260 Espoo",Espoo,ilmainen
2747644-7,Kirjanpitopaja Oy,Osakeyhtiö,"Länsi-Keimolan Tie 16, 01750 Vantaa",Vantaa,ilmainen
2750114-7,Natural Account Finland Oy,Osakeyhtiö,"Mechelininkatu 49 A, 00250 Helsinki",Helsinki,ilmainen
2750143-8,Eurocontrol - Suomen yritys- ja kiinteistötilit Oy,Osakeyhtiö,"Lepikontie 3, 96100 Rovaniemi",Rovaniemi,ilmainen
2750645-8,Forte Taloushallinto Oy,Osakeyhtiö,"Aitakuja 3, 96460 Rovaniemi",Rovaniemi,ilmainen
2752681-1,Niinan Tilipalvelu Oy,Osakeyhtiö,"Ruisaumantie 17, 71800 Siilinjärvi",Siilinjärvi,ilmainen
2752766-2,Atlam Oy,Osakeyhtiö,"Alitilantie 15, 01800 Klaukkala",Klaukkala,ilmainen
2753205-8,Nystuga Oy,Osakeyhtiö,"Uudentuvantie 50b, 07690 Kankkila",Kankkila,ilmainen
2753750-2,Wisecounter Oy,Osakeyhtiö,"Hämeentie 157, 00560 Helsinki",Helsinki,ilmainen
2753901-4,Tilitoimisto Helmitupa Oy,Osakeyhtiö,"Kauppakatu 61, 53100 Lappeenranta",Lappeenranta,ilmainen
2754289-7,Tilitoimisto Roihu Oy,Osakeyhtiö,"Hakalahdenkatu 37, 67100 Kokkola",Kokkola,ilmainen
2754356-6,Toimisto Ananas Oy,Osakeyhtiö,"Tankomäenkatu 3 B, 00950 Helsinki",Helsinki,ilmainen
2755363-3,Cloutax Oy,Osakeyhtiö,"Tukkireentie 13, 90420 Oulu",Oulu,ilmainen
2757085-5,M Taloushallinto Oy,Osakeyhtiö,"Kirkkotie 5-7 B, 12400 Tervakoski",Tervakoski,ilmainen
2757169-8,Hämeen Taitolaskenta Ky,Kommandiittiyhtiö,"Kartanonkatu 10 A, 30100 Forssa",Forssa,ilmainen
2757879-3,TiliCorte Ky,Kommandiittiyhtiö,"Cortenkatu 10 as., 92100 Raahe",Raahe,ilmainen
2758783-3,Atlas One Oy,Osakeyhtiö,"Rajatorpantie 41 C, 01640 Vantaa",Vantaa,ilmainen
2759197-1,MJJ-Tilit Oy,Osakeyhtiö,"Pitkäkatu 59 G, 65100 Vaasa",Vaasa,ilmainen
2759704-6,FLOY OY,Osakeyhtiö,"Kyminlinnantie 6, 48600 Kotka",Kotka,ilmainen
2759894-6,Proved Oy,Osakeyhtiö,"Valkovuokontie 4, 60510 Hyllykallio",Hyllykallio,ilmainen
2761229-3,ATM-Mannila Oy,Osakeyhtiö,"Harjukatu 18 A, 18100 Heinola",Heinola,ilmainen
2761654-2,JMV House Oy,Osakeyhtiö,"Kalajoentie 34, 85100 Kalajoki",Kalajoki,ilmainen
2762209-6,AB KOV-Consulting Oy,Osakeyhtiö,"Söderbyvägen 58, 65610 Mustasaari",Mustasaari,ilmainen
2763018-4,Tili- ja Talouspalvelu Sara Ky,Kommandiittiyhtiö,"Valimokuja 1 E, 04410 Järvenpää",Järvenpää,ilmainen
2764503-6,Slipp Oy,Osakeyhtiö,"Kellonsoittajankatu 13 A, 20500 Turku",Turku,ilmainen
2765354-6,Alfiina Group Oy,Osakeyhtiö,"Tekniikantie 14, 02150 Espoo",Espoo,ilmainen
2766183-7,Tilitoimisto Tilikärppä Oy,Osakeyhtiö,"Annentie 22 B, 01420 Vantaa",Vantaa,ilmainen
2766964-4,Fineka Oy,Osakeyhtiö,"Harjuntausta 1, 33400 Tampere",Tampere,ilmainen
2768082-7,Euroaccount Finland Oy,Osakeyhtiö,"Rautatienkatu 20, 15110 Lahti",Lahti,ilmainen
2768327-8,AJ-Tili Oy,Osakeyhtiö,"Rautatienkatu 8, 15100 Lahti",Lahti,ilmainen
2768619-6,Mariannan Tili Oy,Osakeyhtiö,"Perentie 9, 32810 Peipohja",Peipohja,ilmainen
2768667-1,MHH-Tilit Oy,Osakeyhtiö,"Myllytie 1, 59800 Kesälahti",Kesälahti,ilmainen
2769277-2,TiliKimara Oy,Osakeyhtiö,"Tervakkotie 8, 01350 Vantaa",Vantaa,ilmainen
2769475-1,Framstek Oy,Osakeyhtiö,"Koverontie 41 A, 82710 Kovero",Kovero,ilmainen
2770595-9,Tilismart Establishment Oy,Osakeyhtiö,"Helmikuja 2 B, 01600 Vantaa",Vantaa,ilmainen
2771278-8,Tilitoimisto Sa-Ra Oy,Osakeyhtiö,"Ruolankatu 24 A, 15150 Lahti",Lahti,ilmainen
2771583-1,Vil-Ken Business Oy Ab,Osakeyhtiö,"Isopellontie 78, 65280 Vaasa",Vaasa,ilmainen
2772183-6,Rezulto Oy,Osakeyhtiö,"Rullakatu 14 C, 15900 Lahti",Lahti,ilmainen
2772406-8,Tiliykköset Oy,Osakeyhtiö,"Teerisuonkuja 1 C, 00700 Helsinki",Helsinki,ilmainen
2772407-6,United Accounting Advisors Group Ltd Oy,Osakeyhtiö,"Vähäntuvantie 3 E, 00390 Helsinki",Helsinki,ilmainen
2772715-4,Arvo-Laskenta Oy,Osakeyhtiö,"Puijonkatu 12 B, 70100 Kuopio",Kuopio,ilmainen
2772919-2,AM ACCOUNTS OY,Osakeyhtiö,"Hatanpään Valtatie 40 F, 33900 Tampere",Tampere,ilmainen
2773844-3,Jaskari Accounting & Business Consulting Oy,Osakeyhtiö,"Marabacktået 15, 65460 Tölby",Tölby,ilmainen
2774251-4,Tilihuhta Oy,Osakeyhtiö,"Ollilantie 1, 90440 Kempele",Kempele,ilmainen
2774741-1,Sami Pöllänen Oy,Osakeyhtiö,"Hakakatu 20, 11310 Riihimäki",Riihimäki,ilmainen
2775115-4,B-ACCOUNT OY AB,Osakeyhtiö,"Tarharannankaari 6, 67700 Kokkola",Kokkola,ilmainen
2775689-5,Finenssia Oy,Osakeyhtiö,"Toukotie 9, 01840 Klaukkala",Klaukkala,ilmainen
2775805-7,Tilitoimisto Liisa Tyynilä Oy,Osakeyhtiö,"Ritarikatu 9, 00170 Helsinki",Helsinki,ilmainen
2775808-1,Suunta Taloushallinto Oy,Osakeyhtiö,"Riudanmäki 40, 01940 Palojoki",Palojoki,ilmainen
2776417-4,Tiedotar Oy,Osakeyhtiö,"Pennasenvaarantie 37, 75500 Nurmes",Nurmes,ilmainen
2777041-9,Munther Yrityspalvelut Oy,Osakeyhtiö,"Auratie 10 I, 06150 Porvoo",Porvoo,ilmainen
2777087-3,Molpe AL Consulting Kb,Kommandiittiyhtiö,"Söderbyvägen 3 A, 66210 Molpe",Molpe,ilmainen
2777103-2,Tilitoimisto 2X Oy,Osakeyhtiö,"Yliopistonkatu 33 D, 20100 Turku",Turku,ilmainen
2777395-1,Pro-Sentti Oy,Osakeyhtiö,"Keskikatu 4 P, 04200 Kerava",Kerava,ilmainen
2777676-5,TSR Talouspalvelut Oy,Osakeyhtiö,"Nousutie 22, 41210 Jokihaara",Jokihaara,ilmainen
2778219-6,Bokföringstjänst J & M öppet bolag,Avoin yhtiö,"Ystadsgatan 3, 10600 Tammisaari",Tammisaari,ilmainen
2778770-4,Helsingin Ekonomitoimisto Ky,Kommandiittiyhtiö,"Kiskontie 7, 00280 Helsinki",Helsinki,ilmainen
2778960-3,Briviko Oy,Osakeyhtiö,"Finlaysoninkuja 13, 33210 Tampere",Tampere,ilmainen
2779024-1,Aconter Oy,Osakeyhtiö,"Kerkkolankatu 1, 05800 Hyvinkää",Hyvinkää,ilmainen
2779104-1,Tilisuunta Oy,Osakeyhtiö,"Sivukatu 6 A, 87500 Kajaani",Kajaani,ilmainen
2780162-5,TT Taloushallinto Oy,Osakeyhtiö,"Kauppatie 5, 93100 Pudasjärvi",Pudasjärvi,ilmainen
2780217-7,Larfina Oy,Osakeyhtiö,"Klaneettitie 6 A, 00420 Helsinki",Helsinki,ilmainen
2780782-4,Favore Oy,Osakeyhtiö,"Tursontie 3, 00610 Helsinki",Helsinki,ilmainen
2781351-1,Tax Services MSK Oy,Osakeyhtiö,00121 Helsinki,Helsinki,ilmainen
2782390-4,HSA Söder Oy,Osakeyhtiö,"Tuhtotie 7 B, 06100 Porvoo",Porvoo,ilmainen
2782441-3,Tuija Toivonen Oy,Osakeyhtiö,"Suojärventie 17, 88610 Vuokatti",Vuokatti,ilmainen
2782461-6,Yrityspalvelu Tuela Oy,Osakeyhtiö,"Muuramentie 58 as., 40950 Muurame",Muurame,ilmainen
2782743-8,Tilidea Oy,Osakeyhtiö,"Rykmentintie 2, 20810 Turku",Turku,ilmainen
2783312-5,Laskentakulma Ky,Kommandiittiyhtiö,"Leväsentie 21, 70780 Kuopio",Kuopio,ilmainen
2784378-8,Forssan Kirjanpito Oy,Osakeyhtiö,"Säästöpankinkatu 2 A, 30100 Forssa",Forssa,ilmainen
2784667-1,Tilitoimisto Mint Oy,Osakeyhtiö,"Korkeavuorenkatu 27 K, 00130 Helsinki",Helsinki,ilmainen
2784744-7,Pinkki laukku Oy,Osakeyhtiö,"Esterinportti 2, 00240 Helsinki",Helsinki,ilmainen
2785525-2,Tilitoimisto Talouspartneri Oy,Osakeyhtiö,"Tullikatu 8, 21100 Naantali",Naantali,ilmainen
2786015-8,TiliSys Oy,Osakeyhtiö,"Ratavartijankatu 11, 15170 Lahti",Lahti,ilmainen
2787152-7,Consultantti Oy,Osakeyhtiö,"Seuralantie 5, 60220 Seinäjoki",Seinäjoki,ilmainen
2787224-7,Arjan Tilipalvelut Ky,Kommandiittiyhtiö,"Kutalantie 2, 13210 Hämeenlinna",Hämeenlinna,ilmainen
2787684-6,Tilaurax osk,Osuuskunta,"Käsityöläiskatu 6, 30100 Forssa",Forssa,ilmainen
2787766-2,Salamen Tili Oy,Osakeyhtiö,"Ollintie 17, 86800 Pyhäsalmi",Pyhäsalmi,ilmainen
2788501-3,Fista Oy,Osakeyhtiö,"Kotkansiivenkatu 10, 33720 Tampere",Tampere,ilmainen
2788611-2,Topcounter Group Oy,Osakeyhtiö,"Pulttitie 4, 00880 Helsinki",Helsinki,ilmainen
2789548-1,Everything Finland Oy,Osakeyhtiö,"Vanha Kelkkamäki 18 A, 00570 Helsinki",Helsinki,ilmainen
2789866-6,Bäck & Vilén Företagstjänst Ab,Osakeyhtiö,"Hovrättsesplanaden 23, 65100 Vaasa",Vaasa,ilmainen
2789892-2,Tolika Oy,Osakeyhtiö,"Kaivokselantie 6 B, 01610 Vantaa",Vantaa,ilmainen
2790225-8,Nevene Oy,Osakeyhtiö,"Kirjatyöntekijänkatu 8 A, 00170 Helsinki",Helsinki,ilmainen
2790285-6,Taloushallintopalvelut Janita Suomi Oy,Osakeyhtiö,"Käsityöläiskatu 11, 20100 Turku",Turku,ilmainen
2790939-6,Awita Oy,Osakeyhtiö,"Rantakatu 10, 67100 Kokkola",Kokkola,ilmainen
2791118-9,Cropp Live Oy,Osakeyhtiö,"Viipurinkatu 12 L, 00510 Helsinki",Helsinki,ilmainen
2791134-9,Tilitoimisto Beka Oy,Osakeyhtiö,"Rätiälänkatu 24, 20810 Turku",Turku,ilmainen
2791413-6,Goodwill Tilit Oy,Osakeyhtiö,"Kasarmikatu 4, 13100 Hämeenlinna",Hämeenlinna,ilmainen
2791952-7,MoonInvest Oy,Osakeyhtiö,"Kuninkaankatu 18 A, 70100 Kuopio",Kuopio,ilmainen
2792120-5,Milltron Oy,Osakeyhtiö,"Satamatie 39 A, 90520 Oulu",Oulu,ilmainen
2792170-7,Economer Oy,Osakeyhtiö,"Keskusraitti 2, 05200 Rajamäki",Rajamäki,ilmainen
2792839-4,HT-Tili & Perintä Oy,Osakeyhtiö,"Kuninkaankatu 22 A, 33210 Tampere",Tampere,ilmainen
2792871-4,Tilitoimisto Ruokolainen Oy,Osakeyhtiö,"Metsäpolku 1, 56100 Ruokolahti",Ruokolahti,ilmainen
2794488-8,MecaCon Oy,Osakeyhtiö,"Aleksis Kiven Tie 14 A, 01900 Nurmijärvi",Nurmijärvi,ilmainen
2794648-8,SL Tilitaito Oy,Osakeyhtiö,"Porrassuontie 40, 39195 Kaipio",Kaipio,ilmainen
2795450-9,Tilipalvelu Nissilä Avoin yhtiö,Avoin yhtiö,"Viinikantie 59, 90480 Hailuoto",Hailuoto,ilmainen
2795651-2,Personal tili Ky,Kommandiittiyhtiö,"Vehnäkuja 1, 16300 Orimattila",Orimattila,ilmainen
2795851-8,V Technologies OY,Osakeyhtiö,"Louhelantie 1 D, 01600 Vantaa",Vantaa,ilmainen
2795872-9,Tilitoimisto Kalkulaattori Oy,Osakeyhtiö,"Sorinkatu 4 C, 33100 Tampere",Tampere,ilmainen
2796142-6,Tiliapila Oy,Osakeyhtiö,90401 Oulu,Oulu,ilmainen
2798053-9,Forenom Group Oy,Osakeyhtiö,"Firdonkatu 2, 00520 Helsinki",Helsinki,ilmainen
2798147-8,Benelex Oy,Osakeyhtiö,"Knuutinkatu 3, 21260 Raisio",Raisio,ilmainen
2798666-6,Rousi Group Oy,Osakeyhtiö,"Toivonkuja 1 B, 01680 Vantaa",Vantaa,ilmainen
2798850-6,Calculus Oy,Osakeyhtiö,"Kulmakatu 1 C, 15140 Lahti",Lahti,ilmainen
2799705-8,Tilisaari Oy,Osakeyhtiö,"Iltatähdentie 26, 23500 Uusikaupunki",Uusikaupunki,ilmainen
2799904-5,JVS Partners Oy,Osakeyhtiö,"Harmaaniityntie 4 D, 02780 Espoo",Espoo,ilmainen
2800558-3,SF-Tilit Oy,Osakeyhtiö,"Santaniitynkatu 7b A, 04250 Kerava",Kerava,ilmainen
2800885-6,PRV Talous Oy,Osakeyhtiö,"Kovelipolku 8b A, 00430 Helsinki",Helsinki,ilmainen
2801233-7,Tilitoimisto Tilioksi Oy,Osakeyhtiö,"Soppeentie 2 C, 33470 Ylöjärvi",Ylöjärvi,ilmainen
2801395-4,Lomace Oy,Osakeyhtiö,"Porkonkarintie 31, 90470 Varjakka",Varjakka,ilmainen
2801537-8,Nummelan Tilipalvelu Oy,Osakeyhtiö,03101 Nummela,Nummela,ilmainen
2801715-4,Kace Investment Oy,Osakeyhtiö,"Lusikkatie 12 A, 02780 Espoo",Espoo,ilmainen
2801910-9,Tili-Minetti Oy,Osakeyhtiö,"Hämeenkatu 3 D, 33100 Tampere",Tampere,ilmainen
2802669-1,Tilitoimisto Tähtitulos Oy,Osakeyhtiö,"Keskustie 8, 43500 Karstula",Karstula,ilmainen
2803399-8,Tulosmittaus Leino Oy,Osakeyhtiö,"Läntinen Rantakatu 53, 20100 Turku",Turku,ilmainen
2803495-8,MSA Model Solutions Accounting Oy,Osakeyhtiö,"Teerisuonkuja 1, 00700 Helsinki",Helsinki,ilmainen
2805337-4,EliTa Oy,Osakeyhtiö,"Itäkatu 1-5 D, 00930 Helsinki",Helsinki,ilmainen
2806063-8,Vinst Oy,Osakeyhtiö,01531 Vantaa,Vantaa,ilmainen
2806135-8,Tilitoimisto P.Sippola Oy,Osakeyhtiö,"Järvikatu 5 A, 62900 Alajärvi",Alajärvi,ilmainen
2806967-5,Evelia Tilitoimisto Oy,Osakeyhtiö,"Orikedonkatu 22 A, 20380 Turku",Turku,ilmainen
2807335-9,Nemodeus Oy,Osakeyhtiö,"Vanhamyllynranta 14, 01840 Klaukkala",Klaukkala,ilmainen
2807443-1,Palkkatalo Oy,Osakeyhtiö,"Åkerlundinkatu 11, 33100 Tampere",Tampere,ilmainen
2812255-2,Oy Accountia Partners Ab,Osakeyhtiö,"Itälahdenkatu 15-17, 00210 Helsinki",Helsinki,ilmainen
2812312-5,Tilitoimisto Rosendahl Oy,Kommandiittiyhtiö,"Itsenäisyydenkatu 37, 28100 Pori",Pori,ilmainen
2812763-6,DeeL Oy,Osakeyhtiö,"Kaskukuja 1 D, 01390 Vantaa",Vantaa,ilmainen
2815053-7,Compentek Service Oy,Osakeyhtiö,"Munkkiniemenranta 27 A, 00330 Helsinki",Helsinki,ilmainen
2816234-3,Ekonomitoimisto Koskimäki Oy,Osakeyhtiö,"Kuntotie 22, 61100 Peräseinäjoki",Peräseinäjoki,ilmainen
2816924-6,Tilitoimisto Rautiainen Oy,Osakeyhtiö,"Kiviahteentie 2 A, 37120 Nokia",Nokia,ilmainen
2816952-9,Pennivainu Oy,Osakeyhtiö,58701 Sulkava,Sulkava,ilmainen
2817832-9,Rendia Oy,Osakeyhtiö,"Sahakuja 2, 59100 Parikkala",Parikkala,ilmainen
2818756-7,Tilipalvelu Tasia avoin yhtiö,Avoin yhtiö,"Ylisentie 32 A, 60100 Seinäjoki",Seinäjoki,ilmainen
2819770-6,Festili Oy,Osakeyhtiö,"Aleksis Kiven Katu 22, 00500 Helsinki",Helsinki,ilmainen
2820240-5,Cotax Consultants Oy,Osakeyhtiö,,,ilmainen
2820716-9,KL-OT's Oy,Kommandiittiyhtiö,"Kiertokatu 12, 28130 Pori",Pori,ilmainen
2822481-5,Edelmann Consulting Oy,Osakeyhtiö,"Kumitehtaankatu 5, 04260 Kerava",Kerava,ilmainen
2823042-2,Laureana Tilit Oy,Osakeyhtiö,"Komentajankatu 6 C, 02600 Espoo",Espoo,ilmainen
2824083-1,Auran kv-palvelut Oy,Osakeyhtiö,"Koivukuja 12, 21380 Aura",Aura,ilmainen
2824934-2,Cataccount Oy,Osakeyhtiö,"Huhtalantie 2, 60220 Seinäjoki",Seinäjoki,ilmainen
2826537-7,Lax & Axberg Ab,Osakeyhtiö,"Pensionatsvägen 6, 22100 Mariehamn",Mariehamn,ilmainen
2827110-1,Suo-La Group Finland Oy,Osakeyhtiö,"Majalantie 87 B, 40950 Muurame",Muurame,ilmainen
2827149-4,Ad Silva Consulting Oy,Osakeyhtiö,"Vallgrundvägen 78 B, 65800 Raippaluoto",Raippaluoto,ilmainen
2828249-2,RX Group Oy,Osakeyhtiö,"Myötätuulenmäki 3 A, 02330 Espoo",Espoo,ilmainen
2828512-4,Tilipalvelu Balans Oy,Osakeyhtiö,"Laurinniityntie 14 D, 00440 Helsinki",Helsinki,ilmainen
2828869-1,Vuoriniemi Consulting VC Oy,Osakeyhtiö,"Urrilantie 20, 42700 Keuruu",Keuruu,ilmainen
2829632-5,Paasitilit Oy,Osakeyhtiö,"Svinhufvudinkatu 23, 15110 Lahti",Lahti,ilmainen
2830204-3,Kontoristen Ab Oy,Osakeyhtiö,"Torngatan 4, 10600 Tammisaari",Tammisaari,ilmainen
2830594-9,Tilitoimisto Eliitti Oy,Osakeyhtiö,"Turvapolku 1 B, 00430 Helsinki",Helsinki,ilmainen
2830615-9,Kirjanpito Eksakti Oy,Osakeyhtiö,"Kaiterantie 7 A, 93600 Kuusamo",Kuusamo,ilmainen
2832426-9,Pirjon Tili- ja taloushallintopalvelu Ky,Kommandiittiyhtiö,"Välskärinkatu 10, 60320 Seinäjoki",Seinäjoki,ilmainen
2834529-7,TILITOIMISTO REIPAS OY,Osakeyhtiö,"Pukinpolku 3, 03620 Karkkila",Karkkila,ilmainen
2836794-7,Kauppalan Tilinauha Oy,Osakeyhtiö,"Kaarlonkatu 2, 75500 Nurmes",Nurmes,ilmainen
2837174-3,Tilitoimisto Kajapa Oy,Osakeyhtiö,"Snellmaninkatu 2 D, 67100 Kokkola",Kokkola,ilmainen
2837448-5,ECIT Norian Oy,Osakeyhtiö,"Puistokatu 2 C, 40100 Jyväskylä",Jyväskylä,ilmainen
2837540-2,AnnaK Consulting Oy,Osakeyhtiö,"Liitokurrenkaari 20, 40320 Jyväskylä",Jyväskylä,ilmainen
2837931-5,MKa Talouspalvelu Ky,Kommandiittiyhtiö,"Lukkarilantie 10 B, 04600 Mäntsälä",Mäntsälä,ilmainen
2839005-5,Pohjanmaan Tilitiimi Oy,Osakeyhtiö,"Raastuvankatu 36 as., 65100 Vaasa",Vaasa,ilmainen
2840204-4,Kiinster Oy Ab,Osakeyhtiö,"Prästängsgatan 28 A, 10600 Tammisaari",Tammisaari,ilmainen
2840883-3,Tilivahti Oy,Osakeyhtiö,"Maakirjantie 14c, 02250 Espoo",Espoo,ilmainen
2841492-6,Oy Pirjo Apajainen,Osakeyhtiö,"Suntelantie 8, 17510 Nyystölä",Nyystölä,ilmainen
2841785-2,Tilitoimisto Jalo Oy,Osakeyhtiö,04401 Järvenpää,Järvenpää,ilmainen
2841920-9,Exa Finance Oy,Osakeyhtiö,"Antaksenkuja 4, 02330 Espoo",Espoo,ilmainen
2843009-6,Azure Accounting Oy,Osakeyhtiö,"Äyritie 22, 01510 Vantaa",Vantaa,ilmainen
2843174-2,Upinniemen poukama Oy,Osakeyhtiö,"Upinniementie 897, 02400 Kirkkonummi",Kirkkonummi,ilmainen
2843527-6,Talon tilipalvelu Oy,Osakeyhtiö,"Kauppakaari 8, 04200 Kerava",Kerava,ilmainen
2844340-1,TPH Service Oy,Osakeyhtiö,"Vesikkolantie 148, 54100 Joutseno",Joutseno,ilmainen
2845157-5,1.Tili Oy,Osakeyhtiö,"Metsäpurontie 26, 00630 Helsinki",Helsinki,ilmainen
2845792-6,Tilitoimisto Granit Oy,Osakeyhtiö,"Capsiankatu 6 B, 20320 Turku",Turku,ilmainen
2846218-6,Nicomnet Oy,Osakeyhtiö,"Kehäkuja 6, 05460 Hyvinkää",Hyvinkää,ilmainen
2847279-8,Tampereen DS Palvelu Oy,Osakeyhtiö,"Teiskontie 24, 33540 Tampere",Tampere,ilmainen
2847971-1,Yrityspalvelu HHPro Oy,Osakeyhtiö,"Pyhäjärventie 12, 27800 Säkylä",Säkylä,ilmainen
2849347-6,Lääkärien Tilitoimisto Oy,Osakeyhtiö,"Huvilakatu 27 C, 00150 Helsinki",Helsinki,ilmainen
2849368-7,SisUkko Oy,Osakeyhtiö,"Metsä-Pietilän Tie 34, 07600 Myrskylä",Myrskylä,ilmainen
2849650-3,Accounteria Oy,Osakeyhtiö,"Ahjokatu 14-16, 40320 Jyväskylä",Jyväskylä,ilmainen
2849928-8,Avar-Group Oy,Osakeyhtiö,"Pitkämäenkatu 11 A, 20250 Turku",Turku,ilmainen
2850735-6,TR Accounting Oy,Osakeyhtiö,"Maneesikatu 2a B, 00170 Helsinki",Helsinki,ilmainen
2853033-7,MM Pro Management Oy,Osakeyhtiö,"Hiirakkotie 2 B, 01200 Vantaa",Vantaa,ilmainen
2853068-7,Debeta Oy,Osakeyhtiö,"Måttisenkatu 8, 67700 Kokkola",Kokkola,ilmainen
2853397-6,Tilisali Oy,Osakeyhtiö,"Pihlajatie 31, 00270 Helsinki",Helsinki,ilmainen
2854615-2,Proforex Capital Oy,Osakeyhtiö,"Loukko 1, 21350 Ilmarinen",Ilmarinen,ilmainen
2854713-9,Tilifriikki Oy,Osakeyhtiö,"Liukkosentie 3 B, 05810 Hyvinkää",Hyvinkää,ilmainen
2857190-5,Kiinteistö-Tahkola Kirjanpito Oy,Osakeyhtiö,"Lumijoentie 1, 90400 Oulu",Oulu,ilmainen
2858141-7,L&L Accounting Oy,Osakeyhtiö,"Vetokuja 4 A, 01610 Vantaa",Vantaa,ilmainen
2858749-9,Tilinteko Oy,Osakeyhtiö,"Valurinkatu 2 A, 03600 Karkkila",Karkkila,ilmainen
2861166-3,Tilitoimisto Virta Oy,Osakeyhtiö,"Konttisentie 8, 40800 Vaajakoski",Vaajakoski,ilmainen
2861309-5,Tikkistupa Oy,Osakeyhtiö,"Airopolku 4, 42700 Keuruu",Keuruu,ilmainen
2862401-8,Tilipalvelu NoTe Oy,Osakeyhtiö,"Heinimaantie 1, 28300 Pori",Pori,ilmainen
2863712-6,Scalaria Finland Oy,Osakeyhtiö,"Koulutie 1, 43100 Saarijärvi",Saarijärvi,ilmainen
2863967-4,JL Toimistopalvelut Oy,Osakeyhtiö,"Rykmentinkatu 6 A, 15700 Lahti",Lahti,ilmainen
2864234-7,Afflo Oy,Osakeyhtiö,"Hiihtäjäntie 6 C, 00810 Helsinki",Helsinki,ilmainen
2864601-4,Talouden Vartija Ky,Kommandiittiyhtiö,"Laitumenpolku 1 B, 15300 Lahti",Lahti,ilmainen
2864624-1,Tilitax Oy,Osakeyhtiö,"Ollinmäentie 11, 04370 Rusutjärvi",Rusutjärvi,ilmainen
2864938-9,Balanceria Oy,Osakeyhtiö,"Kauppakaari 14 B, 04200 Kerava",Kerava,ilmainen
2865124-3,KT Counter Oy,Osakeyhtiö,"Kuurnankatu 32, 80130 Joensuu",Joensuu,ilmainen
2865619-1,Tilijytky Oy,Osakeyhtiö,"Dagmarinkatu 14 A, 00100 Helsinki",Helsinki,ilmainen
2867479-5,TH PLUS Oy,Osakeyhtiö,"Pohjoinen Nikinmäentie 13 E, 01490 Vantaa",Vantaa,ilmainen
2868371-2,Alvitar Oy,Osakeyhtiö,"Kanavakatu 3 as., 00160 Helsinki",Helsinki,ilmainen
2868534-7,Tili- ja Yrityspalvelu Hyyppä & Mettomäki Oy,Osakeyhtiö,"Energiakuja 3, 00180 Helsinki",Helsinki,ilmainen
2869656-4,Kohtisuora Oy,Osakeyhtiö,"Lemmakkalantie 81/13, 39130 Sasi",Sasi,ilmainen
2870190-9,Colubris Oy,Osakeyhtiö,"Vuolukiventie 11 H, 00710 Helsinki",Helsinki,ilmainen
2870485-1,Eken Ab,Osakeyhtiö,"Krämertsskogsvägen 6b A, 00240 Helsinki",Helsinki,ilmainen
2871011-9,RR-Tili Oy,Osakeyhtiö,"Heikinkatu 7, 48100 Kotka",Kotka,ilmainen
2871183-2,Tilipartners Oy,Osakeyhtiö,"Itäpuisto 3, 28100 Pori",Pori,ilmainen
2871313-3,TAKOPA OY,Osakeyhtiö,"Kangaslammentie 8 C, 40340 Jyväskylä",Jyväskylä,ilmainen
2873086-5,Tilitoimisto Louhi Oy,Osakeyhtiö,"Asemantie 2 C, 90440 Kempele",Kempele,ilmainen
2873301-1,V & Z Tilitoimisto Oy,Osakeyhtiö,"Uittamontie 4 E, 00940 Helsinki",Helsinki,ilmainen
2873363-6,KirjanpitoSalo Oy,Osakeyhtiö,"Sokerikatu 1, 24100 Salo",Salo,ilmainen
2873645-8,Lanpu Oy,Osakeyhtiö,"Takomotie 14 B, 00380 Helsinki",Helsinki,ilmainen
2875874-5,Tilitoimisto Turunen Leskinen Oy,Osakeyhtiö,"Poikkitie 4, 73500 Juankoski",Juankoski,ilmainen
2876264-8,Obsido Family Office Oy,Osakeyhtiö,"Rautatienkatu 14 A, 33100 Tampere",Tampere,ilmainen
2877811-3,Tilinalle Oy,Osakeyhtiö,"Nyyrikinkatu 25 A, 80260 Joensuu",Joensuu,ilmainen
2878256-9,Accom Oy,Osakeyhtiö,"Vilhelmintie 25, 02920 Espoo",Espoo,ilmainen
2878331-8,Dileks Oy,Osakeyhtiö,00101 Helsinki,Helsinki,ilmainen
2878412-6,Arkansia Oy,Osakeyhtiö,"Soraharjunkatu 9 as., 13130 Hämeenlinna",Hämeenlinna,ilmainen
2878548-7,Kaukolinna Ky,Kommandiittiyhtiö,"Rinnekatu 3, 03620 Karkkila",Karkkila,ilmainen
2879431-6,Pajox Oy,Osakeyhtiö,"Hyryntie 29, 89400 Hyrynsalmi",Hyrynsalmi,ilmainen
2880483-6,Tilkas Oy,Osakeyhtiö,"Kidekuja 2 A, 88610 Vuokatti",Vuokatti,ilmainen
2882534-6,Taloustaivas Oy,Osakeyhtiö,"Linnoitustie 3, 02600 Espoo",Espoo,ilmainen
2882995-3,Purotilit Oy,Osakeyhtiö,"Pakkahuoneenaukio 2, 33100 Tampere",Tampere,ilmainen
2883355-7,Rotio Oy,Osakeyhtiö,"Jääsalontie 14, 90400 Oulu",Oulu,ilmainen
2885080-8,Oy LJR-Accounting Ab,Osakeyhtiö,"Tietokuja 4, 00330 Helsinki",Helsinki,ilmainen
2885149-9,Taloushallinto J.Suominen Oy,Osakeyhtiö,"Männäistentie 6, 23500 Uusikaupunki",Uusikaupunki,ilmainen
2885548-1,EM-Sijoitus Oy,Osakeyhtiö,"Jyrkilänpolku 12, 48410 Kotka",Kotka,ilmainen
2888799-3,Jokilaaksojen Tilitoimisto Oy,Osakeyhtiö,"Rynnäkkötie 1, 86600 Haapavesi",Haapavesi,ilmainen
2891212-4,Lahden Tili ja Tapahtuma Oy,Osakeyhtiö,"Vesijärvenkatu 34, 15140 Lahti",Lahti,ilmainen
2891621-3,Arctic Management Oy,Osakeyhtiö,"Salmelantie 43 E, 88600 Sotkamo",Sotkamo,ilmainen
2891634-4,Viikes Oy,Osakeyhtiö,"Sydänmaantie 324, 27100 Eurajoki",Eurajoki,ilmainen
2893173-9,UPTAKER OY,Osakeyhtiö,"Hirsalantie 11, 02420 Jorvas",Jorvas,ilmainen
2895414-8,Tilitoveri Oy,Osakeyhtiö,"Tammelan Puistokatu 30-32 C, 33100 Tampere",Tampere,ilmainen
2897180-2,MuKiMe Oy,Osakeyhtiö,"Syrjäläntie 60, 40950 Muurame",Muurame,ilmainen
2899333-1,Elvacon Oy,Osakeyhtiö,"Sibeliuksenkatu 3 as., 20100 Turku",Turku,ilmainen
2900210-6,Yrityspalvelu Tuominen avoin yhtiö,Avoin yhtiö,"Haukjärventie 36, 46230 Valkeala",Valkeala,ilmainen
2901428-9,LMN Tax Design Oy,Osakeyhtiö,"Mellstenintie 2 C, 02170 Espoo",Espoo,ilmainen
2902828-5,Talousvaaka Oy,Osakeyhtiö,"Väkiparrantie 25, 38200 Sastamala",Sastamala,ilmainen
2903173-2,Finadan Oy,Osakeyhtiö,"Vaakonraitti 5 A, 33270 Tampere",Tampere,ilmainen
2903527-4,Tili-Pöllö Oy,Osakeyhtiö,"Eteläinen Salmitie 1, 02430 Masala",Masala,ilmainen
2904933-4,RE-Tili Oy,Osakeyhtiö,"Pälkäneentie 19 A, 00510 Helsinki",Helsinki,ilmainen
2905825-7,Tilipalvelu SK-toimisto Ky,Kommandiittiyhtiö,"Matkamiehenkatu 34, 15810 Lahti",Lahti,ilmainen
2906491-3,Kaarnakonsultit Oy,Osakeyhtiö,"Kaarnatie 34, 65320 Vaasa",Vaasa,ilmainen
2906675-9,Tilitoimisto MeKaks Oy,Osakeyhtiö,"Karhulantie 34 lh., 48600 Kotka",Kotka,ilmainen
2907018-4,DeCre Oy,Osakeyhtiö,"Johan Sederholmin Tie 8 A, 00810 Helsinki",Helsinki,ilmainen
2907253-4,Clinicon Oy,Osakeyhtiö,"Majalammentie 22 B, 01830 Lepsämä",Lepsämä,ilmainen
2907652-7,Novius Pro Oy,Osakeyhtiö,"Hitsaajankatu 6, 00810 Helsinki",Helsinki,ilmainen
2907777-3,Finanssiverkko Oy,Osakeyhtiö,"Luomantie 22, 41940 Vesanka",Vesanka,ilmainen
2908850-1,ElmoX Oy,Osakeyhtiö,"Sahatie 7 C, 33950 Pirkkala",Pirkkala,ilmainen
2909147-9,Wejjo Oy,Osakeyhtiö,"Paavolantie 1, 63600 Töysä",Töysä,ilmainen
2909768-6,Merisol Oy,Osakeyhtiö,"Pohjoispuisto 4 A, 28100 Pori",Pori,ilmainen
2910621-2,Cipolla Oy,Osakeyhtiö,"Erottajankatu 2, 00120 Helsinki",Helsinki,ilmainen
2912655-5,Osrok Oy,Osakeyhtiö,"Kauppakaari 13 A, 04200 Kerava",Kerava,ilmainen
2912781-4,Lilja Tilit Oy,Osakeyhtiö,"Kauppiaankatu 13 L, 33960 Pirkkala",Pirkkala,ilmainen
2914601-1,Bokföring H & N Kirjanpito Öppet Bolag,Avoin yhtiö,"Flemingsgatan 19, 10600 Tammisaari",Tammisaari,ilmainen
2915117-9,Oma Yrityspalvelut Oy,Osakeyhtiö,"Tuotekatu 13 A, 21200 Raisio",Raisio,ilmainen
2915615-6,Tietomylly Oy,Osakeyhtiö,"Kankaistentie 4, 51200 Kangasniemi",Kangasniemi,ilmainen
2915690-6,Rezulto Partner Oy,Osakeyhtiö,"Rullakatu 14 C, 15900 Lahti",Lahti,ilmainen
2915894-4,YTL Finland Oy,Osakeyhtiö,"Turvalaaksonkuja 2, 01740 Vantaa",Vantaa,ilmainen
2915972-8,Laskenta Vataja Oy,Osakeyhtiö,"Solmukatu 18, 20660 Littoinen",Littoinen,ilmainen
2915978-7,New House Office Oy,Osakeyhtiö,"Kalevankatu 9 A, 60100 Seinäjoki",Seinäjoki,ilmainen
2916286-3,Talous- ja Kiinteistöpalvelu Kukkonen & Kukkonen Oy,Osakeyhtiö,"Heinävaarantie 221, 82110 Heinävaara",Heinävaara,ilmainen
2918073-8,StarCount Oy,Osakeyhtiö,"Siirtolaisentie 12 as., 28610 Pori",Pori,ilmainen
2919081-3,Tili- ja konsultointipalvelu KOTI Avoin Yhtiö,Avoin yhtiö,"Litukankatu 11, 37120 Nokia",Nokia,ilmainen
2919287-8,Jepa Tilit Oy,Osakeyhtiö,"Korpelankuja 2 A, 24280 Salo",Salo,ilmainen
2919305-3,CVV Services Ab,Osakeyhtiö,"Näyttelijäntie 15 B, 00400 Helsinki",Helsinki,ilmainen
2919456-6,Grundo Oy,Osakeyhtiö,"Kutomotie 18, 00380 Helsinki",Helsinki,ilmainen
2920087-4,EMH-Tilit Oy,Osakeyhtiö,"Karhunkatu 15, 28100 Pori",Pori,ilmainen
2921254-1,Select Financial Services Oy,Osakeyhtiö,"Lönnrotinkatu 5, 00100 Helsinki",Helsinki,ilmainen
2921391-5,Carmensita Oy,Osakeyhtiö,"Lohjantie 16 B, 03100 Nummela",Nummela,ilmainen
2921568-9,ÄmKoo Oy,Osakeyhtiö,"Linnankatu 15 A, 90100 Oulu",Oulu,ilmainen
2922062-1,Tili Pähkylä Oy,Osakeyhtiö,"Hätilänkatu 3 C, 13210 Hämeenlinna",Hämeenlinna,ilmainen
2922517-4,Vettenranta Invest Oy,Osakeyhtiö,"Kruusintie 21b, 37100 Nokia",Nokia,ilmainen
2923270-2,Deskjockeys Consulting OY,Osakeyhtiö,"Työpajankatu 13 A, 00580 Helsinki",Helsinki,ilmainen
2924620-7,TalousSatama Oy,Osakeyhtiö,"Piispanportti 11, 02240 Espoo",Espoo,ilmainen
2925755-5,Tilipalvelu Able Oy,Osakeyhtiö,"Taitokatu 2, 87400 Kajaani",Kajaani,ilmainen
2925851-5,Tilitoimisto Sukkela Oy,Osakeyhtiö,"Hitsaajankatu 22, 00810 Helsinki",Helsinki,ilmainen
2927094-4,Ab Nibo Oy,Osakeyhtiö,"Sjögatan 49, 64100 Kristiinankaupunki",Kristiinankaupunki,ilmainen
2928193-4,Tili Siukola Oy,Osakeyhtiö,"Vasarakatu 4 A, 37150 Nokia",Nokia,ilmainen
2929419-6,Kotalammen Yrityspalvelut Avoin Yhtiö,Avoin yhtiö,"Rajakorventie 57, 90440 Kempele",Kempele,ilmainen
2929786-4,Kiteen Tili Oy,Osakeyhtiö,"Keisarinkuja 2, 82500 Kitee",Kitee,ilmainen
2931805-5,Aallon Group Oyj,Julkinen osakeyhtiö,"Esterinportti 2, 00240 Helsinki",Helsinki,ilmainen
2932299-4,Annelin Tili Oy,Osakeyhtiö,"Karjalankatu 12 B, 75500 Nurmes",Nurmes,ilmainen
2932621-5,From Ashes Oy,Osakeyhtiö,"Ylinenkatu 17 A, 23500 Uusikaupunki",Uusikaupunki,ilmainen
2933748-3,Calcurium Oy,Osakeyhtiö,"Luostarinkatu 4 C, 26100 Rauma",Rauma,ilmainen
2933871-8,Tilitiikeri Oy,Osakeyhtiö,"Vasarakatu 27 C, 40320 Jyväskylä",Jyväskylä,ilmainen
2934321-8,Tilitoimisto TimoTak Oy,Osakeyhtiö,"Saukontie 22, 28240 Pori",Pori,ilmainen
2934984-7,Optimal Accounting Oy,Osakeyhtiö,00000 Osoite Tuntematon,Osoite Tuntematon,ilmainen
2936112-5,Tili-Nexus Oy,Osakeyhtiö,"Vasarakatu 1 A, 40320 Jyväskylä",Jyväskylä,ilmainen
2936201-3,KatuStudio Oy,Osakeyhtiö,"Lohtistentie 73, 07590 Askola",Askola,ilmainen
2936335-8,Nema Oy,Osakeyhtiö,"Tuohikuja 2, 02130 Espoo",Espoo,ilmainen
2936882-9,Emila Oy,Osakeyhtiö,"Sorinkatu 4 C, 33100 Tampere",Tampere,ilmainen
2937500-9,A-Comptor Oy,Osakeyhtiö,"Nuppulantie 27, 20320 Turku",Turku,ilmainen
2938169-5,SL-Tilipalvelu Oy,Osakeyhtiö,"Tuohitie 12, 28600 Pori",Pori,ilmainen
2939278-1,eAccounting Finland Oy,Osakeyhtiö,96101 Rovaniemi,Rovaniemi,ilmainen
2941614-9,JH Tilipalvelu Oy,Osakeyhtiö,"Vähänkyröntie 6, 66500 Vähäkyrö",Vähäkyrö,ilmainen
2942815-8,NumerotON Oy,Osakeyhtiö,"Hämeenkatu 21-23, 05800 Hyvinkää",Hyvinkää,ilmainen
2943591-3,JK Laskentapalvelut Ky,Kommandiittiyhtiö,"Kuusikuja 2 B, 90230 Oulu",Oulu,ilmainen
2943791-9,Tilitoimisto Ruohola & Co Oy,Osakeyhtiö,"Näsilinnankatu 36 D, 33200 Tampere",Tampere,ilmainen
2944011-4,Hovén & Co Oy,Osakeyhtiö,"Valle Rosenbergin Kuja 7, 06100 Porvoo",Porvoo,ilmainen
2945110-4,Meidän IT ja talous Oy,Osakeyhtiö,"Tukkikatu 1, 53900 Lappeenranta",Lappeenranta,ilmainen
2945332-9,Hautala Omatalous Oy,Osakeyhtiö,"Lylyntie 10 B, 60510 Hyllykallio",Hyllykallio,ilmainen
2945844-5,Carteira Oy,Osakeyhtiö,"Lehmijärventie 738, 08500 Lohja",Lohja,ilmainen
2947018-8,Nenily Oy,Osakeyhtiö,"Maamonlahdentie 1 D, 00200 Helsinki",Helsinki,ilmainen
3570275-8,Cura Ventures Oy,Osakeyhtiö,"Vaakatie 7 E, 00440 Helsinki",Helsinki,ilmainen
0641138-8,Kommandiittiyhtiö Henry Kjällman Kommanditbolag,Kommandiittiyhtiö,"Brofogdevägen 15 A, 00640 Helsinki",Helsinki,ilmainen
0641435-1,Tili- ja konsulttitoimisto Kankaanpää Ky,Kommandiittiyhtiö,"Vähänkyröntie 620, 66440 Tervajoki",Tervajoki,ilmainen
0641440-7,Savolaisen Tilitoimisto Oy,Osakeyhtiö,"Kohtalankuja 5, 64700 Teuva",Teuva,ilmainen
0642456-8,Kiti talous Oy,Osakeyhtiö,"Ratakatu 47, 53100 Lappeenranta",Lappeenranta,ilmainen
0643372-0,Porvoon Tilipalvelu Oy,Osakeyhtiö,"Näse-Jutten Katu 12 I, 06100 Porvoo",Porvoo,ilmainen
0643495-0,Kirjanpitotoimisto Konttila Ky,Kommandiittiyhtiö,"Mahlamäentie 54, 04310 Tuusula",Tuusula,ilmainen
0644080-8,Tilitoimisto M.Lahti Oy,Osakeyhtiö,"Oritputaantie 9, 90240 Oulu",Oulu,ilmainen
0644822-8,Tilitoimisto Sirpa Veneskari Ky,Kommandiittiyhtiö,"Ristkarinkatu 6, 15170 Lahti",Lahti,ilmainen
0645151-5,Naantalin Tilipalvelu Oy,Osakeyhtiö,"Mannerheiminkatu 25 B, 21100 Naantali",Naantali,ilmainen
0645914-6,Oy Dama Consulting Ab,Osakeyhtiö,"Dörråkersvägen 11, 64200 Närpiö",Närpiö,ilmainen
0646164-1,Laskenta Yh Oy,Osakeyhtiö,"Sarkiantie 99, 38300 Sastamala",Sastamala,ilmainen
0646289-8,Tili-Hilkka Oy,Osakeyhtiö,"Lasimestarintie 22, 20320 Turku",Turku,ilmainen
0646493-0,Mårten Henriksson Oy Ab,Osakeyhtiö,"Drottninggatan 22, 07900 Loviisa",Loviisa,ilmainen
0646571-4,Lillia Brothers Investment Oy,Osakeyhtiö,"Vesijärventie 21, 36200 Kangasala",Kangasala,ilmainen
3571205-9,Provenko Talouspalvelut Oy,Osakeyhtiö,"Tiukantie 2 B, 64100 Kristiinankaupunki",Kristiinankaupunki,ilmainen
3571262-2,RS Accounting Oy,Osakeyhtiö,"Blåbärsstigen 25 A, 06100 Porvoo",Porvoo,ilmainen
3571275-3,Onnitili Oy,Osakeyhtiö,"Äijäntie 16, 46800 Myllykoski",Myllykoski,ilmainen
3571793-3,MSS Tilipalvelut Oy,Osakeyhtiö,"Huhdanmäentie 8-10 A, 03100 Nummela",Nummela,ilmainen
3573005-4,Peräpellon Tilitupa Oy,Osakeyhtiö,"Peräpellontie 5, 13300 Hämeenlinna",Hämeenlinna,ilmainen
3573230-8,Tilivääpeli Oy,Osakeyhtiö,"Vuoritie 3 A, 04400 Järvenpää",Järvenpää,ilmainen
3574209-8,Optimuspalvelu Oy,Osakeyhtiö,"Harakkalantie 1 A, 37500 Lempäälä",Lempäälä,ilmainen
3574455-2,Bluenor Oy,Osakeyhtiö,"Itälahdenkatu 15-17, 00210 Helsinki",Helsinki,ilmainen
3574655-8,Triple A H Group Oy,Osakeyhtiö,"Suurpellon Puistokatu 25, 02250 Espoo",Espoo,ilmainen
3574716-3,EvenProfit Oy,Osakeyhtiö,"Kurrintie 301, 47490 Mankala",Mankala,ilmainen
3574808-6,Sisä-Suomen Tilipalvelu Oy,Osakeyhtiö,"Suopolku 6, 41160 Tikkakoski",Tikkakoski,ilmainen
3575114-6,LAMO Invest Oy,Osakeyhtiö,"Myllykatu 12 A, 70110 Kuopio",Kuopio,ilmainen
3575751-3,Number Ninjas Oy,Osakeyhtiö,"Piispansilta 9, 02230 Espoo",Espoo,ilmainen
3576230-4,BKB Consulting & Accounting Oy,Osakeyhtiö,"Kuuselantie 6 D, 80140 Joensuu",Joensuu,ilmainen
3576284-9,Jojera Tilipalvelu Oy,Osakeyhtiö,"Kansakoulukatu 60, 28200 Pori",Pori,ilmainen
3576338-2,Titora Oy,Osakeyhtiö,"Vuorenalustie 1, 18300 Heinola Kk",Heinola Kk,ilmainen
3576383-3,Janina Kujala Oy,Osakeyhtiö,"Noitiniementie 8, 93600 Kuusamo",Kuusamo,ilmainen
3576825-5,AF Tilinhoito OY,Osakeyhtiö,"Mikonharjuntie 6, 54850 Kuukanniemi",Kuukanniemi,ilmainen
3577162-2,Tilifirma Finland Oy,Osakeyhtiö,"Rajamaankaari 13, 02970 Espoo",Espoo,ilmainen
3577392-7,ALNADAWI GROUP OY,Osakeyhtiö,"Ohjaajantie 11 A, 00400 Helsinki",Helsinki,ilmainen
3578717-3,Numora Oy,Osakeyhtiö,"Metsäläntie 8 B, 60510 Hyllykallio",Hyllykallio,ilmainen
3579975-6,FinConPro Oy,Osakeyhtiö,"Hepokalliontie 36, 00850 Helsinki",Helsinki,ilmainen
3581200-9,ESH EquiFinance Oy,Osakeyhtiö,"Suosaarentie 26, 01760 Vantaa",Vantaa,ilmainen
3581219-9,Mediora Oy,Osakeyhtiö,"Linnakatu 6 B, 42100 Jämsä",Jämsä,ilmainen
3581271-1,WEBA Consultants Oy,Osakeyhtiö,"Kaupintie 13, 00440 Helsinki",Helsinki,ilmainen
3582091-4,Ratakadun Tilikonttori Oy,Osakeyhtiö,"Ratakatu 3 A, 00120 Helsinki",Helsinki,ilmainen
3582121-2,Rahola Group Oy,Osakeyhtiö,"Koukkurannankatu 18 D, 33870 Tampere",Tampere,ilmainen
3582231-1,Milelal Oy,Osakeyhtiö,"Jaanintie 34 B, 20540 Turku",Turku,ilmainen
3582470-4,Vaina Group Oy,Osakeyhtiö,"Vasamatie 2 A, 02630 Espoo",Espoo,ilmainen
3582542-4,Kirjanpitopalvelut Repola Oy,Osakeyhtiö,"Napapiirintie 28, 96900 Saarenkylä",Saarenkylä,ilmainen
3583197-1,Mainstay Defender Oy,Osakeyhtiö,"Putkinotkontie 140, 71480 Kurkimäki",Kurkimäki,ilmainen
3583832-1,Kiinteistötalous KiTa Oy,Osakeyhtiö,"Lehtosaarentie 10 A, 70100 Kuopio",Kuopio,ilmainen
3584009-3,Talouden Taika Oy,Osakeyhtiö,"Juurakkokatu 60 D, 04260 Kerava",Kerava,ilmainen
3584245-1,Deandeta Oy,Osakeyhtiö,"Hämeenkatu 44 B, 11100 Riihimäki",Riihimäki,ilmainen
3584483-6,Tiliporras Päijät-Häme Oy,Osakeyhtiö,16301 Orimattila,Orimattila,ilmainen
3585818-9,Rockvisor Oy,Osakeyhtiö,"Tampereentie 12, 31760 Urjala",Urjala,ilmainen
3586042-2,Arvosa Oy,Osakeyhtiö,"Ulvilantie 17 H, 00350 Helsinki",Helsinki,ilmainen
3586288-2,Klaara Partners Oy,Osakeyhtiö,"Storgatan 15, 68600 Pietarsaari",Pietarsaari,ilmainen
3587567-5,AI Payroll Intelligence Oy,Osakeyhtiö,"Ruotutie 2 A, 33920 Pirkkala",Pirkkala,ilmainen
3587714-4,Tilipalvelu Solo Oy,Osakeyhtiö,"Kotimäentie 4, 90900 Kiiminki",Kiiminki,ilmainen
3587721-6,Kirjanpitoax Oy Heinola,Osakeyhtiö,"Oravankatu 2-4 as., 18150 Heinola",Heinola,ilmainen
3587874-5,Tappiontuhoojat Oy,Osakeyhtiö,"Rimmintie 89, 63340 Sapsalampi",Sapsalampi,ilmainen
3587879-6,TF-Talousratkaisut Oy,Osakeyhtiö,"Skärgårdsgatan 5 A, 65170 Vaasa",Vaasa,ilmainen
3587947-3,Nordic Talous Oy,Osakeyhtiö,"Yliopistonkatu 34 A, 20100 Turku",Turku,ilmainen
3588107-1,Syreeni House Oy,Osakeyhtiö,"Kiertotie 35, 33450 Siivikkala",Siivikkala,ilmainen
3588199-5,Targetflow Tilitoimistopalvelut Oy,Osakeyhtiö,"Lönnrotinkatu 5, 00120 Helsinki",Helsinki,ilmainen
3588345-6,Tilitoimisto Megat Oy,Osakeyhtiö,"Merivirta 5, 02320 Espoo",Espoo,ilmainen
3589081-6,Timanttisen Tarkka Oy,Osakeyhtiö,"Lipontie 108, 37500 Lempäälä",Lempäälä,ilmainen
3589902-8,Alot Advisory Oy,Osakeyhtiö,"Maaherrankatu 14, 20200 Turku",Turku,ilmainen
3591145-3,Books2Balance Oy,Osakeyhtiö,"Krannilantie 4 C, 01900 Nurmijärvi",Nurmijärvi,ilmainen
3591875-1,Belzelia Oy,Osakeyhtiö,"Ylhäistentie 14, 37830 Akaa",Akaa,ilmainen
3591909-2,SarKir Oy,Osakeyhtiö,"Pöllikuja 2, 33250 Tampere",Tampere,ilmainen
3592169-4,Pienenpieni Tilitoimisto Oy,Osakeyhtiö,"Retkentie 6, 23950 Pyhäranta",Pyhäranta,ilmainen
3592540-9,AH Tilit Oy,Osakeyhtiö,"Pakkahuoneenkatu 26, 90100 Oulu",Oulu,ilmainen
