business_id,name,business_type,address,city,listing_type
0184838-8,Konekorjaamo Nevala avoin yhtiö,Avoin yhtiö,"Laitakalliontie 3, 86600 Haapavesi",Haapavesi,ilmainen
0186309-4,Kuusamon Autotarvike Ky,Kommandiittiyhtiö,,,ilmainen
0186834-6,Ojan Autosähkö Oy,Osakeyhtiö,"Takojankatu 9, 86300 Oulainen",Oulainen,ilmainen
0187489-3,Pohjolan Lasi Oy,Osakeyhtiö,"Kiilletie 5, 90620 Oulu",Oulu,ilmainen
0190793-1,Automaalaamo Jyrkäs Ky,Kommandiittiyhtiö,"Pankonkatu 2, 94700 Kemi",Kemi,ilmainen
0195818-1,Häkkinen Oy,Osakeyhtiö,"Koulutie 7 C, 18300 Heinola Kk",Heinola Kk,ilmainen
0196905-9,Korson Autopalvelu Ky,Kommandiittiyhtiö,"Korsontie 12, 01450 Vantaa",Vantaa,ilmainen
0197042-0,Ruskeasannan Auto Oy,Osakeyhtiö,"Anttilantie 8, 01450 Vantaa",Vantaa,ilmainen
0200742-5,Lemiro Oy Ab,Osakeyhtiö,"Tietotie 9, 01530 Vantaa",Vantaa,ilmainen
0202661-8,Auto- ja Teollisuusmaalaamo Oy,Osakeyhtiö,"Siirakuja 5, 01490 Vantaa",Vantaa,ilmainen
0202721-5,Vantaan Moottorikoneistamo avoin yhtiö,Avoin yhtiö,"Tahtitie 11, 01390 Vantaa",Vantaa,ilmainen
0203236-4,Oy Lovesto Ab,Osakeyhtiö,"Ingenjörsvägen, 07900 Loviisa",Loviisa,ilmainen
0203369-0,Pekkalan Korjaamo Oy,Osakeyhtiö,"Päärniläntie 180, 16300 Orimattila",Orimattila,ilmainen
0203600-7,Auto-Lahela Oy,Osakeyhtiö,"Niittytie 17, 01300 Vantaa",Vantaa,ilmainen
0203788-6,Veljekset Vuorinen Ky,Kommandiittiyhtiö,"Tippavaarantie 9, 39200 Kyröskoski",Kyröskoski,ilmainen
0204378-4,Autokorjaamo Tiljander Kommandiittiyhtiö,Kommandiittiyhtiö,"Lestikatu 12, 28100 Pori",Pori,ilmainen
0204438-1,Supersepät Oy,Osakeyhtiö,"Sitomokuja 3, 21200 Raisio",Raisio,ilmainen
0205092-5,Ålands Bil & Plåt Ab,Osakeyhtiö,"Karlbergsvägen 10, 22100 Mariehamn",Mariehamn,ilmainen
0206962-6,Paakkisen Autopaja kommandiittiyhtiö,Kommandiittiyhtiö,"Pajatie 36, 59530 Mikkolanniemi",Mikkolanniemi,ilmainen
0207125-9,Juvan Auto Oy,Osakeyhtiö,"Kauraniementie 2-6, 51900 Juva",Juva,ilmainen
0207781-0,Huoltokorjaamo Saariot avoin yhtiö,Avoin yhtiö,"Luikonlahti, 73670 Luikonlahti",Luikonlahti,ilmainen
0208612-7,Härmän Autopurkaamo Oy,Osakeyhtiö,"Yllintie 8, 62300 Härmä",Härmä,ilmainen
0210903-4,Matinkylän Auto Oy,Osakeyhtiö,"Hannuksenpelto 4, 02270 Espoo",Espoo,ilmainen
0211580-5,Tammer Diesel Oy,Osakeyhtiö,"Asentajankatu 5, 33840 Tampere",Tampere,ilmainen
0212409-0,Pielisen Kumi Oy,Osakeyhtiö,"Mönninkatu 32, 81700 Lieksa",Lieksa,ilmainen
0222172-0,Honkasalon Kuljetus Oy,Osakeyhtiö,"Liesniementie 14, 16600 Järvelä",Järvelä,ilmainen
0226589-7,Autokorjaamo Liimatainen Oy,Osakeyhtiö,"Mäntymäentie 8, 42700 Keuruu",Keuruu,ilmainen
0250623-2,Laaksosen Autokorjaamo Ky,Kommandiittiyhtiö,"Kotipolku 17, 42300 Jämsänkoski",Jämsänkoski,ilmainen
0250694-5,Keuruun Kolarikorjaamo Oy,Osakeyhtiö,"Yliahontie 7, 42700 Keuruu",Keuruu,ilmainen
0250784-1,Rautalammin Autoapu Oy,Osakeyhtiö,"Koritie 6, 77700 Rautalampi",Rautalampi,ilmainen
0251722-2,Lahden Suho Oy,Osakeyhtiö,"Kirjosillankatu 5, 15300 Lahti",Lahti,ilmainen
0251797-8,Autokorjaamo S. Korpi Oy,Osakeyhtiö,"Välitie, 65320 Vaasa",Vaasa,ilmainen
0280426-4,Palvelu Kanerva Oy,Osakeyhtiö,"Sienitie 40 B, 00760 Helsinki",Helsinki,ilmainen
0280518-7,Rekeil Oy,Osakeyhtiö,"Torholankuja 12 B, 03150 Huhmari",Huhmari,ilmainen
0281800-9,Lisävaruste Oy,Osakeyhtiö,"Malminkartanonkuja 1-3, 00390 Helsinki",Helsinki,ilmainen
0282452-1,Uudenkaupungin Huoltokeskus Oy,Osakeyhtiö,"Ylinenkatu 6, 23500 Uusikaupunki",Uusikaupunki,ilmainen
0282818-6,Tykkä Oy,Osakeyhtiö,"Kytöahontie 12, 46800 Myllykoski",Myllykoski,ilmainen
0290673-8,Laitilan Autosähkö Jaakko Jalonen Kommandiittiyhtiö,Kommandiittiyhtiö,"Meijerintie 3, 23800 Laitila",Laitila,ilmainen
0290797-6,Paakkisen Automaalaamo Oy,Osakeyhtiö,"Tanhuantie 5, 15880 Hollola",Hollola,ilmainen
0292639-2,Autokorjaamo Pihkamäki Oy,Osakeyhtiö,"Pajakatu 5, 11130 Riihimäki",Riihimäki,ilmainen
0297582-1,Kiviniityn Auto- ja Maatalouskonehuolto Oy,Osakeyhtiö,"Kivisenojankatu 7, 38200 Sastamala",Sastamala,ilmainen
0298006-5,Autohuolto Nykänen Oy,Osakeyhtiö,"Majavantie 10 A, 04320 Tuusula",Tuusula,ilmainen
0299012-4,Seppo Kataja & Silvo Laine kommandiittiyhtiö,Kommandiittiyhtiö,"Apilakatu 9, 20740 Turku",Turku,ilmainen
0300350-6,RiPe Car's Oy,Osakeyhtiö,"Koukuntie 4, 16600 Järvelä",Järvelä,ilmainen
0303792-5,Huolto-Dart Ismo Kontiola Ky,Kommandiittiyhtiö,"Arolantie 26, 37420 Vesilahti",Vesilahti,ilmainen
0306727-8,Automaalaamo Iivonen Ky,Kommandiittiyhtiö,"Betonimyllärinkatu 5, 92120 Raahe",Raahe,ilmainen
0315698-3,Lepän Auto Ky,Kommandiittiyhtiö,86800 Pyhäsalmi,Pyhäsalmi,ilmainen
0346589-0,Kurun Autotarvike ja Korjaamo Oy,Osakeyhtiö,"Mäkiviinikankatu 14, 39700 Parkano",Parkano,ilmainen
0346612-1,K.P. Säiliöt Avoin yhtiö,Avoin yhtiö,"Karkaisijankuja 3, 36200 Kangasala",Kangasala,ilmainen
0346946-1,Auto-Kymi Oy,Osakeyhtiö,"Korjalankatu 4, 45130 Kouvola",Kouvola,ilmainen
0348489-9,Sila Invest Oy,Osakeyhtiö,"Vanajantie 6 A, 13110 Hämeenlinna",Hämeenlinna,ilmainen
0349317-0,Autokorjaamo R. Niemi Ky,Kommandiittiyhtiö,"Vaahteratie, 12100 Oitti",Oitti,ilmainen
0349518-4,Lindholm & Halminen Oy,Osakeyhtiö,"Vähäuusikatu 9, 28100 Pori",Pori,ilmainen
0349666-2,Kiimingin Autohuolto Ky,Kommandiittiyhtiö,"Näsiäpolku 10, 90900 Kiiminki",Kiiminki,ilmainen
0351263-4,Linnus-Auto Oy,Osakeyhtiö,"Isokalliontie 2, 67600 Kokkola",Kokkola,ilmainen
0357159-7,Kommandiittiyhtiö Maastohitsaus Reino Keto,Kommandiittiyhtiö,"Usk. Mies Markku Tiainen Keuruuntie 16, 42700 Keuruu",Keuruu,ilmainen
0357235-4,Imatran Autosähkö Ky,Kommandiittiyhtiö,55330 Tiuruniemi,Tiuruniemi,ilmainen
0357328-5,Sepänmaan Korjaamo Oy,Osakeyhtiö,"Saxbergintie 4, 63300 Alavus",Alavus,ilmainen
0357583-8,Tuupakan Auto Oy,Osakeyhtiö,"Vattarantie 91 D, 14300 Renko",Renko,ilmainen
0357767-3,LVL Auto-Sähkö Ky,Kommandiittiyhtiö,"Lapaskangas, 51200 Kangasniemi",Kangasniemi,ilmainen
0364649-9,Alajärven Diesel-Korjaamo Ky,Kommandiittiyhtiö,"Teollisuustie, 62900 Alajärvi",Alajärvi,ilmainen
0364667-5,Eskon Autopelti Oy,Osakeyhtiö,"Savenvalajantie 1, 76100 Pieksämäki",Pieksämäki,ilmainen
0364732-8,Autokorjaamo Kattelus Ky,Kommandiittiyhtiö,"Teollisuustie 7, 54500 Taavetti",Taavetti,ilmainen
0367306-7,Autokorjaamo K. Rytinki Oy,Osakeyhtiö,"Keinutie 3 G, 00940 Helsinki",Helsinki,ilmainen
0369336-7,Automaalaamo V Ponkala Kommandiittiyhtiö,Kommandiittiyhtiö,"Sukkatehtaankatu 9, 95420 Tornio",Tornio,ilmainen
0370668-2,Avoin yhtiö Pudasjärven Auto- ja konekorjaamo,Avoin yhtiö,"Ruottisenharjuntie 234, 93100 Pudasjärvi",Pudasjärvi,ilmainen
0397615-6,Velj. Keski-Hannula Oy,Osakeyhtiö,"Albininkatu 3b, 64100 Kristiinankaupunki",Kristiinankaupunki,ilmainen
0397625-2,Rauno Rosendahl Ky,Kommandiittiyhtiö,27510 Eura,Eura,ilmainen
0398068-1,Fastighets Ab Kaptensvägen 8 - Kiinteistö Oy Kapteenintie 8,Osakeyhtiö,"Viljo Hurmeentie 9, 25130 Muurla",Muurla,ilmainen
0398182-8,DT Huolto Oy,Kommandiittiyhtiö,"Marjahaankierto 2-4, 74130 Iisalmi",Iisalmi,ilmainen
0398188-7,Konekorjaamo L Piiroinen Ky,Kommandiittiyhtiö,"Tuupovaarantie 44 B, 82710 Kovero",Kovero,ilmainen
0399260-7,Korjauspaja Routalammi Oy,Osakeyhtiö,"Linjatie 3, 29100 Luvia",Luvia,ilmainen
0399296-5,Auto-Merehinen Kommandiittiyhtiö,Kommandiittiyhtiö,"Keskikankaantie 10, 15870 Hollola",Hollola,ilmainen
0399545-3,Turengin Korjauspaja Ky,Kommandiittiyhtiö,"Helsingintie 60, 14200 Turenki",Turenki,ilmainen
0399616-5,Oy Porvoon Autotarvike Ab,Osakeyhtiö,"Veckjärventie 1 A, 06150 Porvoo",Porvoo,ilmainen
0399949-7,Auto- ja teollisuusmaalaamo R. Tuominen Oy,Osakeyhtiö,"Kalalahden_Teollisuusalue, 39100 Hämeenkyrö",Hämeenkyrö,ilmainen
0401346-6,Bengts Bilmåleri Kb,Kommandiittiyhtiö,"Terjärv, 68700 Teerijärvi",Teerijärvi,ilmainen
0401561-3,Huumarsalon metalli ky,Kommandiittiyhtiö,62630 Karvala,Karvala,ilmainen
0401899-6,Ab Lärka Oy,Osakeyhtiö,"Terminalvägen 1, 64200 Närpiö",Närpiö,ilmainen
0413397-8,Salon Moottorihuolto Oy,Osakeyhtiö,"Ratakatu 3-5, 24100 Salo",Salo,ilmainen
0414912-8,Automaalaamo Teppo Salminen Ky,Kommandiittiyhtiö,"Teräskatu 15, 21110 Naantali",Naantali,ilmainen
0416699-9,Atoy Power Oy,Osakeyhtiö,"Olarinluoma 20, 02200 Espoo",Espoo,ilmainen
0416755-3,Puhitsi Oy,Osakeyhtiö,"Yrittäjäntie 9, 92120 Raahe",Raahe,ilmainen
0420172-3,Ky Hangon Auto- ja Venetalo - Bil- och Båthuset J.R. JanssonKb,Kommandiittiyhtiö,10901 Hanko,Hanko,ilmainen
0423810-4,Nastolan Autopalvelu Tapsa Oy,Osakeyhtiö,"Tervatie 5, 15560 Nastola",Nastola,ilmainen
0423833-1,Mikkelin Kolarityö Pentti Tiusanen Ky,Kommandiittiyhtiö,"Karikontie, 50600 Mikkeli",Mikkeli,ilmainen
0423856-9,Seppälän Autokulma Oy,Osakeyhtiö,"Vasarakatu 21, 40320 Jyväskylä",Jyväskylä,ilmainen
0424432-8,Kolarikorjaamo ja Maalaamo P. & A. Jauhiainen,Avoin yhtiö,"Muovikatu 7, 74120 Iisalmi",Iisalmi,ilmainen
0424814-2,Kurikan Metalli Ky,Kommandiittiyhtiö,"Tanelinpolku 2, 61300 Kurikka",Kurikka,ilmainen
0424908-1,Korjaamo Kyllönen Ky,Kommandiittiyhtiö,"Leipurintie 12, 88900 Kuhmo",Kuhmo,ilmainen
0426898-7,Lehtoniemen Automaalaamo Ky,Kommandiittiyhtiö,"Ruotsinkatu 2-4, 78850 Varkaus",Varkaus,ilmainen
0426995-5,Savonrannan Korjaamo Pesoset,Avoin yhtiö,"Sahakuja 4, 58300 Savonranta",Savonranta,ilmainen
0427098-0,Auto-Harraste Oy,Osakeyhtiö,"Viipurinkatu 4, 00510 Helsinki",Helsinki,ilmainen
0427230-2,Mäkelä Auto-Tuning Oy,Osakeyhtiö,"Väskärintie 3, 69100 Kannus",Kannus,ilmainen
0427247-6,Autopaja Mikkola Ky,Kommandiittiyhtiö,"Metsurintie 3, 42300 Jämsänkoski",Jämsänkoski,ilmainen
0429571-5,Pohjan Varaosamyynti Oy,Osakeyhtiö,"Valter Bergmanin Tie 6, 10420 Pohjankuru",Pohjankuru,ilmainen
0429596-9,Turun Autotyö Oy,Osakeyhtiö,"Verstask. 1, 20360 Turku",Turku,ilmainen
0429599-3,Huoltokorjaamo Friman Oy,Osakeyhtiö,"Kairakatu 32, 26100 Rauma",Rauma,ilmainen
0429909-7,Autokätevä Ky,Kommandiittiyhtiö,"Käenkoskentie 3, 80130 Joensuu",Joensuu,ilmainen
0429950-5,Lakeuden Automaalaamo Oy,Kommandiittiyhtiö,"Vääräojantie 14, 90440 Kempele",Kempele,ilmainen
0431559-5,Pellesmäen Autohuolto Oy,Osakeyhtiö,"Ekoraitti 8, 70870 Hiltulanlahti",Hiltulanlahti,ilmainen
0432275-2,Rauni Salmela Oy,Osakeyhtiö,"Yhdystie 10, 19600 Hartola",Hartola,ilmainen
0432775-6,Manlok Oy,Osakeyhtiö,47490 Mankala,Mankala,ilmainen
0433159-5,Klaukkalan Diesel Oy,Osakeyhtiö,"Jyvätie 1, 01800 Klaukkala",Klaukkala,ilmainen
0433849-8,Korjaamo Nissinen Ky,Kommandiittiyhtiö,74300 Sonkajärvi,Sonkajärvi,ilmainen
0433877-0,Automaalaamo T. Kurvinen Oy,Osakeyhtiö,"Ahertajankatu 3, 04440 Järvenpää",Järvenpää,ilmainen
0434168-9,Väätäisen Kolarikorjaamo Ky,Avoin yhtiö,"Oppipojantie 2, 71800 Siilinjärvi",Siilinjärvi,ilmainen
0451194-0,Kamunen Ky,Kommandiittiyhtiö,"Meijerin_Pl, 97900 Posio",Posio,ilmainen
0451598-4,J & M Ahola avoin yhtiö,Avoin yhtiö,"Kuusaantie 26, 85800 Haapajärvi",Haapajärvi,ilmainen
0459457-1,Interspeed Oy,Osakeyhtiö,"Solbackantie 43, 01760 Vantaa",Vantaa,ilmainen
0459720-3,Ky Pösses Bil Kb,Kommandiittiyhtiö,"Kyrkoby, 68700 Teerijärvi",Teerijärvi,ilmainen
0460308-7,Järykselän Auto ja Konekorjaamo Oy,Osakeyhtiö,"Hyypiövuorentie 5, 21370 Aura Kk",Aura Kk,ilmainen
0460330-0,Turun kuntotesti ja korjaus Oy,Osakeyhtiö,"Pitkämäenkatu 15, 20250 Turku",Turku,ilmainen
0468520-3,Klaukkalan Kompressori ja Auto Ky,Kommandiittiyhtiö,"Metsäkyläntie 169, 01800 Klaukkala",Klaukkala,ilmainen
0474153-5,Auto-Pika Oy,Osakeyhtiö,"Pikkupurontie 8, 00810 Helsinki",Helsinki,ilmainen
0477884-8,Vulcom Oy,Osakeyhtiö,"Mannerheiminkatu 9 B, 15100 Lahti",Lahti,ilmainen
0482900-0,J. Lammila Ky,Kommandiittiyhtiö,"Tiilenpolttajan Kuja 4, 01720 Vantaa",Vantaa,ilmainen
0484033-0,Autokorjaamo ja Hinauspalvelu H. Lehtonen Ky,Kommandiittiyhtiö,"Kokonniementie 5, 17800 Kuhmoinen",Kuhmoinen,ilmainen
0484113-0,Autokorjaamo ja -maalaamo Ilpo Lemberg Ky,Kommandiittiyhtiö,"Kulmatie 5, 31400 Somero",Somero,ilmainen
0485075-8,Räikän Autopelti V. Rantaniitty & Kumpp.,Avoin yhtiö,"Räikänmaantie 648, 32700 Huittinen",Huittinen,ilmainen
0487058-0,Lava maalaus Oy,Kommandiittiyhtiö,"Kukkointie 62, 03300 Otalampi",Otalampi,ilmainen
0488811-5,Raimarco Oy,Osakeyhtiö,"Purokuja 5 B, 02300 Espoo",Espoo,ilmainen
0489361-9,Autokorjaamo T. Sillanpää Ky,Kommandiittiyhtiö,69510 Halsua,Halsua,ilmainen
0489376-6,Autopalvelu Hyvärinen Oy,Osakeyhtiö,"Ahjokatu 1, 87400 Kajaani",Kajaani,ilmainen
0489381-1,Sarakylän Auto ja Pelti Ky,Kommandiittiyhtiö,"Sarajärvi, 93250 Sarajärvi",Sarajärvi,ilmainen
0492763-9,Auto-Ojanen Ky,Kommandiittiyhtiö,"Järvisuomentie 121, 39810 Linnankylä",Linnankylä,ilmainen
0493914-6,Menovehje Avoin yhtiö,Avoin yhtiö,"Kalliorinne, 21600 Parainen",Parainen,ilmainen
0493997-1,JK Professional Motor Oy,Osakeyhtiö,"Kisällinkatu 19, 70780 Kuopio",Kuopio,ilmainen
0494674-1,Öljyset Oy,Osakeyhtiö,"Kuormaajankatu, 08200 Lohja",Lohja,ilmainen
0494760-5,Forssan Sähködiesel Oy,Osakeyhtiö,"Hämeentie 41, 30100 Forssa",Forssa,ilmainen
0494795-5,Auto- ja Konesähkö Bengs Oy,Osakeyhtiö,00000 Osoite Tuntematon,Osoite Tuntematon,ilmainen
0496751-8,Akaan Autohalli Oy,Osakeyhtiö,"Koskenkarintie 3, 37800 Akaa",Akaa,ilmainen
0498178-2,Hinauspalvelu Vikman Oy,Osakeyhtiö,"Teollisuuskatu 16, 30420 Forssa",Forssa,ilmainen
0498599-4,Auto Vatén Oy,Kommandiittiyhtiö,"Sahaajantie 3, 18200 Heinola",Heinola,ilmainen
0500615-3,Kolarikorjaamo Tuomaalat Oy,Osakeyhtiö,"Teollisuuskylänraitti 21, 94450 Keminmaa",Keminmaa,ilmainen
0501459-1,Huoltopaja Veljekset Lehikoinen,Avoin yhtiö,"Oravakatu 2, 81720 Lieksa",Lieksa,ilmainen
0502283-1,Parkanon Kone ja Metalli Oy,Osakeyhtiö,"Takojankatu 6, 39700 Parkano",Parkano,ilmainen
0502577-6,Kb Ahlroth's Bilreparation - Ahlrothin Autokorjaamo Ky,Kommandiittiyhtiö,"Keskuskatu 29, 10300 Karjaa",Karjaa,ilmainen
0503258-9,Unskan Autohuolto Oy,Osakeyhtiö,"Mustasuontie 7, 44500 Viitasaari",Viitasaari,ilmainen
0503464-8,Jäähdyttäjäkorjaamo Ahonen Ky,Kommandiittiyhtiö,"Viinikankatu 51, 33800 Tampere",Tampere,ilmainen
0503513-0,Aution Auto Oy,Osakeyhtiö,"Ratakatu 18, 84100 Ylivieska",Ylivieska,ilmainen
0506019-2,Franscar Ky,Kommandiittiyhtiö,"Uudenkyläntie 341, 29630 Pomarkku",Pomarkku,ilmainen
0512704-3,Kulamaan Auto Oy,Osakeyhtiö,"Kulamaa, 26930 Vermuntila",Vermuntila,ilmainen
0514694-9,Länsiväylän Auto ja Konekorjaamo Ky,Kommandiittiyhtiö,"Vilhontie 3, 76150 Pieksämäki",Pieksämäki,ilmainen
0515177-2,Mäntsälän Autopurkaamo Avoin yhtiö,Avoin yhtiö,"Pullinpolku 3, 04600 Mäntsälä",Mäntsälä,ilmainen
0516288-5,Kb Affes Verkstad Ky,Kommandiittiyhtiö,"Vallgrundvägen 151, 65800 Raippaluoto",Raippaluoto,ilmainen
0516308-7,Autokorjaamo K Norring Oy,Osakeyhtiö,"Veerantie 1 B, 01400 Vantaa",Vantaa,ilmainen
0516447-7,Kb Super-Team Ky,Kommandiittiyhtiö,"Drive-In Industrivägen 7, 68660 Pietarsaari",Pietarsaari,ilmainen
0517571-5,Myllys Yhtiöt Oy,Osakeyhtiö,"Vihnekatu 2, 55800 Imatra",Imatra,ilmainen
0519287-3,Pudasjärven automaalaus ja peltityö avoin yhtiö,Avoin yhtiö,"Teollisuustie, 93100 Pudasjärvi",Pudasjärvi,ilmainen
0519551-3,Satakunnan Kestosuojaamo Ky,Kommandiittiyhtiö,28430 Pori,Pori,ilmainen
0521562-5,Juutisen Korjaamo Ky,Kommandiittiyhtiö,"Riekkopolku 8, 97700 Ranua",Ranua,ilmainen
0523322-5,Autotema Ky Kajaani,Avoin yhtiö,"Puistolantie 40, 87150 Kajaani",Kajaani,ilmainen
0523753-3,Autokorjaamo Per Helenius Oy,Osakeyhtiö,"Suokummuntie 125 A, 03100 Nummela",Nummela,ilmainen
0529950-7,Ålands Billack Kb,Kommandiittiyhtiö,"Dalkarby, 22150 Jomala",Jomala,ilmainen
0530121-6,Kalotin korjaamo Oy,Osakeyhtiö,"Sysimiehentie 3, 98120 Kemijärvi",Kemijärvi,ilmainen
0531164-1,Kankaanpään Ruosteenesto Ky,Kommandiittiyhtiö,"Tampionk 14, 38700 Kankaanpää",Kankaanpää,ilmainen
0532488-0,Rovaniemen Auto ja Pelti kommandiittiyhtiö,Kommandiittiyhtiö,"Teollisuustie 18, 96300 Rovaniemi",Rovaniemi,ilmainen
0532496-0,Automaalaamo Jukka & Hytti Oy,Osakeyhtiö,"Mäntysuonkatu 8, 53100 Lappeenranta",Lappeenranta,ilmainen
0532840-0,V-N/L-U Color Team Automaalaamo Ky - Bilmåleri Kb,Kommandiittiyhtiö,"Svetsarvägen, 10300 Karjaa",Karjaa,ilmainen
0533012-1,Auto- ja Konekorjaamo KO HI Ky,Kommandiittiyhtiö,"Purolantie 442, 07550 Torppi",Torppi,ilmainen
0533405-0,Ähtärin Autokorjaamo Oy,Osakeyhtiö,"Hankolantie 6, 63700 Ähtäri",Ähtäri,ilmainen
0535230-4,Nylunds Bilmåleri kommanditbolag,Kommandiittiyhtiö,64320 Dagsmark,Dagsmark,ilmainen
0535284-9,Nousiaisen Korjaamo avoin yhtiö,Avoin yhtiö,"Vasamalahdentie 5, 58260 Kumpuranta",Kumpuranta,ilmainen
0535783-4,Varkauden Autokorjaus ja Ruosteenesto Ky,Kommandiittiyhtiö,"Hasintie 38, 78870 Varkaus",Varkaus,ilmainen
0536005-6,Vaasan Pelti ja Automaalaamo Oy,Osakeyhtiö,"Autionkuja 3, 66510 Merikaarto",Merikaarto,ilmainen
0536023-2,Oriveden Autohuolto- ja tarvike I. Koskinen & Kumpp.,Avoin yhtiö,"Tikkaajantie, 35300 Orivesi",Orivesi,ilmainen
0536706-3,Sahalahden Autotalo Ky,Kommandiittiyhtiö,"Kiviaho, 36420 Sahalahti",Sahalahti,ilmainen
0545164-4,Huittisten Alustasuojaus Ky,Kommandiittiyhtiö,"Risto Rytinkatu 52, 32700 Huittinen",Huittinen,ilmainen
0545291-1,Autohuolto Irja Rantanen Ky,Kommandiittiyhtiö,"Kohmankaari 2 G, 33310 Tampere",Tampere,ilmainen
0545295-4,M. Vänttinen Oy,Osakeyhtiö,"Raspinkatu 5, 33840 Tampere",Tampere,ilmainen
0547956-7,Tammelan Autohuolto Ky,Kommandiittiyhtiö,"Matintuomio, 31300 Tammela",Tammela,ilmainen
0548525-4,AST Fix Oy,Osakeyhtiö,"Teräkuja 7, 01650 Vantaa",Vantaa,ilmainen
0548705-7,Jyskän Auto ja Lasi Oy,Osakeyhtiö,"Kuikantie 580, 41140 Kuikka",Kuikka,ilmainen
0548910-8,Autosähkö Arvo Männikkö Oy,Osakeyhtiö,"Juurikaskydöntie 7, 62900 Alajärvi",Alajärvi,ilmainen
0549217-1,Kiinteistö Oy Kesäpuro Ab,Osakeyhtiö,"Oitintie 565, 04770 Sahakylä",Sahakylä,ilmainen
0549821-5,Loviisan Automaalaamo Ky,Kommandiittiyhtiö,"Johtajantie 10, 07900 Loviisa",Loviisa,ilmainen
0550933-2,Autokorjaamo J. Helenius Ky,Kommandiittiyhtiö,"Rajasilta 4, 33880 Lempäälä",Lempäälä,ilmainen
0555010-8,Stenström Oy,Osakeyhtiö,"Katri Valan Tie 4, 02660 Espoo",Espoo,ilmainen
0555176-8,Alaraumon Maalaamo A Friman Ky,Kommandiittiyhtiö,"Ppa 1, 95400 Tornio",Tornio,ilmainen
0556606-2,Huoltokeskus Ysiauto Oy,Avoin yhtiö,"Peltorinteentie, 31760 Urjala",Urjala,ilmainen
0557388-7,Autohuolto Kuutti Ky,Kommandiittiyhtiö,"Tulliniementie 31, 10940 Hangonkylä",Hangonkylä,ilmainen
0557553-2,Jakobstads Bilmålarservice Ab Oy,Avoin yhtiö,"Staffansnäsvägen 10, 68600 Pietarsaari",Pietarsaari,ilmainen
0558785-9,Autosähkö ja Dieselhuolto Oy Häkkinen,Osakeyhtiö,"Autokatu 1, 20380 Turku",Turku,ilmainen
0559655-2,Automaalaamo ja Ruosteenesto Karjalan Kori Oy,Osakeyhtiö,"Patsonlammentie 29, 82110 Heinävaara",Heinävaara,ilmainen
0562449-6,Tuusulan Autorakenne Oy,Osakeyhtiö,"Haaratie 1, 04360 Tuusula",Tuusula,ilmainen
0564789-0,Karttulan Konehuolto Hartikainen Ky,Kommandiittiyhtiö,"Metsätie 3, 72100 Karttula",Karttula,ilmainen
0564850-0,Autokorjaamo Sundström Oy,Osakeyhtiö,"Lemmointie 15, 03600 Karkkila",Karkkila,ilmainen
0566207-0,Tapiolan Autoverhoilu Oy,Osakeyhtiö,"Niittykatu 3 P, 02200 Espoo",Espoo,ilmainen
0566497-3,Joensuun Kolarikulma Oy,Osakeyhtiö,"Raivaajantie 14, 80100 Joensuu",Joensuu,ilmainen
0566516-7,Koistisen Korjaamo Oy,Kommandiittiyhtiö,"Poikkisaarentie 48, 91100 Ii",Ii,ilmainen
0567667-5,Helsinki Automatic Center Oy,Osakeyhtiö,"Hiihtotie 7 B, 01280 Vantaa",Vantaa,ilmainen
0570124-4,Carend Oy,Osakeyhtiö,"Mankkaanmalmi 18 B, 02180 Espoo",Espoo,ilmainen
0573156-6,Rauman Kiiltovaunu Ky,Kommandiittiyhtiö,"Hakuninvahe 5, 26100 Rauma",Rauma,ilmainen
0573308-6,Joensuun Autosuojaus Ky,Kommandiittiyhtiö,"Heikinkatu 7 AS, 83500 Outokumpu",Outokumpu,ilmainen
0574051-8,A. Haapala Ky,Kommandiittiyhtiö,"Suovantie 8, 28360 Pori",Pori,ilmainen
0576378-7,Auto- ja konekorjaamo Alhonen & Petäjoki avoin yhtiö,Avoin yhtiö,32430 Ylhäinen,Ylhäinen,ilmainen
0576475-5,Pihtiputaan Ajokonekorjaamo Oy,Osakeyhtiö,"Rupontie 3, 44800 Pihtipudas",Pihtipudas,ilmainen
0576534-4,Automaalaamo Malinen & Suutari Oy,Osakeyhtiö,"Leipurintie 9, 88900 Kuhmo",Kuhmo,ilmainen
0576568-6,Voikkaan Vuokrahallit Ky,Kommandiittiyhtiö,"Huoltamokuja, 45910 Voikkaa",Voikkaa,ilmainen
0576716-3,Narvila-Auto Pekka Narvila Oy,Osakeyhtiö,"Kairakatu 9, 26100 Rauma",Rauma,ilmainen
0580130-9,LT-Autokorjaamo Ky,Kommandiittiyhtiö,"Kärrytie 17, 16300 Orimattila",Orimattila,ilmainen
0580386-5,KH-Auto Ky,Kommandiittiyhtiö,"Viistokatu 10, 53500 Lappeenranta",Lappeenranta,ilmainen
0580809-2,Salmivirta Yhtiöt Oy,Osakeyhtiö,"Noronkatu 20, 35820 Mänttä",Mänttä,ilmainen
0581946-1,Lappeenrannan Automaalaamo Nokkala Oy,Osakeyhtiö,"Yläniitynkatu 12, 53100 Lappeenranta",Lappeenranta,ilmainen
0584493-1,Huoltovakka Rautanen & Kantola,Avoin yhtiö,20520 Turku,Turku,ilmainen
0584504-5,Teknikpartner Åland Ab,Osakeyhtiö,"Vikingagränd 1, 22100 Mariehamn",Mariehamn,ilmainen
0585132-2,Kanervan Autoliike J. Kanerva Ky,Kommandiittiyhtiö,"Kumputie 1, 23500 Uusikaupunki",Uusikaupunki,ilmainen
0585225-3,Vuorelan Kolarikorjaus Ky,Kommandiittiyhtiö,"Katekuja 7, 70910 Vuorela",Vuorela,ilmainen
0585226-1,Säviän Kyläpaja Ky,Kommandiittiyhtiö,72550 Säviä,Säviä,ilmainen
0585355-5,R & J Kaipila Avoin Yhtiö,Avoin yhtiö,"Niementie 1, 39100 Hämeenkyrö",Hämeenkyrö,ilmainen
0585409-9,Teollisuusmaalaamo Saarela Oy,Kommandiittiyhtiö,"Seppämestarintie 12, 36100 Kangasala As",Kangasala As,ilmainen
0585716-9,Hi-Car Ky,Kommandiittiyhtiö,"Mekaanikonkatu 7, 00880 Helsinki",Helsinki,ilmainen
0585820-9,Kemiön Automaalaamo ja Alustasuojaus Ky,Kommandiittiyhtiö,"Tellisuustie 12, 25710 Vreta",Vreta,ilmainen
0586039-2,Auto-Matit avoin yhtiö,Avoin yhtiö,"Poronkatu 6-8 C, 53850 Lappeenranta",Lappeenranta,ilmainen
0587645-8,Huoltokorjaamo A&H Nieminen Ky,Kommandiittiyhtiö,"Rutalahdentie 225, 41660 Toivakka",Toivakka,ilmainen
0588219-6,Huuskon Korjaamo Oy,Osakeyhtiö,"Koirakoskentie 421, 74300 Sonkajärvi",Sonkajärvi,ilmainen
0589142-0,Järvenpään Automajor Oy,Kommandiittiyhtiö,"Puurtajankatu 8 A, 04440 Järvenpää",Järvenpää,ilmainen
0589158-6,Benny Blomqvist Kb,Kommandiittiyhtiö,"Tuohitie 5, 10330 Pinjainen",Pinjainen,ilmainen
0589791-0,Huoltopalvelu Viitanen Oy,Kommandiittiyhtiö,"Höylääjänkatu 2, 15520 Lahti",Lahti,ilmainen
0589807-5,Kouvolan Autosuojaus avoin yhtiö,Avoin yhtiö,,,ilmainen
0589987-9,Ylä-Kainuun Moottorikoneistamo Ky,Kommandiittiyhtiö,"Kurimontie 6, 89600 Suomussalmi",Suomussalmi,ilmainen
0591035-3,Corishine Ky,Kommandiittiyhtiö,"Tiirankatu 2, 74120 Iisalmi",Iisalmi,ilmainen
0591155-9,Vallilan Takomo Oy,Osakeyhtiö,"Arinatie 5, 00370 Helsinki",Helsinki,ilmainen
0591602-6,Autokorjaamo Alpo Oivanen Ky,Kommandiittiyhtiö,"Koskitie 86, 32700 Huittinen",Huittinen,ilmainen
0591649-9,Aunesrannan Autohuolto avoin yhtiö,Avoin yhtiö,34240 Kämmenniemi,Kämmenniemi,ilmainen
0591676-3,Autopaja J. Nuolikoski Ky,Kommandiittiyhtiö,"Alajärventie 158 B, 62900 Alajärvi",Alajärvi,ilmainen
0592666-2,Pohjankyrön Auto Ky,Kommandiittiyhtiö,61500 Isokyrö,Isokyrö,ilmainen
0595786-4,Automaalaamo Ahlstedt Oy,Osakeyhtiö,"Kaskiahonkatu 3, 24100 Salo",Salo,ilmainen
0597111-3,Kotilammen Auto Ky,Kommandiittiyhtiö,"Teollisuushalli, 97900 Posio",Posio,ilmainen
0597326-6,Palmun Korjaamo Kommandiittiyhtiö Markku Palmu,Kommandiittiyhtiö,"Isopellontie 1, 21570 Sauvo",Sauvo,ilmainen
0597460-5,Vääksyn Automaalaamo Ky,Kommandiittiyhtiö,"Mikontie 3, 19650 Joutsa",Joutsa,ilmainen
0598043-1,Viitasaaren Huoltopalvelu Ky,Kommandiittiyhtiö,"Yrityskuja 4, 44500 Viitasaari",Viitasaari,ilmainen
0598195-2,Automaalaamo Laaksonen Oy,Kommandiittiyhtiö,"Ahertajankatu 10, 04400 Järvenpää",Järvenpää,ilmainen
0598350-1,Multikaara Ky,Kommandiittiyhtiö,"Kaukolantie 6, 37830 Akaa",Akaa,ilmainen
0598750-2,Dieselroi Kallinen Ky,Kommandiittiyhtiö,"Lukkatie 3, 96300 Rovaniemi",Rovaniemi,ilmainen
0599600-3,Limikko Oy,Osakeyhtiö,"Längelmäentie 103, 35400 Längelmäki",Längelmäki,ilmainen
0599684-7,HVP-Kone Ky,Avoin yhtiö,"Maisonvaarantie 6C, 83100 Liperi",Liperi,ilmainen
0599781-5,Clean Maker Oy,Kommandiittiyhtiö,33901 Tampere,Tampere,ilmainen
0600107-1,Caravan Import Hannu Kettunen Kommandiittiyhtiö,Kommandiittiyhtiö,"Väinölänkatu 14 B, 53100 Lappeenranta",Lappeenranta,ilmainen
0601881-8,Sysmän Kolarityö Reima ja Jorma Saksala,Avoin yhtiö,"Kaislatie 5, 19700 Sysmä",Sysmä,ilmainen
0602309-4,Autokorjaamo Vierikko Ky,Kommandiittiyhtiö,"Gerbyntie 36, 65230 Vaasa",Vaasa,ilmainen
0602463-6,Kainuun Energiahuolto Kuvaja Oy,Osakeyhtiö,"Huurretie 6, 87500 Kajaani",Kajaani,ilmainen
0604007-0,Car Arts Ky,Kommandiittiyhtiö,"Sorvarintie 45, 07900 Loviisa",Loviisa,ilmainen
0604246-3,Oulun Turbo- ja Autohuolto Oy,Osakeyhtiö,"Tuotekuja 2, 90410 Oulu",Oulu,ilmainen
0604269-0,Autokorjaamo T. Hallahuhta avoin yhtiö,Avoin yhtiö,"Vihviläsuonkatu 1 A, 56800 Simpele",Simpele,ilmainen
0604756-3,Automaalaamo Liedon Auto Oy,Osakeyhtiö,"Pääskykalliontie 6, 21420 Lieto",Lieto,ilmainen
0604869-7,Kouvolan Autosähkö Oy,Osakeyhtiö,"Laturinkatu 6, 45130 Kouvola",Kouvola,ilmainen
0606420-8,Teollisuuspalvelu V Rapinoja Ky,Kommandiittiyhtiö,"Karvontie 3 C, 97140 Muurola",Muurola,ilmainen
0612554-1,Lapuan Auto ja Osat Kommandiittiyhtiö,Kommandiittiyhtiö,"Valtuustontie 4, 62100 Lapua",Lapua,ilmainen
0612641-3,Autohuolto Sysmäläinen Ky,Kommandiittiyhtiö,"Ahjotie 28, 96320 Rovaniemi",Rovaniemi,ilmainen
0614333-6,Keski-Uudenmaan Autopesu Ky,Kommandiittiyhtiö,"Salmi Aimo/Myyrmäentie 4 H, 01600 Vantaa",Vantaa,ilmainen
0614455-8,Auto- ja konekorjaamo S. Pätsi kommandiittiyhtiö Sauli Pätsi,Kommandiittiyhtiö,"Airotie, 93600 Kuusamo",Kuusamo,ilmainen
0615661-2,Kiinteistö Vasenius Ky,Kommandiittiyhtiö,"Somerontie 1117, 09810 Nummi",Nummi,ilmainen
0616119-8,Mokaton Oy,Osakeyhtiö,"Sepänkuja 4, 27320 Ihode",Ihode,ilmainen
0617211-0,Rajalinnan Auto Oy,Osakeyhtiö,"Mestarintie 17, 04500 Kellokoski",Kellokoski,ilmainen
0618144-7,Syrjälän Autosähkö Ky,Kommandiittiyhtiö,"Kurikantie 5, 33960 Pirkkala",Pirkkala,ilmainen
0618532-5,Autohuolto ja varaosapalvelu J. Sinisalo Ky,Kommandiittiyhtiö,37830 Akaa,Akaa,ilmainen
0619362-4,Joux Oy,Osakeyhtiö,"Kytölän Selkätie 11, 15230 Lahti",Lahti,ilmainen
0619457-1,Laukaan autopelti Kommandiittiyhtiö,Kommandiittiyhtiö,"Pispalantie 24 B, 42100 Jämsä",Jämsä,ilmainen
0619649-7,Autokorjaamo Nikunen Oy,Osakeyhtiö,"Jääsalontie 14, 90400 Oulu",Oulu,ilmainen
0620594-7,Teräs ja Autopelti Kankkunen Ky,Kommandiittiyhtiö,"Tampereentie 8, 37830 Akaa",Akaa,ilmainen
0621098-1,Yacht Service Imperial Ltd Ab,Osakeyhtiö,"Viksgränd 3, 66950 Munsala",Munsala,ilmainen
0622114-6,Hankkion Autohuolto Ky,Kommandiittiyhtiö,,,ilmainen
0623717-2,Autokorjaamo H Ilomäki Ky,Kommandiittiyhtiö,"Metallitie 11, 26100 Rauma",Rauma,ilmainen
0623819-1,Kotkan Caaraklinikka Kalevi Niemi Oy,Osakeyhtiö,"Naulakatu 5, 48770 Kotka",Kotka,ilmainen
0623946-9,Niemelän Auto Oy,Osakeyhtiö,"Alakorkalontie 9, 96300 Rovaniemi",Rovaniemi,ilmainen
0625985-7,Auto Leskinen Oy,Kommandiittiyhtiö,"Hallitie 8, 51200 Kangasniemi",Kangasniemi,ilmainen
0626020-9,Autopalvelu Holappa Ky,Kommandiittiyhtiö,"Kurikkatie 5, 90440 Kempele",Kempele,ilmainen
0626024-1,Kajaanin Automaalarit Ky,Kommandiittiyhtiö,"Petäisentie 15, 87400 Kajaani",Kajaani,ilmainen
0626659-8,HUPIAUTO OY,Osakeyhtiö,"Päiväläisentie 2, 00390 Helsinki",Helsinki,ilmainen
0626843-8,Kokkolan Kennohuolto Ky,Kommandiittiyhtiö,"Jänismaantie 2, 67200 Kokkola",Kokkola,ilmainen
0626849-7,Ähtärin Ajopeli Ky,Kommandiittiyhtiö,"Ritapolku 1, 63700 Ähtäri",Ähtäri,ilmainen
0626913-1,Rajahuolto Oy,Osakeyhtiö,95400 Tornio,Tornio,ilmainen
0627573-4,Olavi Kivistö Oy,Osakeyhtiö,60101 Seinäjoki,Seinäjoki,ilmainen
0627796-7,MB-varaosat ja huolto Venetmäki Oy,Osakeyhtiö,"Nahkatehtaantie 10, 37830 Akaa",Akaa,ilmainen
0628164-0,Toijalan Raskaskone Oy,Osakeyhtiö,"Koskenkarintie 2, 37800 Akaa",Akaa,ilmainen
0628582-8,Pasin Auto ja Kone Oy,Osakeyhtiö,"Orikedonkatu 25, 20380 Turku",Turku,ilmainen
0628913-2,Koriexpert Oy,Osakeyhtiö,"Laippatie 17, 00880 Helsinki",Helsinki,ilmainen
0629032-8,Raskassähkö Oy,Osakeyhtiö,"Salvumiehenkatu 7, 20320 Turku",Turku,ilmainen
0629033-6,Citsuz Auto- ja peltikorjaamo Ritiko Oy,Osakeyhtiö,"Rieskalähteentie 85, 20300 Turku",Turku,ilmainen
0629116-0,Carway Oy,Osakeyhtiö,"Orikedonkatu 7, 20380 Turku",Turku,ilmainen
0629340-6,Caravanhuolto Juvakka Kommandiittiyhtiö,Kommandiittiyhtiö,"Myllymäenkatu 25, 53550 Lappeenranta",Lappeenranta,ilmainen
0629809-8,KRS Auto Center kb ky,Kommandiittiyhtiö,"Kristinagatan 32, 64100 Kristiinankaupunki",Kristiinankaupunki,ilmainen
0630247-2,Auto-Huolto Palle Lähteenmäki Ky,Kommandiittiyhtiö,"Tammilehdontie 12, 02550 Evitskog",Evitskog,ilmainen
0630301-0,Karfomix ky,Kommandiittiyhtiö,"Werlanderintie 21, 09220 Sammatti",Sammatti,ilmainen
0631722-8,PR Diesel ja Autosähkö kommandiittiyhtiö,Kommandiittiyhtiö,"Alakorkalontie 10, 96300 Rovaniemi",Rovaniemi,ilmainen
0631815-9,Autokorjaamo V. Myllymäki Ky,Kommandiittiyhtiö,"Rehakantie 857, 12400 Tervakoski",Tervakoski,ilmainen
0631820-4,SI-Suojaus Ky,Kommandiittiyhtiö,,,ilmainen
0632147-0,Autohuolto Ketola & Vesa Oy,Osakeyhtiö,"Hahmajärventie 14, 38490 Haukijärvi",Haukijärvi,ilmainen
0632243-0,Sapokan Moottorihuolto Oy,Osakeyhtiö,"Huoltokatu 4, 48220 Kotka",Kotka,ilmainen
0633214-5,Kolari- ja Hitsaustyö Lehtelä & Nummela,Avoin yhtiö,"Kankaanmaantie 5, 36600 Pälkäne",Pälkäne,ilmainen
0633296-2,Wihelän Konepaja Oy,Osakeyhtiö,"Hautakorventie 13, 90620 Oulu",Oulu,ilmainen
0635288-3,Korjaamo Stolpe Ky,Kommandiittiyhtiö,29900 Merikarvia,Merikarvia,ilmainen
0637518-8,Jarru-Team Oy,Osakeyhtiö,"Lammaslammentie 17 B, 01710 Vantaa",Vantaa,ilmainen
0637627-9,Auto- ja Motomesta Oy,Osakeyhtiö,"Vaiviontie 75 E, 83450 Vaivio",Vaivio,ilmainen
0637638-3,Automaalaamo Kuormapojat Ky,Kommandiittiyhtiö,"Rantakylänkatu 11 A, 80160 Joensuu",Joensuu,ilmainen
0638645-0,Jäähdytinpalvelu M. Vuorinen Oy,Osakeyhtiö,"Hakapellontie 39, 13430 Hämeenlinna",Hämeenlinna,ilmainen
0640173-7,A. Koski Yhtiö Oy,Osakeyhtiö,"Helsingintie 989, 37500 Lempäälä",Lempäälä,ilmainen
0640435-6,Teollisuustien Autosähkö Ky,Kommandiittiyhtiö,"Poltinkuja 3, 55100 Imatra",Imatra,ilmainen
0647082-0,Automaalaus ja Kolarikorjaus Halttunen & Ursin,Avoin yhtiö,"Varastotie 2, 77600 Suonenjoki",Suonenjoki,ilmainen
0648947-6,A-Profiware Oy,Osakeyhtiö,"Palkkisillantie 4, 16900 Lammi",Lammi,ilmainen
0649899-7,Konehuolto ja -kuljetus T. Pohjola Ky,Kommandiittiyhtiö,"Ruskakuja 4, 94500 Lautiosaari",Lautiosaari,ilmainen
0650843-8,Vantaan PR-Motors Oy,Osakeyhtiö,"Vanhatie 20, 01690 Vantaa",Vantaa,ilmainen
0652242-4,Espoon automaalaamo Oy,Osakeyhtiö,"Timmermalmintie 21 B, 01680 Vantaa",Vantaa,ilmainen
0652363-8,Tampereen HLS Auto Oy,Osakeyhtiö,"Vehnämyllynkatu 23, 33700 Tampere",Tampere,ilmainen
0652402-4,Pursiaisen Auto Ky,Kommandiittiyhtiö,"Kukkokalliontie 4, 71800 Siilinjärvi",Siilinjärvi,ilmainen
0653302-7,ECR Invest Oy,Osakeyhtiö,"Mittatie 26 A, 01260 Vantaa",Vantaa,ilmainen
0654152-9,AE-Auto Oy,Osakeyhtiö,"Jukolantie 14 R, 04200 Kerava",Kerava,ilmainen
0654176-4,Auto-Lamminsivu Oy,Kommandiittiyhtiö,"Mestarintie 4, 39100 Hämeenkyrö",Hämeenkyrö,ilmainen
0654234-5,Riihimäen Dini Auto Oy,Osakeyhtiö,"Konepajankatu 12, 11710 Riihimäki",Riihimäki,ilmainen
0654264-4,Velikone Oy,Osakeyhtiö,"Kankaantie 22, 61300 Kurikka",Kurikka,ilmainen
0655413-5,Tuomo Silvan Ky,Kommandiittiyhtiö,"Kerrolankatu 5, 21200 Raisio",Raisio,ilmainen
0655427-4,PRO-Huolto Lehtonen Oy,Kommandiittiyhtiö,"Takalankatu 2, 15800 Lahti",Lahti,ilmainen
0655593-9,Turun Autokorjaamo Oy,Osakeyhtiö,"Kuloistentie 6, 21280 Raisio",Raisio,ilmainen
0656068-2,Team Lauslehto Oy,Osakeyhtiö,"Sulantie 2, 04300 Tuusula",Tuusula,ilmainen
0656891-6,"Hernevaaran Maatalouskonekorjaamo Kuittinen ja Partio, AvoinYhtiö",Avoin yhtiö,"Oravisalontie 1420, 82310 Oravisalo",Oravisalo,ilmainen
0658492-4,Auto-Mäenpää Ky,Kommandiittiyhtiö,"Vaajakoskentie 78, 40400 Jyväskylä",Jyväskylä,ilmainen
0659415-3,Auto-Holma Ky,Kommandiittiyhtiö,"Vihnekatu 10, 55800 Imatra",Imatra,ilmainen
0660833-2,Autosähkö Pesonen Oy,Avoin yhtiö,"Evakkotaival 4, 93600 Kuusamo",Kuusamo,ilmainen
0661241-1,Rekkahuolto K. Lahtela Ky,Kommandiittiyhtiö,"Niittylahdentie 50, 19650 Joutsa",Joutsa,ilmainen
0661364-1,Atila Olavi Ky,Kommandiittiyhtiö,"Vöyrintie 57, 66500 Vähäkyrö",Vähäkyrö,ilmainen
0661557-5,Ruoste-esto ja Autokorjaamo P. Männikkö Ky,Kommandiittiyhtiö,"Sammaltie 76, 90650 Oulu",Oulu,ilmainen
0661742-3,Keravan Valioverhoilu Oy,Osakeyhtiö,"Majavatie 8, 00800 Helsinki",Helsinki,ilmainen
0661798-4,Länsi-Suomen Autopiste Iltanen & Sepponen,Avoin yhtiö,27500 Kauttua,Kauttua,ilmainen
0662048-9,Heinolan Diesel-huolto Ky,Kommandiittiyhtiö,"Vuohkalliontie 1, 18200 Heinola",Heinola,ilmainen
0662668-8,Ranttiän Kone Oy,Osakeyhtiö,"Söörmarkuntie 62, 29570 Söörmarkku",Söörmarkku,ilmainen
0662734-9,Kavec-Auto Oy,Osakeyhtiö,"Pajatie 4, 57210 Savonlinna",Savonlinna,ilmainen
0662766-4,Auto- ja konekorjaamo Juha Kosunen Ky,Kommandiittiyhtiö,"Suurmäentie 10, 79130 Sorsakoski",Sorsakoski,ilmainen
0662888-6,Auto Uuspelto Oy,Osakeyhtiö,"Kylänportti 4, 02940 Espoo",Espoo,ilmainen
0663935-8,RKH Raskaan Kaluston Huolto Oy,Osakeyhtiö,"Pajatie 2, 36220 Kangasala",Kangasala,ilmainen
0665173-6,Tiiran Autosähkö Oy,Osakeyhtiö,"Valimontie, 88900 Kuhmo",Kuhmo,ilmainen
0665647-3,Auto-Peltola Oy,Osakeyhtiö,"Peltolantie 77, 21360 Lieto As",Lieto As,ilmainen
0665790-0,R. Keso Ky,Kommandiittiyhtiö,"Mantereentie 5, 14770 Eteläinen",Eteläinen,ilmainen
0666167-8,Tuusulan Auto-Centre Oy,Osakeyhtiö,"Sulankuja 3, 04300 Tuusula",Tuusula,ilmainen
0666800-1,Automaalaamo Helin Oy,Osakeyhtiö,"Koskirannantie 10, 31640 Humppila",Humppila,ilmainen
0667113-9,Markku Kärkinen Ky,Kommandiittiyhtiö,"Salmiperäntie 117, 84100 Ylivieska",Ylivieska,ilmainen
0668133-7,Kosti Kotila Ky,Kommandiittiyhtiö,"Vanha Kantatie 26, 86400 Vihanti",Vihanti,ilmainen
0668317-2,Järvenpään Carpojat Oy,Osakeyhtiö,"Maisalantie 11, 04600 Mäntsälä",Mäntsälä,ilmainen
0668584-8,MJK Kiinteistöt Oy,Osakeyhtiö,"Viideskatu 29, 57210 Savonlinna",Savonlinna,ilmainen
0668611-1,Backfält Ab,Osakeyhtiö,"Salobackavägen 4, 68410 Alaveteli",Alaveteli,ilmainen
0669601-0,Asennusliike Lubcar Ky,Kommandiittiyhtiö,"Partelantie 249, 31500 Koski Tl",Koski Tl,ilmainen
0669928-9,Risto Tiittanen Oy,Kommandiittiyhtiö,"Verkkotie 9, 44150 Äänekoski",Äänekoski,ilmainen
0670315-3,Oy Auto Ljungqvist Bil Ab,Osakeyhtiö,"Veklahdentie 49, 02400 Kirkkonummi",Kirkkonummi,ilmainen
0670789-1,Avoin yhtiö Vihannin Auto ja Konekorjaamo,Avoin yhtiö,"Pajatie, 86400 Vihanti",Vihanti,ilmainen
0670945-9,Polar-Automaalaus Oy,Kommandiittiyhtiö,"Vanha Pirkkiöntie 6, 95470 Tornio",Tornio,ilmainen
0671487-2,Porin Huoltokeskus Ky,Kommandiittiyhtiö,"Koiviston Puistikko 51 C, 28130 Pori",Pori,ilmainen
0673064-5,Akatiitti Oy,Osakeyhtiö,"Jääkärintie 11, 19650 Joutsa",Joutsa,ilmainen
0674577-5,U ja M Lipponen Oy,Kommandiittiyhtiö,"Nunnanlahdentie 3, 83900 Juuka",Juuka,ilmainen
0674966-1,Reikyt Oy,Osakeyhtiö,"Huutoniementie 39, 65320 Vaasa",Vaasa,ilmainen
0675285-2,Holdico Oy,Osakeyhtiö,"Hernepellontie 17, 00710 Helsinki",Helsinki,ilmainen
0678317-3,Salon Ajoneuvopalvelu RL Oy,Osakeyhtiö,"Ratakatu 3, 24100 Salo",Salo,ilmainen
0678334-1,Automaalaamo Matin Fiksaus Oy,Kommandiittiyhtiö,"Yrittäjäntie 4, 87250 Kajaani",Kajaani,ilmainen
0678918-8,Citikkakorjaamo Yli-Malmi Ky,Kommandiittiyhtiö,"Jatkokatu 2, 15230 Lahti",Lahti,ilmainen
0679165-9,Tyrvään Autokorjaamo Ky,Kommandiittiyhtiö,"Vareliuksenkatu 4, 38200 Sastamala",Sastamala,ilmainen
0679224-8,Automaalaamo Jomari Oy,Osakeyhtiö,"Jäspilänkatu 16, 04200 Kerava",Kerava,ilmainen
0679600-3,KTi-SERVICE OY,Osakeyhtiö,"Likolammentie 6, 70460 Kuopio",Kuopio,ilmainen
0679656-4,Truck-Marine Consult Oy,Osakeyhtiö,"Hangelby, 01150 Söderkulla",Söderkulla,ilmainen
0679966-9,Nextmet Oy,Osakeyhtiö,"Kölikuja 3, 00890 Helsinki",Helsinki,ilmainen
0680262-9,Siilin Auto-Pekka Ky,Kommandiittiyhtiö,"Teollisuustie 8 C, 71800 Siilinjärvi",Siilinjärvi,ilmainen
0680475-5,Automaalaamo J. Sainio Ky,Kommandiittiyhtiö,"Varikkotie 1, 98120 Kemijärvi",Kemijärvi,ilmainen
0680580-3,Etukone Oy,Osakeyhtiö,"Arinakatu 12-14, 50170 Mikkeli",Mikkeli,ilmainen
0682511-8,France-Moteur Oy,Osakeyhtiö,"Hepolamminkatu 42, 33720 Tampere",Tampere,ilmainen
0682863-4,Oriveden auto- ja rautapaja Oy,Osakeyhtiö,"Pylsyntie 2, 35300 Orivesi",Orivesi,ilmainen
0683483-1,Aallon Auto Oy,Osakeyhtiö,"Bulevardi 17 A, 00120 Helsinki",Helsinki,ilmainen
0683532-4,Suomen Täsmäkorjaus Oy,Osakeyhtiö,"Tiilenpolttajankuja 4, 01720 Vantaa",Vantaa,ilmainen
0683954-4,Autohuolto Express Service Oy,Osakeyhtiö,"Jyrkänmäentie 4, 15880 Hollola",Hollola,ilmainen
0684221-7,Rajapatsaan Autohuolto Oy,Osakeyhtiö,"Poltinkuja 6, 55100 Imatra",Imatra,ilmainen
0684531-1,Huoltopalvelu J. Holmberg Oy,Osakeyhtiö,"Asentajantie 3, 06150 Porvoo",Porvoo,ilmainen
0684545-0,Ähtärin Autoklinikka Ky,Kommandiittiyhtiö,"Inhantie 12, 63700 Ähtäri",Ähtäri,ilmainen
0685110-5,MP-Taipale Kommandiittiyhtiö,Kommandiittiyhtiö,"Haavikontie 11, 33800 Tampere",Tampere,ilmainen
0685315-1,Ylihärmän autosähkö ja -huolto Ky,Kommandiittiyhtiö,"Vaasantie 773 A, 62375 Ylihärmä",Ylihärmä,ilmainen
0686041-5,JK-lava Kommandiittiyhtiö,Kommandiittiyhtiö,"Pienteollisuustie 21, 06450 Porvoo",Porvoo,ilmainen
0686477-4,Ålands Bil & Maskin Ab,Osakeyhtiö,"Möckelö, 22100 Mariehamn",Mariehamn,ilmainen
0687336-3,RM-Korjaamo Oy,Osakeyhtiö,"Riitasensuontie 93, 58170 Simanala",Simanala,ilmainen
0687718-8,Carglass Finland Oy,Osakeyhtiö,"Sarkamaantie 12, 21280 Raisio",Raisio,ilmainen
0689067-3,Pyhäsalmen Auto- ja traktorihuolto Oy,Osakeyhtiö,"Köpsintie 2, 86800 Pyhäsalmi",Pyhäsalmi,ilmainen
0691996-6,Stars-Autopesu Oy,Osakeyhtiö,"Vanha Yhdystie 5, 04430 Järvenpää",Järvenpää,ilmainen
0692013-1,Uuron Sähkö- ja Dieselkorjaamo Oy,Osakeyhtiö,"Heinävedentie 21, 83100 Liperi",Liperi,ilmainen
0692367-4,Keravan Autosähkö Oy,Osakeyhtiö,"Sementtitehtaankatu 4, 04260 Kerava",Kerava,ilmainen
0693293-3,Autokori Nyström Ky,Kommandiittiyhtiö,"Rastaskuja 3, 45610 Koria",Koria,ilmainen
0693506-9,Vantaan Erikois-Auto Oy,Osakeyhtiö,"Piispankyläntie 10, 01730 Vantaa",Vantaa,ilmainen
0693589-4,Joensuun Autolavarakenne Ky,Kommandiittiyhtiö,"Välikankaan_Teollisuusalue, 80400 Ylämylly",Ylämylly,ilmainen
0695712-9,Oy Nimcode Ab,Osakeyhtiö,"Ystadsgatan 3, 10600 Tammisaari",Tammisaari,ilmainen
0696636-7,Epa-Auto Oy,Osakeyhtiö,"Orikedonkatu 33, 20380 Turku",Turku,ilmainen
0696640-4,FVP-Autorakenne Oy,Osakeyhtiö,"Vaihtotie 17, 33470 Ylöjärvi",Ylöjärvi,ilmainen
0696864-5,SOMERON AUTOPELTI JA MAALAAMO OY,Osakeyhtiö,"Rypsitie, 31400 Somero",Somero,ilmainen
0696938-1,Renkomäen Autoexpert Oy,Avoin yhtiö,"Ansiokatu 4, 15610 Lahti",Lahti,ilmainen
0697478-9,Aken Palvelut Oy,Osakeyhtiö,"Hernemäenkallio 5, 01830 Lepsämä",Lepsämä,ilmainen
0699226-6,K.S.A.A. Kommandiittiyhtiö,Kommandiittiyhtiö,"Takkulantie 7, 02980 Espoo",Espoo,ilmainen
0699231-1,Kemin Diesel Oy,Osakeyhtiö,"Asentajankatu 13, 94600 Kemi",Kemi,ilmainen
0699993-5,Heinolan Hinauspalvelu Oy,Osakeyhtiö,"Hiojankatu 6, 15520 Lahti",Lahti,ilmainen
0700931-5,Autokorjaamo K. Kaistamo Oy,Osakeyhtiö,"Ratatie 13, 21250 Masku",Masku,ilmainen
0701487-8,Lahden Autosuojaus Ky,Kommandiittiyhtiö,15110 Lahti,Lahti,ilmainen
0702886-6,Jyväskylän Automaalarit Oy,Osakeyhtiö,"Asevelitie 2, 41900 Petäjävesi",Petäjävesi,ilmainen
0703025-3,Akseli-Huolto Service Ky Knut Lindfors,Kommandiittiyhtiö,"Temppelikatu 6 B, 00100 Helsinki",Helsinki,ilmainen
0704412-9,MEKON AUTOHUOLTOTALO OY,Osakeyhtiö,"Markulantie 3, 20320 Turku",Turku,ilmainen
0704694-1,Autoradioasentamo Nyqvist Oy,Osakeyhtiö,"Sauramontie 4, 01350 Vantaa",Vantaa,ilmainen
0705998-8,Hollolan Rengas ja Autokorjaamo Ky,Kommandiittiyhtiö,"Mursketie 4, 15860 Hollola",Hollola,ilmainen
0706300-4,Automaalaamo Kolibri Oy,Osakeyhtiö,"Kaanaantie 68, 21120 Raisio",Raisio,ilmainen
0706553-6,Autokorjaamo veljekset Hytönen Oy,Avoin yhtiö,"Peltokankaantie 91, 43800 Kivijärvi",Kivijärvi,ilmainen
0708034-9,Muuralan Autohuolto Oy,Osakeyhtiö,"Kellonsoittajantie 2, 02770 Espoo",Espoo,ilmainen
0708162-4,Autosähkö Arto Ala-Vannesluoma Ky,Kommandiittiyhtiö,"Rekolansuora 10, 63300 Alavus",Alavus,ilmainen
0708501-9,T. Kaarlela Ky,Kommandiittiyhtiö,"Ruutihaantie 9, 84100 Ylivieska",Ylivieska,ilmainen
0709395-9,Karjalan Autorakennus Oy,Osakeyhtiö,"Tempontie 4, 80330 Reijola",Reijola,ilmainen
0709996-3,Autokorjaamo O.Vuori Ky,Kommandiittiyhtiö,"Härkävuorentie 19, 21800 Kyrö",Kyrö,ilmainen
0710036-2,Jetsuko Oy,Kommandiittiyhtiö,"Turuntie 68, 32200 Loimaa",Loimaa,ilmainen
0710158-4,S. Norrdahls verkstad kommanditbolag,Kommandiittiyhtiö,"Gamla Strandvägen 31 B, 66290 Harrström",Harrström,ilmainen
0710592-1,Lainion Auto- ja Konekorjaamo Ky,Kommandiittiyhtiö,"Ainontie 70, 23800 Laitila",Laitila,ilmainen
0712176-1,Kolarimaalaus Oy Ollinen,Osakeyhtiö,"Partola-Keskus, 33950 Pirkkala",Pirkkala,ilmainen
0712736-2,LRA-Raskashuolto Oy,Kommandiittiyhtiö,"Puukyläntie 1, 44250 Äänekoivisto",Äänekoivisto,ilmainen
0713450-3,Arto Tiippana Oy,Osakeyhtiö,"Kemppisentie 25 B, 56640 Purnujärvi",Purnujärvi,ilmainen
0715649-7,Urakointipalvelu Laaksila Oy,Osakeyhtiö,"Tyviraitti 5 B, 33340 Tampere",Tampere,ilmainen
0717245-4,Laaksten Oy,Osakeyhtiö,00120 Helsinki,Helsinki,ilmainen
0717881-3,Toijan Autohuolto Oy,Osakeyhtiö,"Vanhanmeijerintie 4, 25460 Kisko",Kisko,ilmainen
0720357-2,Automaalaamo Esa Virtanen Oy,Osakeyhtiö,"Neliökuja 3, 04300 Tuusula",Tuusula,ilmainen
0720470-0,Juuan Kone ja Auto Oy,Osakeyhtiö,83901 Juuka,Juuka,ilmainen
0720911-4,Turun Rekkahuolto ja -pesu Ky,Kommandiittiyhtiö,"Andersmäentie 2, 21500 Piikkiö",Piikkiö,ilmainen
0721117-7,A-Korjaamo J. Tirri Oy,Osakeyhtiö,"Loimijoentie 24, 32440 Alastaro",Alastaro,ilmainen
0721124-9,Monå Mekaniska Verkstad Kb,Kommandiittiyhtiö,"Sandgärdsvägen 69, 66980 Monå",Monå,ilmainen
0721213-7,Mikkelin Autopelti Oy,Osakeyhtiö,"Honnintie 40 A, 52830 Suomenniemi",Suomenniemi,ilmainen
0721366-6,Lappeenrannan Autosähkö Oy,Osakeyhtiö,"Jukolank. 1, 53200 Lappeenranta",Lappeenranta,ilmainen
0721387-7,Autopeltikorjaamo Eloranta Oy,Osakeyhtiö,"Tampionkatu 2, 38700 Kankaanpää",Kankaanpää,ilmainen
0721599-5,Autohuolto M. Suomi Oy,Osakeyhtiö,"L Kirvesmiehentie 1, 04500 Kellokoski",Kellokoski,ilmainen
0721844-0,Automaalaamo Jyrki Latvala Ky,Kommandiittiyhtiö,"Kp 10/14, 30100 Forssa",Forssa,ilmainen
0722940-6,KARA TEAM OY,Osakeyhtiö,"Tuulilasintie 8, 00770 Helsinki",Helsinki,ilmainen
0724760-4,Jämsän Lvi- ja Hydraulitarvike Oy,Osakeyhtiö,"Autokuja 1, 42100 Jämsä",Jämsä,ilmainen
0726721-8,J.A.Tarilo Oy,Osakeyhtiö,"Mannerheimintie 93 A, 00270 Helsinki",Helsinki,ilmainen
0728290-1,Erikoisliikemies Ky,Kommandiittiyhtiö,"Likolammentie 18, 70460 Kuopio",Kuopio,ilmainen
0729869-8,Suolahden Autopaja Ky,Kommandiittiyhtiö,"Opistokatu 2, 44200 Suolahti",Suolahti,ilmainen
0730045-2,Autosähköpiste Oy,Osakeyhtiö,"Lamminperä 12, 32200 Loimaa",Loimaa,ilmainen
0730089-0,Autohuolto Pekka Laiho Ky,Kommandiittiyhtiö,"Yläkuja 2 as., 55800 Imatra",Imatra,ilmainen
0730139-1,Kb Rabb & co Ky,Avoin yhtiö,"Staversby, 66520 Veikkaala",Veikkaala,ilmainen
0730301-2,Automaalaamo Seppo Heikkinen Ky,Kommandiittiyhtiö,"Lahnatie 3, 89600 Suomussalmi",Suomussalmi,ilmainen
0731000-1,Automaalaamo Timo Ketonen Oy,Osakeyhtiö,"Timalantie 140, 02580 Siuntio",Siuntio,ilmainen
0731045-8,Autohuolto Maunu Ky,Kommandiittiyhtiö,"Sunintie 45, 32200 Loimaa",Loimaa,ilmainen
0731541-9,Turun Special Cars Oy,Osakeyhtiö,"Alhontie 3, 21500 Piikkiö",Piikkiö,ilmainen
0731727-0,Kisalo Ky,Kommandiittiyhtiö,"Saarelantie 10, 62100 Lapua",Lapua,ilmainen
0731971-9,Autofiksaus Vento Oy,Osakeyhtiö,"Kalustekatu 2, 20320 Turku",Turku,ilmainen
0731980-7,Nurmi-Huolto Oy,Osakeyhtiö,"Salaojantie 5-7 AS, 24910 Halikko As",Halikko As,ilmainen
0732200-2,Maal-Cat Ky,Kommandiittiyhtiö,"Heposeläntie 192, 36520 Raikku",Raikku,ilmainen
0733707-9,Ylistaron Autopaja Ky,Kommandiittiyhtiö,"Pelmaa, 61400 Ylistaro",Ylistaro,ilmainen
0734812-2,Ky Sipoon Autohuolto - Sibbo Bilservice Kb,Kommandiittiyhtiö,"Mellanbacka, 04170 Paippinen",Paippinen,ilmainen
0735146-0,Hankasalmen Autohuolto Oy,Osakeyhtiö,"Keskustie 67, 41520 Hankasalmi",Hankasalmi,ilmainen
0735355-4,Automaalaamo K. Niemi Oy,Osakeyhtiö,"Peltotie 4, 13800 Katinala",Katinala,ilmainen
0736073-8,Padasjoen Auto- ja Konekorjaamo Oy,Osakeyhtiö,"Teollisuustie, 17500 Padasjoki",Padasjoki,ilmainen
0738728-7,Raision Autopeltikorjaamo Ky,Kommandiittiyhtiö,"Suovasentie 73, 21250 Masku",Masku,ilmainen
0740470-2,Automaalaamo Reino Seppänen Kommandiittiyhtiö,Kommandiittiyhtiö,"Hyvelä_Pakka, 28200 Pori",Pori,ilmainen
0740669-5,Automaalaamo Ikonen Oy,Osakeyhtiö,"Selkäkankaantie 17, 54800 Savitaipale",Savitaipale,ilmainen
0740671-6,Silatien Rekkapesu ky Jukka Tervakoski,Kommandiittiyhtiö,"Koulukatu 43 A, 85800 Haapajärvi",Haapajärvi,ilmainen
0741540-1,JJL-Autosähköekspertti Oy,Osakeyhtiö,"Rasikatu 3, 42100 Jämsä",Jämsä,ilmainen
0742765-6,Iisalmen Automaalaamo Ky,Kommandiittiyhtiö,"Kivirannantie 28, 74130 Iisalmi",Iisalmi,ilmainen
0743321-2,Autohuolto Team Malmberg Oy,Osakeyhtiö,"Muijalan_Teollisuusalue_I, 08500 Lohja",Lohja,ilmainen
0743370-6,Jussin Diesel Oy,Osakeyhtiö,"Mariankatu 18, 24240 Salo",Salo,ilmainen
0744808-6,Vaasan Autopalvelu Ky,Kommandiittiyhtiö,"Ojakyläntie 8, 90800 Oulu",Oulu,ilmainen
0746804-4,Raikko & Reikko Oy,Osakeyhtiö,"Ristipellontie 18, 00390 Helsinki",Helsinki,ilmainen
0748352-7,Suomen Autopuhdistus Ky,Kommandiittiyhtiö,"Mustajärventie 491, 16300 Orimattila",Orimattila,ilmainen
0748464-2,Huoltokeidas Oy,Osakeyhtiö,"Muuntamonkatu 8, 32800 Kokemäki",Kokemäki,ilmainen
0748478-1,Pyhännän Auto- ja Moottorikorjaamo Avoin yhtiö,Avoin yhtiö,"Hakasuo, 92930 Pyhäntä",Pyhäntä,ilmainen
0750008-3,Mittarihuolto M. Hienola Oy,Osakeyhtiö,"Palokankaantie 4, 40320 Jyväskylä",Jyväskylä,ilmainen
0750186-0,Kolarikorjaamo ja Maalaamo R. Isoaho Ky,Kommandiittiyhtiö,"Vaasantie 277, 61300 Kurikka",Kurikka,ilmainen
0750901-0,O. Kuusinen Ky,Kommandiittiyhtiö,"Mannilantie 22, 43100 Saarijärvi",Saarijärvi,ilmainen
0750919-2,Jämsän Konekellari Ky,Kommandiittiyhtiö,"Pietiläntie 8, 42100 Jämsä",Jämsä,ilmainen
0751770-7,Suomenselän Autohuolto Oy,Osakeyhtiö,"Saxbergintie 2, 63300 Alavus",Alavus,ilmainen
0751944-6,Euran Autotalo Oy,Osakeyhtiö,"Neitsytmäki, 27500 Kauttua",Kauttua,ilmainen
0751962-2,Vierivä Oy,Osakeyhtiö,"Tilkastentie 372, 21380 Aura",Aura,ilmainen
0752200-4,Autohuolto Velj. Anttila Oy,Osakeyhtiö,"Niittytie, 47400 Kausala",Kausala,ilmainen
0754559-9,Suomen Hi-Tech Oy,Osakeyhtiö,"Kaakkurintie 14 B, 37150 Nokia",Nokia,ilmainen
0755224-6,Autokorjaamo Rasa & Väänänen avoin yhtiö,Avoin yhtiö,"Porrassalmenkatu 48, 50100 Mikkeli",Mikkeli,ilmainen
0755953-6,Salon Korjaamo Oy,Osakeyhtiö,"Käkelänraitti 2 A, 16300 Orimattila",Orimattila,ilmainen
0756654-1,"Turengin Autopeltisepät, kommandiittiyhtiö",Kommandiittiyhtiö,"Ratatie 90, 14200 Turenki",Turenki,ilmainen
0756939-8,Vantaan Painepesu Oy,Osakeyhtiö,"Visapolku 1 B, 01730 Vantaa",Vantaa,ilmainen
0757976-4,Autotekniikka Finland Oy,Osakeyhtiö,"Rikasteentie 66, 82200 Hammaslahti",Hammaslahti,ilmainen
0759280-3,Nokian Autotyö Ky,Kommandiittiyhtiö,37101 Nokia,Nokia,ilmainen
0759964-2,Ramin Diesel Ky,Kommandiittiyhtiö,"Wahlforssinkatu 13 B, 80100 Joensuu",Joensuu,ilmainen
0759973-0,Tony Racing Oy,Kommandiittiyhtiö,"Uusi Porvoontie 782, 01120 Västerskog",Västerskog,ilmainen
0760251-4,Autoraita Jouko Hietala Ky,Kommandiittiyhtiö,"Lukkatie 1, 96300 Rovaniemi",Rovaniemi,ilmainen
0760557-1,Autopaja Luostarinen Ky,Kommandiittiyhtiö,"Seljatie 4, 70400 Kuopio",Kuopio,ilmainen
0771726-6,AK-Autokorjaamo Pyykkö & Väyrynen avoin yhtiö,Avoin yhtiö,81720 Lieksa,Lieksa,ilmainen
0772510-0,Juipin Autohuolto Oy,Osakeyhtiö,"Teollisuustie 11, 19650 Joutsa",Joutsa,ilmainen
0774067-7,Auto- ja Konekorjaamo Marjakangas Oy,Osakeyhtiö,"Keskustie, 85200 Alavieska",Alavieska,ilmainen
0774556-6,Porin Auto ja Metalli Ky,Kommandiittiyhtiö,"Kruuti-Jussintie 4, 28660 Pori",Pori,ilmainen
0774885-5,P.P.J. Leinonen Ky,Kommandiittiyhtiö,"Teollisuusalue_Ii, 79100 Leppävirta",Leppävirta,ilmainen
0775214-1,Oulun Auto- ja Korimaalaus Ky,Kommandiittiyhtiö,"Niemeläntie 10 as., 90440 Kempele",Kempele,ilmainen
0775228-0,Kolarityö MH Ky,Kommandiittiyhtiö,"Laitisentie 1, 86800 Pyhäsalmi",Pyhäsalmi,ilmainen
0776128-3,Rajatorpan Autohuolto Ky,Kommandiittiyhtiö,"Ulkoniitynkuja 2, 01660 Vantaa",Vantaa,ilmainen
0776172-6,Tampereen Kolarisepät Ky,Kommandiittiyhtiö,"Sellukatu 5, 33400 Tampere",Tampere,ilmainen
0778268-2,Vähämaan Autopalvelu Oy,Kommandiittiyhtiö,"Hakakalliontie 4, 05460 Hyvinkää",Hyvinkää,ilmainen
0779823-8,Ruokolahden Öljyt Oy,Osakeyhtiö,"Majavantie 7, 56100 Ruokolahti",Ruokolahti,ilmainen
0781067-1,Palokankaan Autopelti Ky,Kommandiittiyhtiö,"Teollisuustie 7, 41900 Petäjävesi",Petäjävesi,ilmainen
0781104-1,RPT-Autofix Ky,Kommandiittiyhtiö,"Keijo Lehtonen/Jyrkkälänkatu 4 E, 20210 Turku",Turku,ilmainen
0781189-3,HP-Motors Oy,Osakeyhtiö,"Laippatie 13, 00880 Helsinki",Helsinki,ilmainen
0781192-2,Oy Peteratek Ab,Osakeyhtiö,"Puna-Ahontie 84, 02400 Kirkkonummi",Kirkkonummi,ilmainen
0781815-5,HTJ-Company Oy,Osakeyhtiö,"Yrittäjänväylä 11, 45360 Valkeala",Valkeala,ilmainen
0781998-3,B&C Boat & Car OY,Osakeyhtiö,"Puistomäenkatu 59, 20810 Turku",Turku,ilmainen
0783113-0,Kolarikorjaus-Härri Ky,Kommandiittiyhtiö,"Ylikulmantie 289, 25330 Kuusjoki",Kuusjoki,ilmainen
0785762-1,Kotikylän auto-oikomo Ky,Kommandiittiyhtiö,"Kotikylä, 74540 Kotikylä",Kotikylä,ilmainen
0786518-9,Lännen Truck Service Oy,Osakeyhtiö,"Nyrhintie 13, 28760 Pori",Pori,ilmainen
0787303-1,Naantalin Rengasteam Oy,Osakeyhtiö,"Niittikuja 2, 21110 Naantali",Naantali,ilmainen
0787394-7,BM-System Oy,Osakeyhtiö,"Leikkiharjuntie 10, 44300 Konnevesi",Konnevesi,ilmainen
0787752-6,Traktoauto Oy,Osakeyhtiö,"Joensuunkatu 6, 24100 Salo",Salo,ilmainen
0789361-4,TX Autolasitalo Oy,Osakeyhtiö,"Varastokatu 9, 65100 Vaasa",Vaasa,ilmainen
0789677-8,Kolarityö Peräkangas Ky,Kommandiittiyhtiö,"Yrittäjäntie 8, 63100 Kuortane",Kuortane,ilmainen
0792505-7,Oriveden Huolto-Osa Oy,Osakeyhtiö,"Rovastintie 40, 35100 Orivesi As",Orivesi As,ilmainen
0793123-8,Länsi-Suomen Special Motors Ky,Kommandiittiyhtiö,"Heikkiläntie, 29600 Noormarkku",Noormarkku,ilmainen
0796031-1,JR.Niittyjoki Ky,Kommandiittiyhtiö,"Kaasutintie 3, 00770 Helsinki",Helsinki,ilmainen
0797119-2,Autohuolto Arola Avoin yhtiö,Avoin yhtiö,"Valtakatu 31, 69100 Kannus",Kannus,ilmainen
0798584-2,Esa Kovanen Ky,Kommandiittiyhtiö,"Kirmaseläntie 3, 51420 Harjumaa",Harjumaa,ilmainen
0800065-4,Jämsän Autosuojaamo- ja huolto Oy,Osakeyhtiö,"Autokuja 5, 42100 Jämsä",Jämsä,ilmainen
0800702-0,Osmon Vaunupalvelu Ky,Kommandiittiyhtiö,"Kuivaniemi, 72100 Karttula",Karttula,ilmainen
0800763-7,Autotalo Lehto Oy,Osakeyhtiö,"Artonkuja 4, 23100 Mynämäki",Mynämäki,ilmainen
0801838-7,Esan Auto- ja Dieselkorjaamo E. Kananen Ky,Kommandiittiyhtiö,"Alatie 4, 81720 Lieksa",Lieksa,ilmainen
0803336-8,Konekorjaamo R. Raitanen Ky,Kommandiittiyhtiö,"Kuvaajanpolku 2, 27800 Säkylä",Säkylä,ilmainen
0804536-9,HBC-Asennus Oy,Osakeyhtiö,"Satamatie 37, 19650 Joutsa",Joutsa,ilmainen
0805292-1,Kari Koski Oy,Osakeyhtiö,"Mustamaantie 56, 48750 Kotka",Kotka,ilmainen
0806286-3,Heimo Rautio Oy,Osakeyhtiö,"Neulojankatu 14, 95450 Tornio",Tornio,ilmainen
0806461-5,Autocontroll Kb,Kommandiittiyhtiö,"Juthas, 66900 Uusikaarlepyy",Uusikaarlepyy,ilmainen
0807579-5,Auto-Jubil Oy,Osakeyhtiö,"Kelatie 19, 01450 Vantaa",Vantaa,ilmainen
0807794-2,Kolarikorjaamo Ollila Ky,Kommandiittiyhtiö,"Kauhajärventie 132, 61940 Hyyppä",Hyyppä,ilmainen
0808025-2,Evacar Konsultointi Ky,Kommandiittiyhtiö,"Shell_Erottaja, 96100 Rovaniemi",Rovaniemi,ilmainen
0808205-5,Avoin yhtiö R.V.T Auto,Avoin yhtiö,"Korjaamokatu 1, 10300 Karjaa",Karjaa,ilmainen
0808286-4,Xton Oy,Osakeyhtiö,"Orivillentie 4, 16300 Orimattila",Orimattila,ilmainen
0808675-0,Automaalaamo Värikaksikko Oy,Osakeyhtiö,"Tarrankaari 1, 08500 Lohja",Lohja,ilmainen
0809442-7,Punkalaitumen Autohuolto Oy,Osakeyhtiö,"Lauttakyläntie 369, 31900 Punkalaidun",Punkalaidun,ilmainen
0809447-8,Ykköskorjaamo Ky,Kommandiittiyhtiö,"Sepäntie 2, 85500 Nivala",Nivala,ilmainen
0809810-2,Arribasi Oy,Osakeyhtiö,"Kankaantaankatu 89, 37150 Nokia",Nokia,ilmainen
0810874-5,Autokorjaamo-Putkonen Ky,Kommandiittiyhtiö,"Mestarinkatu 17, 15800 Lahti",Lahti,ilmainen
0810900-0,Porin Car make-up Oy,Osakeyhtiö,"Itätullinkatu 28, 28100 Pori",Pori,ilmainen
0810905-1,Autohuolto Rahtu Oy,Osakeyhtiö,"Karjasillantie 4, 28220 Pori",Pori,ilmainen
0811112-7,Puskan Auto Oy,Osakeyhtiö,"Salpatie 6, 04410 Järvenpää",Järvenpää,ilmainen
0811987-4,POS-Huolto Oy,Osakeyhtiö,"Tiistiläntörmä 3 A, 02230 Espoo",Espoo,ilmainen
0812400-8,Avoin yhtiö Porvoon Auto-Cleaner Borgå Öppet bolag,Avoin yhtiö,"Sibeliusbulevarden 27, 06100 Porvoo",Porvoo,ilmainen
0812795-4,Juvolan Auto avoin yhtiö,Avoin yhtiö,"Pajatie 23 B, 54850 Kuukanniemi",Kuukanniemi,ilmainen
0814502-8,Harvaluodon Monipalvelu Oy,Osakeyhtiö,"Pyölintie 100, 21500 Piikkiö",Piikkiö,ilmainen
0815630-9,Autosähkö Kaarilahti Oy,Kommandiittiyhtiö,"Pansiontie 4, 20200 Turku",Turku,ilmainen
0816045-5,FA-Työkonehuolto Oy,Osakeyhtiö,"Itäkeskuksenkaari 9, 28130 Pori",Pori,ilmainen
0816178-1,Bor Oy ALT,Osakeyhtiö,"Lehtolantie 9 A, 01450 Vantaa",Vantaa,ilmainen
0816626-7,Saarimäen Hinauspalvelu Oy,Kommandiittiyhtiö,"Kiertotie 5, 34800 Virrat",Virrat,ilmainen
0816813-1,M & A Uurinmäki Oy,Osakeyhtiö,"Tehdaspolku 4, 62900 Alajärvi",Alajärvi,ilmainen
0819488-2,Saukkolan Päälirakenne Oy,Osakeyhtiö,"Neitsytlinnankatu 7, 08150 Lohja",Lohja,ilmainen
0819625-5,Joen Diesel Oy,Osakeyhtiö,"Aspitie 15, 80100 Joensuu",Joensuu,ilmainen
0821039-5,Hyvinkään Automaalaamo Ky,Kommandiittiyhtiö,"Teollisuuskatu 26, 05800 Hyvinkää",Hyvinkää,ilmainen
0821348-1,Kankkilan kiinteistöpojat Oy,Osakeyhtiö,"Kankkilantie 815, 07690 Kankkila",Kankkila,ilmainen
0821667-4,Oy Kust Car Ab,Osakeyhtiö,"Bulderbackantie 5, 68600 Pietarsaari",Pietarsaari,ilmainen
0822016-3,Jorkin korjaamo Ky,Kommandiittiyhtiö,"Oinaskyläntie 4, 72300 Vesanto",Vesanto,ilmainen
0822195-9,Juha Koivula Oy,Osakeyhtiö,"Kempilänkatu 9, 32200 Loimaa",Loimaa,ilmainen
0822305-7,Star - Autosähkö ja pienkonekorjaamo Ky,Kommandiittiyhtiö,"Maaninkavaarantie 1 E, 97900 Posio",Posio,ilmainen
0824536-0,Motcon Oy,Osakeyhtiö,"Kauppalankuja 4 A, 00320 Helsinki",Helsinki,ilmainen
0825116-2,AH Autopalvelu Oy,Osakeyhtiö,"Jormalillbackantie 1, 62300 Härmä",Härmä,ilmainen
0825123-4,Auto- ja laitekorjaamo V. Rajala Ky,Kommandiittiyhtiö,"Metallitie 10, 61100 Peräseinäjoki",Peräseinäjoki,ilmainen
0825535-8,Paimion Säätöpiste Ky,Kommandiittiyhtiö,"Lenkkitie 13, 21530 Paimio",Paimio,ilmainen
0826508-9,Helsingin Autoextra Oy,Osakeyhtiö,"Pulttitie 15, 00880 Helsinki",Helsinki,ilmainen
0827191-3,"Autokorjaamo Leskinen & Loponen, avoin yhtiö",Avoin yhtiö,"Kytkinkatu 1, 20380 Turku",Turku,ilmainen
0827941-3,Mans Motors Oy,Osakeyhtiö,"Uudenkylänkatu 4 A, 33530 Tampere",Tampere,ilmainen
0828888-9,PB Hantverkarna Ab,Osakeyhtiö,"Fagerviksvägen 111, 22630 Lumparland",Lumparland,ilmainen
0829741-9,Incar Oy,Osakeyhtiö,"Takomotie 1-3, 00380 Helsinki",Helsinki,ilmainen
0830067-3,Aktiivi Asennus Oy,Osakeyhtiö,"Tuulissuontie 34, 21420 Lieto",Lieto,ilmainen
0830167-6,AKV-Laite Oy,Osakeyhtiö,"Kotolahdentie 8, 05100 Röykkä",Röykkä,ilmainen
0830646-9,Pesu ja Asennuspalvelu T & K OY,Osakeyhtiö,"Soratie 2, 21500 Piikkiö",Piikkiö,ilmainen
0831809-9,Kiukaisten Autopelti ja Hinaus Oy,Kommandiittiyhtiö,"Turrontie 7, 27400 Kiukainen",Kiukainen,ilmainen
0832884-4,Sinijärvi Oy,Osakeyhtiö,"Paunintie 153, 33980 Pirkkala",Pirkkala,ilmainen
0833891-1,Hämeen Autohuolto P.Riipinen Ky,Kommandiittiyhtiö,"Näyttelijänkatu 17 H, 33720 Tampere",Tampere,ilmainen
0833969-0,Oy Ja-Vi Huolto,Osakeyhtiö,"Vuohkalliontie 15, 18200 Heinola",Heinola,ilmainen
0834296-1,Lahden Kansityö Oy,Osakeyhtiö,"Alavankatu 2 B, 15610 Lahti",Lahti,ilmainen
0835170-2,Auto- ja Konekorjaamo APA Oy,Osakeyhtiö,"Kurittulantie 264, 32200 Loimaa",Loimaa,ilmainen
0835796-0,APX Capital Oy,Osakeyhtiö,"Autoilijankatu 30, 20780 Kaarina",Kaarina,ilmainen
0835924-5,Autovarustamo ProVan Oy,Osakeyhtiö,"Tiemestarinkatu 2, 20360 Turku",Turku,ilmainen
0837203-6,Automo Moberg Oy,Osakeyhtiö,"Lähdekuja, 31600 Jokioinen",Jokioinen,ilmainen
0837350-6,GT-Myynti Oy,Osakeyhtiö,"Hallimestarinkatu 9, 20780 Kaarina",Kaarina,ilmainen
0837997-5,Autokorjaamo Kumpulainen Oy,Osakeyhtiö,"Forssantie 359, 31700 Urjala As",Urjala As,ilmainen
0838304-2,JT Salonen Oy,Osakeyhtiö,"Kumerankatu 5, 11100 Riihimäki",Riihimäki,ilmainen
0839384-9,Jyrki Louhelo Ky,Kommandiittiyhtiö,"Yrjöntie 2 A, 31300 Tammela",Tammela,ilmainen
0839756-7,Autokorjaamo Julin Ky,Kommandiittiyhtiö,"Päätie 6, 46900 Inkeroinen",Inkeroinen,ilmainen
0842722-8,Bilservice Sundström Ab,Osakeyhtiö,"Mastgränd 3b, 68555 Bosund",Bosund,ilmainen
0843795-2,Barrkone Oy,Osakeyhtiö,"Billskogintie 155, 02580 Siuntio",Siuntio,ilmainen
0843826-9,Huutijärvi Avoin yhtiö,Avoin yhtiö,"Viinamäentie 230, 61630 Hirvijärvi",Hirvijärvi,ilmainen
0844736-8,Hakalan Koneklinikka Oy,Osakeyhtiö,"Ouluntie 45, 92100 Raahe",Raahe,ilmainen
0845897-2,Etelä-Vantaan Auto Oy,Osakeyhtiö,"Ristipellontie 17, 00390 Helsinki",Helsinki,ilmainen
0846515-2,TEHOJARRU KY,Kommandiittiyhtiö,"Keskuojankatu 24, 33900 Tampere",Tampere,ilmainen
0847582-8,Malmingin Auto Oy,Osakeyhtiö,"Suurniitynkatu 15, 48600 Kotka",Kotka,ilmainen
0848976-0,Autosähkö Huhtanen Oy,Kommandiittiyhtiö,"Alakorkalontie 6, 96300 Rovaniemi",Rovaniemi,ilmainen
0849007-5,Autokorikorjaamo Salminen Ky,Kommandiittiyhtiö,"Vierumäentie, 23800 Laitila",Laitila,ilmainen
0849326-8,A.V. Haanpää Oy,Osakeyhtiö,"Äyhöntie 26, 26510 Rauma",Rauma,ilmainen
0850125-6,Oulun Koivikko Oy,Osakeyhtiö,"Paljetie 12, 90140 Oulu",Oulu,ilmainen
0850651-6,Walter Lidström Ky,Kommandiittiyhtiö,"Seurakankaantie 8, 90940 Jääli",Jääli,ilmainen
0850960-2,Metsälän Autohuolto Oy,Osakeyhtiö,"Ormuspellontie 10, 00700 Helsinki",Helsinki,ilmainen
0852492-5,SUOMEN VAURIOTURVA OY,Osakeyhtiö,"Rattitie 21, 00770 Helsinki",Helsinki,ilmainen
0854695-6,Korjaamo Veli Seilonen Ky,Kommandiittiyhtiö,"Seilosenmäki, 99950 Karigasniemi",Karigasniemi,ilmainen
0854700-0,Aimo's Auto Ky,Kommandiittiyhtiö,"Seilosenmäki, 99980 Utsjoki",Utsjoki,ilmainen
0854701-9,Automaalaamo Kulmala Ky,Kommandiittiyhtiö,"Männikköperä 64, 84100 Ylivieska",Ylivieska,ilmainen
0854792-4,Autohuolto V Santala Ky,Kommandiittiyhtiö,"Kulmalanpolku 15, 42560 Pohjoisjärvi",Pohjoisjärvi,ilmainen
0855269-4,Autopeltikorjaamo K.Pudas Oy,Kommandiittiyhtiö,"Kisällinkuja 16 B, 94450 Keminmaa",Keminmaa,ilmainen
0855407-5,Teppo Sarajärvi Ky,Kommandiittiyhtiö,"Ahjokuja 11 B, 10960 Hanko Pohjoinen",Hanko Pohjoinen,ilmainen
0855759-1,Auto- ja Kiinteistöhuolto J.Mäkinen Ky,Kommandiittiyhtiö,"Yttiläntie 254, 32920 Kauvatsa",Kauvatsa,ilmainen
0855933-5,Auto-Watti Ky,Kommandiittiyhtiö,"Runeberginkatu 15, 48200 Kotka",Kotka,ilmainen
0856283-3,Heinimaa Avoin Yhtiö,Avoin yhtiö,"Kauvatsantie 2287, 32920 Kauvatsa",Kauvatsa,ilmainen
0857942-4,JS Bussimestarit Ky,Kommandiittiyhtiö,96101 Rovaniemi,Rovaniemi,ilmainen
0858056-4,Kuorma-autohuolto M. Pasanen Ky,Kommandiittiyhtiö,"Pellisenrannantie 58, 55300 Rauha",Rauha,ilmainen
0859342-9,Peltikorjaamo Parviainen Oy,Osakeyhtiö,"Aamuruskontie 6, 00750 Helsinki",Helsinki,ilmainen
0859970-8,Diesel-City Ky,Kommandiittiyhtiö,"Hirsimetsäntie 10, 15200 Lahti",Lahti,ilmainen
0860641-0,Vehmas ja Linden Oy,Osakeyhtiö,"Petäjäkatu 6, 21260 Raisio",Raisio,ilmainen
0860959-0,Unlimited Work Ky,Kommandiittiyhtiö,"Rakintie 55, 48720 Kotka",Kotka,ilmainen
0862144-2,Autokoura avoin yhtiö,Avoin yhtiö,"Kourantie 717, 61160 Koura",Koura,ilmainen
0862321-0,RM Koneistamo ja Autokorjaamo Oy,Osakeyhtiö,"Valimontie 11, 60510 Hyllykallio",Hyllykallio,ilmainen
0863343-5,TR-Koneistus Oy,Osakeyhtiö,"Lammaskallionkatu 5, 04250 Kerava",Kerava,ilmainen
0864627-9,PBT Kuljetus Oy,Osakeyhtiö,"Kotikonnuntie 18 as., 00940 Helsinki",Helsinki,ilmainen
0864735-1,S-Auto Oy Ylöjärvi,Osakeyhtiö,"Marttanperäntie 26, 33450 Siivikkala",Siivikkala,ilmainen
0866358-9,Tampereen Jäähdytinkeskus Oy,Osakeyhtiö,00000 Osoite Tuntematon,Osoite Tuntematon,ilmainen
0867201-2,JT-Autotaide Oy,Osakeyhtiö,"Ruosilantie 14, 00390 Helsinki",Helsinki,ilmainen
0869096-6,Kartok Ky,Kommandiittiyhtiö,"Seisakkeenkatu 10, 29200 Harjavalta",Harjavalta,ilmainen
0869855-4,Aarnikoivu Oy,Osakeyhtiö,"Heinäsuontie 343, 16500 Herrala",Herrala,ilmainen
0870309-3,M. Leino Oy,Osakeyhtiö,"Sepänkatu 27, 24240 Salo",Salo,ilmainen
0870454-7,T. & I. Kaipainen Ky,Kommandiittiyhtiö,"Asemantie 33, 77430 Siikamäki",Siikamäki,ilmainen
0870605-9,Huhtala Service Oy,Osakeyhtiö,"Kivimaantie 421, 29280 Järvimaa",Järvimaa,ilmainen
0870847-6,Kallio & Partanen Ky,Kommandiittiyhtiö,"Yläpellontie 3 B, 39500 Ikaalinen",Ikaalinen,ilmainen
0870881-2,Kolarityö ja maalaus M&V Orjala,Avoin yhtiö,68230 Lohtaja,Lohtaja,ilmainen
0871162-4,Autohuolto Ilkka Sainio Ky,Kommandiittiyhtiö,"Hallituskatu 9, 35800 Mänttä",Mänttä,ilmainen
0871208-8,"Korjaamo Jakari Ky, Heinävesi",Kommandiittiyhtiö,"Valkeistentie 3, 79700 Heinävesi",Heinävesi,ilmainen
0871568-4,Automaalaamo Koskinen Oy,Osakeyhtiö,"Mustapuronkatu 20, 15300 Lahti",Lahti,ilmainen
0871927-1,Autokorjaamo Kujala Oy,Osakeyhtiö,"Urpiaisentie 7 B, 01450 Vantaa",Vantaa,ilmainen
0872529-2,AM-Car Oy,Osakeyhtiö,"Poroniementie 7, 59800 Kesälahti",Kesälahti,ilmainen
0873172-1,Turun Car Fix Oy,Osakeyhtiö,"Fiskarsinkatu 8, 20750 Turku",Turku,ilmainen
0873406-8,Pihlavan Autohuolto Avoin Yhtiö,Avoin yhtiö,"Huokotie 2, 28800 Pori",Pori,ilmainen
0873795-5,Trailer Doctors Oy,Osakeyhtiö,"Pakilantie 10 B, 00630 Helsinki",Helsinki,ilmainen
0873933-6,E-P:n Autokorjaamo Oy,Osakeyhtiö,"Rengastie 17, 60120 Seinäjoki",Seinäjoki,ilmainen
0875249-3,Vääränkoivun Auto Oy,Osakeyhtiö,"Peuranoronkatu 2, 37630 Valkeakoski",Valkeakoski,ilmainen
0875376-0,AS-Huolto Oy,Osakeyhtiö,"Alaniitynkatu 5, 53550 Lappeenranta",Lappeenranta,ilmainen
0875500-2,Special Tuning Harinen Oy,Osakeyhtiö,"Helmuntie 83, 37600 Valkeakoski",Valkeakoski,ilmainen
0877097-4,Suomen Pesumestat Oy,Osakeyhtiö,"Yläkartanonkuja 3 A, 02360 Espoo",Espoo,ilmainen
0877345-4,Wetteri Yhtiöt Oy,Osakeyhtiö,"Äimäkuja 2, 90400 Oulu",Oulu,ilmainen
0877455-3,Tam Buss Service Ky,Kommandiittiyhtiö,"Hepolamminkatu 32, 33720 Tampere",Tampere,ilmainen
0879001-9,Multioil Oy,Osakeyhtiö,"Rydöntie 24, 20360 Turku",Turku,ilmainen
0879342-0,J. Lamppu KY,Kommandiittiyhtiö,"Kiviperäntie 10, 37550 Lempäälä",Lempäälä,ilmainen
0879536-2,Speed Sport Oy,Osakeyhtiö,"Fonseenintie 6, 00370 Helsinki",Helsinki,ilmainen
0879880-3,Tampereen Huoltotiimi Oy,Osakeyhtiö,"Ristinarkuntie 10 A, 33700 Tampere",Tampere,ilmainen
0880212-0,Lahden Tuulilasihuolto Ky,Kommandiittiyhtiö,"Kasakkamäentie 10 AS, 15800 Lahti",Lahti,ilmainen
0880326-2,Siikalatvan Korjaamo Oy,Osakeyhtiö,"Kehätie 7, 92620 Piippola",Piippola,ilmainen
0884137-3,Autokorjaamo M.Tissari Ky,Kommandiittiyhtiö,"Toukolantie 22, 71480 Kurkimäki",Kurkimäki,ilmainen
0884370-7,Autoelektroniikka Könönen Ky,Kommandiittiyhtiö,"Aspitie 15, 80100 Joensuu",Joensuu,ilmainen
0885341-1,Maalaus- ja Kolarityöt Salminen Oy,Osakeyhtiö,"Alhaistenojankatu 21, 21200 Raisio",Raisio,ilmainen
0886031-2,Pehari Oy,Osakeyhtiö,"Myyntimiehenkatu 4, 15700 Lahti",Lahti,ilmainen
0886680-2,Huolto - osapiste Oy,Osakeyhtiö,"Voimatie 8, 75530 Nurmes",Nurmes,ilmainen
0889696-4,Kolcar Ky,Kommandiittiyhtiö,"Seisakkeentie 32, 15820 Lahti",Lahti,ilmainen
0890345-8,VP-Huolto Oy,Osakeyhtiö,"Makasiininkuja 1, 55100 Imatra",Imatra,ilmainen
0891374-4,BSE-Auto Ky Bensa-Sähkö Expertti Mäkelä,Kommandiittiyhtiö,"Yrittäjäntie 8, 01800 Klaukkala",Klaukkala,ilmainen
0893156-3,Jermix Oy,Osakeyhtiö,"Likolammentie 6, 70460 Kuopio",Kuopio,ilmainen
0893546-8,Konehuolto J. Arponen Ky,Kommandiittiyhtiö,"Vellamonkatu 13, 53300 Lappeenranta",Lappeenranta,ilmainen
0894315-0,Kribas Oy Ab,Osakeyhtiö,"Olmebackvägen 13, 64140 Tiukka",Tiukka,ilmainen
0894330-2,Oy Lapinjärven Huoltopiste Ab,Osakeyhtiö,"Teollisuustie 2, 07800 Lapinjärvi",Lapinjärvi,ilmainen
0894364-4,Korjaamopalvelu Tammi Oy,Kommandiittiyhtiö,"Salvelanlaaksontie 1, 21500 Piikkiö",Piikkiö,ilmainen
0894515-6,TD-Autosähkö Oy,Osakeyhtiö,"Kuormakatu 7, 20380 Turku",Turku,ilmainen
0894862-1,Stop-Rust Oy,Osakeyhtiö,"Kyläsaarenkatu 7 A, 00580 Helsinki",Helsinki,ilmainen
0895204-9,Lahden Jäähdytinhuolto Oy,Osakeyhtiö,"Imjärventie 429 A, 18300 Heinola Kk",Heinola Kk,ilmainen
0896402-3,Pentti Järvi Ky,Kommandiittiyhtiö,"Pukkilantie 395, 16300 Orimattila",Orimattila,ilmainen
0897831-0,Muhoksen Autohuolto Ky,Kommandiittiyhtiö,"Sepäntie 3, 91500 Muhos",Muhos,ilmainen
0899196-1,AX Workshop Oy,Osakeyhtiö,"Sandarbergintie 42, 10160 Degerby",Degerby,ilmainen
0899236-6,Omaran Oy,Osakeyhtiö,"Verstaspihankatu 3, 04400 Järvenpää",Järvenpää,ilmainen
0899663-1,Suomen Autokorjaamo Oy,Osakeyhtiö,"Kiitoradantie 6, 01530 Vantaa",Vantaa,ilmainen
0901579-4,Oy Beemi Ab,Osakeyhtiö,"Merituulentie 37, 06150 Porvoo",Porvoo,ilmainen
0902266-0,Jouko Talonpoika Ky,Kommandiittiyhtiö,"Luharannantie 58, 54310 Hytti",Hytti,ilmainen
0902275-9,Asennuspaikka 28 Oy,Osakeyhtiö,"Lentokentäntie 73, 53600 Lappeenranta",Lappeenranta,ilmainen
0902983-8,Öljy-Jokeri Oy,Osakeyhtiö,"Niiralankatu 25, 70600 Kuopio",Kuopio,ilmainen
0903876-9,Lohjan Autoclean Oy,Osakeyhtiö,"Pirttikuja 3, 02330 Espoo",Espoo,ilmainen
0904450-1,Auto-Ilomäki Oy,Osakeyhtiö,"Metallitie 11, 26100 Rauma",Rauma,ilmainen
0905589-2,Armachine Oy,Osakeyhtiö,"Rautatehtaankatu 18, 20200 Turku",Turku,ilmainen
0905993-0,Imatran Ruosteenesto Oy,Osakeyhtiö,"Anssinkatu 10, 55100 Imatra",Imatra,ilmainen
0908335-9,Coffert Oy,Osakeyhtiö,"Kallenkatu 9 A, 18100 Heinola",Heinola,ilmainen
0909029-2,Hämeen Traktorihuolto Oy,Osakeyhtiö,"Pikku-Parolantie 5, 13130 Hämeenlinna",Hämeenlinna,ilmainen
0909194-9,Harjavallan A&T Autopalvelu Oy,Osakeyhtiö,"Merstolantie, 29200 Harjavalta",Harjavalta,ilmainen
0909591-5,Kauno Koskinen Oy,Osakeyhtiö,"Peltotie 5, 19600 Hartola",Hartola,ilmainen
0910274-0,Jukan Huolto Ky,Kommandiittiyhtiö,"Markkulanmäki, 41800 Korpilahti",Korpilahti,ilmainen
0910708-2,Tampereen Autosähkö Oy,Osakeyhtiö,"Lempääläntie 24, 33840 Tampere",Tampere,ilmainen
0911397-6,Oy Antares Ltd. Ab,Osakeyhtiö,"Kuhajoentie 11, 01750 Vantaa",Vantaa,ilmainen
0911887-3,Autohuolto V. Hakala Oy,Osakeyhtiö,"Asentajankatu 2, 33840 Tampere",Tampere,ilmainen
0911966-5,Obile Oy,Osakeyhtiö,"Sammonvaltatie 70, 33530 Tampere",Tampere,ilmainen
0912123-9,Mikkelin Motopaja Avoin yhtiö,Avoin yhtiö,"Kaapelikatu 3, 50100 Mikkeli",Mikkeli,ilmainen
0912745-4,PKV-Motors Oy,Osakeyhtiö,"Lampimäentie 88, 63300 Alavus",Alavus,ilmainen
0912765-7,Tähtisillan Auto Oy,Osakeyhtiö,"Laaksotie 55, 18100 Heinola",Heinola,ilmainen
0913303-7,Automaalaamo J. Karhumäki Oy,Osakeyhtiö,"Talvilahdentie 52, 14930 Sappee",Sappee,ilmainen
0913330-1,Naantalin Trukkityöt Oy,Osakeyhtiö,"Rantalanmetsätie, 21340 Tortinmäki",Tortinmäki,ilmainen
0913795-1,Motoranta Oy,Osakeyhtiö,"Yrittäjäntie 48, 03600 Karkkila",Karkkila,ilmainen
0913832-1,US Team Oy,Osakeyhtiö,"Sammon Valtatie 70, 33560 Tampere",Tampere,ilmainen
0914600-6,Nummelan Autopiste Oy,Osakeyhtiö,"Peräsimentie 9, 03100 Nummela",Nummela,ilmainen
0914716-4,Autopalvelu Harklin Oy,Osakeyhtiö,"Takkatie 11, 00370 Helsinki",Helsinki,ilmainen
0914938-9,Sisämaan Autohuolto Avoin yhtiö,Avoin yhtiö,"Kanavatie 355, 44200 Suolahti",Suolahti,ilmainen
0915659-7,Hyvinkään Carpojat Oy,Osakeyhtiö,"Maisalantie 11, 04600 Mäntsälä",Mäntsälä,ilmainen
0916628-5,Raunion korjaamo kommandiittiyhtiö,Kommandiittiyhtiö,"Elokalliontie 19, 49900 Virolahti",Virolahti,ilmainen
0917048-7,Oy Southwest Holding Ltd,Osakeyhtiö,"Laivalahden Puistotie 7 A, 00810 Helsinki",Helsinki,ilmainen
0917370-9,Action Car Service - ACS Oy,Osakeyhtiö,"Kytkintie 34, 00770 Helsinki",Helsinki,ilmainen
0917503-4,Operation Consulting Kivinen Oy,Osakeyhtiö,21531 Paimio,Paimio,ilmainen
0917597-4,Autocirc RM-Trucks Oy,Osakeyhtiö,"Norra Munsalavägen 164, 66950 Munsala",Munsala,ilmainen
0918647-0,Oy Combilink Ltd,Osakeyhtiö,"Pollenkuja 4, 20380 Turku",Turku,ilmainen
0919704-9,Oy Miihkali Ltd,Osakeyhtiö,"Saimaantie 12-14, 54100 Joutseno",Joutseno,ilmainen
0919874-6,PR Caravan Oy,Osakeyhtiö,"Alikyläntie 36, 04330 Lahela",Lahela,ilmainen
0919915-9,Autohuolto Jamant Oy,Osakeyhtiö,"Voitontie 12, 02820 Espoo",Espoo,ilmainen
0920031-6,HF-Autohuolto Oy,Osakeyhtiö,"Tehtaankatu 17, 11710 Riihimäki",Riihimäki,ilmainen
0920322-6,Maalausliike P. Heikkinen Oy,Osakeyhtiö,"Nokiantie, 52700 Mäntyharju",Mäntyharju,ilmainen
0921347-5,Gulf Hammock Oy,Osakeyhtiö,"Rieskalähteentie 89, 20300 Turku",Turku,ilmainen
0922144-0,Auto Garden Oy,Osakeyhtiö,"Tuhkanummentie 8 as., 00970 Helsinki",Helsinki,ilmainen
0922386-8,Sunset Autofix Oy,Osakeyhtiö,"Teollisuuskatu 22 B, 11100 Riihimäki",Riihimäki,ilmainen
0922804-4,Autopesu Juutinen Ky,Avoin yhtiö,"Pikkukiventie 5, 90630 Oulu",Oulu,ilmainen
0923467-1,Kasikulman Auto Oy,Osakeyhtiö,"Kasikulmantie 3, 68300 Kälviä",Kälviä,ilmainen
0924918-7,Mesi-Auto Oy,Osakeyhtiö,"Veturitie 4, 36240 Kangasala",Kangasala,ilmainen
0924933-9,C.I. Parts Oy,Osakeyhtiö,"Mestarinkatu 11, 15800 Lahti",Lahti,ilmainen
0925645-9,AnttiTek Oy,Osakeyhtiö,"Laurinahontie 2, 07560 Pukkila",Pukkila,ilmainen
0926937-2,JMP Auto Oy,Osakeyhtiö,"Uhrikivenkatu 18, 13130 Hämeenlinna",Hämeenlinna,ilmainen
0927081-6,Salon Autokoponen & Manelius Oy,Osakeyhtiö,"Raitalankatu 9, 24260 Salo",Salo,ilmainen
0927873-8,Kymen Diesel Ky E. Malmi,Kommandiittiyhtiö,"Teollisuuskatu 32, 49400 Hamina",Hamina,ilmainen
0927881-8,VaKoFd Oy,Osakeyhtiö,"Santatöörintie 14, 07230 Askola",Askola,ilmainen
0928172-6,Valkeakosken Autohuolto Oy,Osakeyhtiö,"Sammonkatu 18-20, 37600 Valkeakoski",Valkeakoski,ilmainen
0929793-9,Autokorjaamo Jarrupoljin Oy,Osakeyhtiö,"Henry Fordin Katu 5, 00150 Helsinki",Helsinki,ilmainen
0931019-5,Autopesula ja Fiksaamo Oikari Oy,Osakeyhtiö,"Kuormaajantie 8, 40320 Jyväskylä",Jyväskylä,ilmainen
0931702-0,Kemin Autohuolto Oy,Osakeyhtiö,"Sepänkatu 4, 95420 Tornio",Tornio,ilmainen
0931766-1,Automaalaus Color-piste Oy,Osakeyhtiö,"Vihnekatu 10, 55800 Imatra",Imatra,ilmainen
0932094-0,Sysmän Kolarikorjaamo Auvinen Oy,Osakeyhtiö,"Rankoontie 17, 19700 Sysmä",Sysmä,ilmainen
0932679-5,Ruotsinkylän Automaalaamo Oy,Osakeyhtiö,"Tietotaajamankehä 21, 04300 Tuusula",Tuusula,ilmainen
0932710-6,Luumäen Auto ja Rengas Oy,Osakeyhtiö,"Kauppakatu 13 B, 54500 Taavetti",Taavetti,ilmainen
0932720-2,Paimion Autokorjaamo Ky,Kommandiittiyhtiö,"Pajatie 1, 21530 Paimio",Paimio,ilmainen
0933066-3,Uki-Trailer Oy,Osakeyhtiö,"Jaakolantie 6 A, 23500 Uusikaupunki",Uusikaupunki,ilmainen
0933415-4,Mertteli Oy,Osakeyhtiö,"Amurinkuja 22 B, 33230 Tampere",Tampere,ilmainen
0934147-7,Expoint Oy,Osakeyhtiö,"Sorvarinkatu 19, 80100 Joensuu",Joensuu,ilmainen
0934875-9,Haarajoen Autopelti Oy,Osakeyhtiö,"Mestarintie 10 F, 04500 Kellokoski",Kellokoski,ilmainen
0935249-1,Kuopion Venttiilipaja Oy,Osakeyhtiö,"Kisällinkatu 10, 70780 Kuopio",Kuopio,ilmainen
0937000-8,LT-Varikko Oy,Osakeyhtiö,"Vanharaumantie 186, 21200 Raisio",Raisio,ilmainen
0937584-5,STAYSAIL OY,Osakeyhtiö,"Telakkatie 3 B, 18100 Heinola",Heinola,ilmainen
0938868-9,Malminkartanon autohuolto Oy,Osakeyhtiö,"Ristipellontie 14, 00390 Helsinki",Helsinki,ilmainen
0940096-7,Valto Koivula Oy,Osakeyhtiö,"Kolsopintie 4, 33470 Ylöjärvi",Ylöjärvi,ilmainen
0940224-1,Autokorjaamo Meriniityn 10 Oy,Osakeyhtiö,"Salitunkatu 10, 24100 Salo",Salo,ilmainen
0945228-1,Autohuolto Markku Santa Oy,Osakeyhtiö,"Mörtinranta 6, 44100 Äänekoski",Äänekoski,ilmainen
0945271-6,Oy Golden Eagle Ltd,Osakeyhtiö,"Kuortaneentie 472, 62100 Lapua",Lapua,ilmainen
0945394-6,North Star Studio Oy,Osakeyhtiö,"Piikintie 13 A, 00680 Helsinki",Helsinki,ilmainen
0946181-5,Hyvinkään Rekka-Pesu Oy,Osakeyhtiö,"Auralantie 1, 12310 Ryttylä",Ryttylä,ilmainen
0946376-5,Hattulan Pienkone- ja Venehuolto Oy,Osakeyhtiö,"Merventie 41, 13720 Parola",Parola,ilmainen
0947126-3,Autoasennuspalvelu Immonen Ky,Avoin yhtiö,"Kuurnankatu 28, 80130 Joensuu",Joensuu,ilmainen
0947538-7,Auranmaan Auto Oy,Osakeyhtiö,"Rekolantie 3, 21870 Riihikoski",Riihikoski,ilmainen
0947839-3,Korson Autosepät Oy,Osakeyhtiö,"Uranuksenkuja 21, 01480 Vantaa",Vantaa,ilmainen
0948058-1,ASD-Auto Oy,Osakeyhtiö,"Valuraudantie 13, 00700 Helsinki",Helsinki,ilmainen
0949268-9,Lapuan Jatepic Oy,Osakeyhtiö,"Vasunmäentie 5, 62100 Lapua",Lapua,ilmainen
0949598-6,Uudenmaan Autovarustelu Oy,Osakeyhtiö,"Hankasuontie 7, 00390 Helsinki",Helsinki,ilmainen
0949608-1,Vistema Oy,Osakeyhtiö,"Robert Huberintie 7, 01510 Vantaa",Vantaa,ilmainen
0949921-5,Lehtonen Motorsport Oy Ltd,Osakeyhtiö,"Helsinginkatu 25 A, 20100 Turku",Turku,ilmainen
0949973-3,Harri Lindroth Oy,Osakeyhtiö,"Maurizintie 6 A, 21530 Paimio",Paimio,ilmainen
0950365-9,Auto- ja Konekorjaamo Niemelä Oy,Osakeyhtiö,"Porintie 692, 64300 Lapväärtti",Lapväärtti,ilmainen
0951065-6,Pirkanmaan Autotaito Oy,Osakeyhtiö,"Keskuojankatu 28, 33900 Tampere",Tampere,ilmainen
0951537-7,Autojatala Oy,Osakeyhtiö,"Salmelantie 41, 63920 Inha",Inha,ilmainen
0951539-3,Autohuolto Leino Oy,Osakeyhtiö,"Kirjauksentie 2, 11120 Riihimäki",Riihimäki,ilmainen
0951686-3,Koneistus Välimäki & Jokiaho avoin yhtiö,Avoin yhtiö,"Lapinkuja 1, 63300 Alavus",Alavus,ilmainen
0951923-9,Asennustyö M Ahlqvist Oy,Osakeyhtiö,"Vahdontie 163 C, 21290 Rusko",Rusko,ilmainen
0953319-6,Green-X Oy,Osakeyhtiö,"Tottamussuontie 18, 31650 Venäjänkangas",Venäjänkangas,ilmainen
0953993-4,S. Räsäsen Autohuolto Oy,Osakeyhtiö,"Heisitie 4, 04260 Kerava",Kerava,ilmainen
0955732-3,Oy Ultrapoint Ab,Osakeyhtiö,"Ohjaajantie 18 B, 00400 Helsinki",Helsinki,ilmainen
0955954-8,Siilin Auto ja Osa Ky,Kommandiittiyhtiö,"Räisäläntie 5 B, 71800 Siilinjärvi",Siilinjärvi,ilmainen
0956228-8,Heinäveden Huoltokorjaamo Ky,Kommandiittiyhtiö,"Veistäjäntie 1, 79700 Heinävesi",Heinävesi,ilmainen
0957552-1,FSD-Group Oy,Osakeyhtiö,"Velkuantie 1520, 21195 Velkua",Velkua,ilmainen
0957656-7,Autokorjaamo Matti Turtia Oy,Osakeyhtiö,"Hirsimetsäntie 10, 15200 Lahti",Lahti,ilmainen
0957706-8,OK Repair Oy,Osakeyhtiö,"Valurinkatu 9, 20360 Turku",Turku,ilmainen
0957815-9,Ajoneuvohuolto Jalarvo & Co,Avoin yhtiö,"Kauppiaskatu 3, 32700 Huittinen",Huittinen,ilmainen
0958341-7,Auto-Rytkölä Oy,Osakeyhtiö,"Mestarintie 8, 45200 Kouvola",Kouvola,ilmainen
0958392-7,Cottonring Oy,Osakeyhtiö,"Isojoenrannantie 93, 28240 Pori",Pori,ilmainen
0958448-7,Rautarakenne M Räsänen Oy,Osakeyhtiö,"Majantie 10, 29600 Noormarkku",Noormarkku,ilmainen
0959987-3,auto-cleaning.fi Oy,Osakeyhtiö,00000 Osoite Tuntematon,Osoite Tuntematon,ilmainen
0961091-3,Oy Eurotype Ab,Osakeyhtiö,"Kuuselantie 3, 21600 Parainen",Parainen,ilmainen
0962353-8,Autohuolto Make & Jani Oy,Osakeyhtiö,"Terveystie 16, 15860 Hollola",Hollola,ilmainen
0962714-1,"Autokorjaamo Hautamäki, avoin yhtiö",Avoin yhtiö,"Teollisuustie 7, 68660 Pietarsaari",Pietarsaari,ilmainen
0964206-9,Katcar Oy,Osakeyhtiö,"Kuttulammentie 8, 02730 Espoo",Espoo,ilmainen
0964744-1,Huolto Rasti Oy,Osakeyhtiö,"Väliköntie 4, 70700 Kuopio",Kuopio,ilmainen
0965022-9,Kangasniemen Autosähkö Oy,Osakeyhtiö,"Hallitie 4, 51200 Kangasniemi",Kangasniemi,ilmainen
0965205-6,Automeca avoin yhtiö,Avoin yhtiö,"Päivölänkatu 34, 60120 Seinäjoki",Seinäjoki,ilmainen
0966120-0,Kolarityö ja maalaamo J & M Laaksonen Ky,Kommandiittiyhtiö,"Brusaksentie 223, 04170 Paippinen",Paippinen,ilmainen
0966384-7,Oy MK-Nordtech Ltd,Osakeyhtiö,"Meriviitantie 6 B, 02330 Espoo",Espoo,ilmainen
0967025-4,Mosspott Service Ab,Osakeyhtiö,"Mosspottvägen 32, 64300 Lapväärtti",Lapväärtti,ilmainen
0967142-5,H & M Suihkonen avoin yhtiö,Avoin yhtiö,"Ruuhilammentie 1391, 77570 Jäppilä",Jäppilä,ilmainen
0967234-8,"Veli Sundell, Sun-Car Oy",Osakeyhtiö,"Vanhan-Hommaksentie 7, 02780 Espoo",Espoo,ilmainen
0968816-3,Kannuksen Autohuolto Avoin yhtiö,Avoin yhtiö,"Asematie 28, 69100 Kannus",Kannus,ilmainen
0969094-1,Jarru-Boys Oy,Osakeyhtiö,"Nahkurintie 7, 21490 Marttila",Marttila,ilmainen
0969485-4,Honkajärven Palvelu Oy,Osakeyhtiö,"Pöntysentie 1 B As. 1, 29940 Kuvaskangas",Kuvaskangas,ilmainen
0969924-1,Autoväri Rautanen Ky,Kommandiittiyhtiö,"Teollisuustie 5, 23600 Kalanti",Kalanti,ilmainen
0970329-8,AL-Kaupat Oy,Osakeyhtiö,"Jäspilänkatu 9, 04250 Kerava",Kerava,ilmainen
0970821-6,Vieskan Autosähkö Oy,Osakeyhtiö,"Kiskotie 1, 84100 Ylivieska",Ylivieska,ilmainen
0970898-8,KA-Pesu Oy,Osakeyhtiö,"Rattitie 32, 00770 Helsinki",Helsinki,ilmainen
0972020-7,Oy Vaasan Autopaikka Ab,Osakeyhtiö,"Mjölnaregatan 9, 65100 Vaasa",Vaasa,ilmainen
0972128-5,Rajalla Autopesu Oy,Osakeyhtiö,"Länsiranta 10, 95400 Tornio",Tornio,ilmainen
0972501-6,Autokorjaamo A. Lehtonen Oy,Osakeyhtiö,"Värströmintie 202 C, 02480 Kirkkonummi",Kirkkonummi,ilmainen
0973239-8,Raipon Ruoste-Esto Oy,Osakeyhtiö,"Eteläkatu 20, 53500 Lappeenranta",Lappeenranta,ilmainen
0974729-0,Ajardos Oy,Osakeyhtiö,"Peräsimentie 13, 03100 Nummela",Nummela,ilmainen
0978153-6,SBS Innovation Oy,Osakeyhtiö,"Kerkkolankatu 30, 05800 Hyvinkää",Hyvinkää,ilmainen
0978608-9,Pekka Herlevi Oy,Osakeyhtiö,"Uusi Teollisuustie 4, 68300 Kälviä",Kälviä,ilmainen
0979911-1,Eema Oy,Osakeyhtiö,"Staffanintie 8, 02360 Espoo",Espoo,ilmainen
0982560-7,TP Armandos Oy,Osakeyhtiö,"Latikanmäentie 63, 60550 Nurmo",Nurmo,ilmainen
0983052-9,Autokorjaamo Nikor Oy,Osakeyhtiö,"Koutosentie 14, 69100 Kannus",Kannus,ilmainen
0983245-2,Pirkanmaan Auto- ja Osavälitys Oy,Osakeyhtiö,"Rasintie 7, 37370 Vesilahti",Vesilahti,ilmainen
0983441-5,France Parts Oy,Osakeyhtiö,"Aspitie 21, 80100 Joensuu",Joensuu,ilmainen
0983925-9,Jetappi Oy,Osakeyhtiö,"Hallikatu 5, 61300 Kurikka",Kurikka,ilmainen
0984024-1,Autohuolto M Partanen Ky,Kommandiittiyhtiö,"Kyläkunnantie 28, 15700 Lahti",Lahti,ilmainen
0984407-4,Refix Oy,Osakeyhtiö,"Pitkälahdenkatu 4, 74120 Iisalmi",Iisalmi,ilmainen
0985147-7,Autoala T. Kallioniemi Ky,Kommandiittiyhtiö,"Itä-Ähtärintie 2209, 63700 Ähtäri",Ähtäri,ilmainen
0985491-8,Expertparts Oy,Osakeyhtiö,"Alakyläntie 31, 45100 Kouvola",Kouvola,ilmainen
0988509-5,Nokian Autotalo Oy,Osakeyhtiö,"Yrittäjäkatu 16, 37100 Nokia",Nokia,ilmainen
0988636-2,AV Autosähkö Oy,Osakeyhtiö,"Palomiehentie 4, 02750 Espoo",Espoo,ilmainen
0990595-7,Oy Pureman Ltd,Osakeyhtiö,"Lohjanharjuntie 1109, 08500 Lohja",Lohja,ilmainen
0990598-1,Perä-Pohjolan Auto Oy,Osakeyhtiö,"Torpinkatu 6, 95420 Tornio",Tornio,ilmainen
0991396-5,PR Autopalvelu Oy,Osakeyhtiö,"Helsingiuksentie 47, 08700 Lohja",Lohja,ilmainen
0991920-8,Autokorjaamo Lipposet,Avoin yhtiö,"Hakakatu 11, 20540 Turku",Turku,ilmainen
0992213-2,Esa Mäki Oy,Osakeyhtiö,"Orjapaadentie, 32800 Kokemäki",Kokemäki,ilmainen
0992227-1,Vsevo Oy,Osakeyhtiö,00000 Osoite Tuntematon,Osoite Tuntematon,ilmainen
0994494-8,Kauhajoen KA-Huolto Oy,Osakeyhtiö,"Rahikkatie 110, 61850 Kauhajoki As",Kauhajoki As,ilmainen
0995152-3,Automaalaamo J. Lindstedt Oy,Osakeyhtiö,"Elovainiontie 15, 33470 Ylöjärvi",Ylöjärvi,ilmainen
0995751-1,Tampereen ATH-Service Oy,Osakeyhtiö,"Lentokentänkatu 3, 33900 Tampere",Tampere,ilmainen
0996604-7,Jet Wash Oy,Osakeyhtiö,"Kehävuorentie 6, 01690 Vantaa",Vantaa,ilmainen
0996879-8,Jylpyn Automaalaus Oy,Osakeyhtiö,"Jylpyntie 3, 48230 Kotka",Kotka,ilmainen
0997413-5,Autokorjaamo Kari Turunen Ky,Kommandiittiyhtiö,"Lylykoskentie 9, 80130 Joensuu",Joensuu,ilmainen
0997984-1,Auto-Oplia OY,Osakeyhtiö,"Kaivotie 17-19 D, 01900 Nurmijärvi",Nurmijärvi,ilmainen
0999564-9,Rekkahuolto Markku Holopainen Oy,Osakeyhtiö,"Kuikankuja 4, 78880 Kuvansi",Kuvansi,ilmainen
1000570-2,Automestarit Oy Savonlinna,Osakeyhtiö,"Ainonkatu 12, 57200 Savonlinna",Savonlinna,ilmainen
1000873-5,ALK-laite Oy,Osakeyhtiö,"Lavilankatu 5, 50970 Mikkeli",Mikkeli,ilmainen
1002076-9,Konehuolto J Antamaniemi Oy,Osakeyhtiö,"Vesalantie 9, 19700 Sysmä",Sysmä,ilmainen
1002259-6,Hetemark Oy,Osakeyhtiö,"Rahvontie 2, 85100 Kalajoki",Kalajoki,ilmainen
1002590-6,Diesel-Huolto Haapasalo Oy,Osakeyhtiö,"Vasarakuja 3B, 67100 Kokkola",Kokkola,ilmainen
1002639-4,Kempsu-Projekti Oy,Osakeyhtiö,"Mentulantie 116, 53400 Lappeenranta",Lappeenranta,ilmainen
1003155-6,Danin Huolto & Rengas Oy,Osakeyhtiö,"Henttalantie 227, 06530 Kerkkoo",Kerkkoo,ilmainen
1003759-5,Sinun Autokorjaamosi Jari Keto ky,Kommandiittiyhtiö,"Lähteentie 3, 62510 Kuoppa-Aho",Kuoppa-Aho,ilmainen
1003892-6,Helsingin VM-Autohuolto Oy,Osakeyhtiö,"Liukumäentie 2, 00640 Helsinki",Helsinki,ilmainen
1004619-2,Suur-Savon Sähkökone Oy,Osakeyhtiö,"Prikaatinkatu 3 D, 50100 Mikkeli",Mikkeli,ilmainen
1004791-0,Jyväsauto Oy,Osakeyhtiö,"Säkkitie 9, 40320 Jyväskylä",Jyväskylä,ilmainen
1005630-7,Korjaamo Arivan Oy,Osakeyhtiö,"Harjun Rantatie 52, 45330 Harju",Harju,ilmainen
1006360-3,Autopeltikorjaamo Unto Mattila Ky,Kommandiittiyhtiö,"Avainkierto 4, 05840 Hyvinkää",Hyvinkää,ilmainen
1006753-2,Hallia Team Oy,Osakeyhtiö,"Kaunisnummentie 148, 04500 Kellokoski",Kellokoski,ilmainen
1008551-1,Autokorjaamo T ja P Lahti Ky,Kommandiittiyhtiö,"Visankuja 2, 19600 Hartola",Hartola,ilmainen
1009159-1,Oy Spectacolor Gabriel's Ab,Osakeyhtiö,"Kauppiaankatu 32, 10300 Karjaa",Karjaa,ilmainen
1010232-6,J. Taavitsainen Oy,Osakeyhtiö,"Tiaisentie 8 B, 39160 Julkujärvi",Julkujärvi,ilmainen
1010673-0,Raimori Oy,Osakeyhtiö,"Koljontie 1, 31410 Ylöpirtti",Ylöpirtti,ilmainen
1010959-5,Ajoneuvopesula Sa-Ha Oy,Osakeyhtiö,"Vetotie 4, 01610 Vantaa",Vantaa,ilmainen
1011051-0,Keuruun Auto Oy,Osakeyhtiö,"Yliahontie 1, 42700 Keuruu",Keuruu,ilmainen
1011637-3,Oy Pistec Ab,Osakeyhtiö,,,ilmainen
1011673-6,JK-Autosähkö Oy,Osakeyhtiö,"Huhtakatu 4, 37600 Valkeakoski",Valkeakoski,ilmainen
1012552-8,P & H Messo Oy,Osakeyhtiö,"Kisällinkuja 1 B, 00640 Helsinki",Helsinki,ilmainen
1012598-2,Puolangan Autohuolto Oy,Osakeyhtiö,"Auhonkatu 10, 89200 Puolanka",Puolanka,ilmainen
1012935-0,Autonhoito Jamine Oy,Osakeyhtiö,"Akseli 1, 00750 Helsinki",Helsinki,ilmainen
1013508-0,Ehal Oy,Osakeyhtiö,"Pienteollisuustie 21, 06450 Porvoo",Porvoo,ilmainen
1014875-4,Oy Auto Top-Fixing Ab,Osakeyhtiö,"Masalantie 346, 02430 Masala",Masala,ilmainen
1016282-0,Kahvimaan Auto Oy,Osakeyhtiö,"Kaukoilantie 8 C, 03100 Nummela",Nummela,ilmainen
1016416-4,Puotilan Autohuolto Oy,Osakeyhtiö,"Niemitie 3, 00740 Helsinki",Helsinki,ilmainen
1017284-2,Autohuolto Karppinen Oy,Osakeyhtiö,"Virpiväylä 10, 90830 Haukipudas",Haukipudas,ilmainen
1017536-5,Oy Autokorjaamo Veljekset Härtell - Bilverkstad Bröderna Härtell Ab,Osakeyhtiö,"Vöråvägen 15, 66600 Vöyri",Vöyri,ilmainen
1024575-7,Espoonlahden Autohuolto Oy,Osakeyhtiö,"Kalenterintie 29, 02200 Espoo",Espoo,ilmainen
1025265-8,Kiteen LT-Hitsaus Oy,Osakeyhtiö,"Puhoksentie 7, 82500 Kitee",Kitee,ilmainen
1032997-7,Hepita Ky,Kommandiittiyhtiö,"Kivikoskentie 61, 15880 Hollola",Hollola,ilmainen
1034183-7,Forssan Lava ja Huolto Oy,Osakeyhtiö,"Viksbergintie 3, 30300 Forssa",Forssa,ilmainen
1035437-1,KH-Motors Oy,Osakeyhtiö,"Hiidenmäentie 29, 03100 Nummela",Nummela,ilmainen
1035631-8,Takuuhuolto Ari Uurinmäki Oy,Osakeyhtiö,"Teollisuustie 6, 62900 Alajärvi",Alajärvi,ilmainen
1035668-4,Tam-Garage Oy,Osakeyhtiö,"Nuutisarankatu 35, 33900 Tampere",Tampere,ilmainen
1035950-0,Mikkelin RSK-huolto Oy,Osakeyhtiö,"Ehrnrooth Tuhkalantie 370 as, 51760 Nuutilanmäki",Nuutilanmäki,ilmainen
1036759-4,Autorousku Ky,Avoin yhtiö,"Lamminpellontie 153, 08480 Lohja",Lohja,ilmainen
1036964-5,Porvoon Parkfood Oy,Osakeyhtiö,"Mannerheiminkatu 18, 06100 Porvoo",Porvoo,ilmainen
1037081-4,Lapin Fixauspalvelu Kommandiittiyhtiö,Kommandiittiyhtiö,"Joukolantie 4 A, 03100 Nummela",Nummela,ilmainen
1037766-1,West Petalax Ab,Osakeyhtiö,"Farmvägen 3, 66240 Petolahti",Petolahti,ilmainen
1038421-2,Huoltotyö J. Hokkanen Ky,Kommandiittiyhtiö,"Temmikatu 1, 50170 Mikkeli",Mikkeli,ilmainen
1038837-9,Tupsukorva Oy,Osakeyhtiö,"Leivosentie 18 B, 00780 Helsinki",Helsinki,ilmainen
1039047-9,PARO Boats Ab Oy,Osakeyhtiö,"Kapellbacksvägen 240, 65370 Vaasa",Vaasa,ilmainen
1039401-5,Olli Kaurala Racing Team Ky,Kommandiittiyhtiö,"Kauralantie 24, 31400 Somero",Somero,ilmainen
1040100-0,Kuortaneen Korjaus- ja asennuspalvelu Ky,Avoin yhtiö,"Sammontie 2 B, 63100 Kuortane",Kuortane,ilmainen
1040563-4,Autohuolto Auto-Kulta Oy,Osakeyhtiö,"Vapaalantie 6, 01650 Vantaa",Vantaa,ilmainen
1040762-1,Teijon Korjaamo Ky,Kommandiittiyhtiö,"Karjassilta 21, 27320 Ihode",Ihode,ilmainen
1041356-2,Tenable Oy,Osakeyhtiö,"Jussilantie 7, 29100 Luvia",Luvia,ilmainen
1043583-3,Espoon Autopiste Oy,Osakeyhtiö,"Riihikuja 1, 01720 Vantaa",Vantaa,ilmainen
1043813-7,Asennustekniikka Miettinen Ky,Kommandiittiyhtiö,"Punakukonkatu 8 B, 70820 Kuopio",Kuopio,ilmainen
1044822-0,Kihniön Rengas ja Hydrauli H. Ala-Katara Ky,Kommandiittiyhtiö,"Kuruntie 85/11, 39820 Kihniö",Kihniö,ilmainen
1045187-6,"Itäväylän Auto-, Sähkö- ja Konekorjaamo Kommandiittiyhtiö",Kommandiittiyhtiö,"Punkaharjuntie 582, 57210 Savonlinna",Savonlinna,ilmainen
1045894-7,Nummelan Automaalaamo Oy,Osakeyhtiö,"Lohjantie 41 B, 03100 Nummela",Nummela,ilmainen
1047481-6,Jukan Special Fix Oy,Osakeyhtiö,"Uhrikivenkatu 7, 13130 Hämeenlinna",Hämeenlinna,ilmainen
1047640-8,Materon Autokorjaamo Oy,Osakeyhtiö,"Valkealantie 5, 00950 Helsinki",Helsinki,ilmainen
1047648-3,Autokorjaamo Maxiwash Oy,Osakeyhtiö,"Vehnätie 15, 21200 Raisio",Raisio,ilmainen
1047758-2,Powerout Center Oy,Osakeyhtiö,"Pirkkolankatu 7, 45130 Kouvola",Kouvola,ilmainen
1047912-3,Auto-Ilme Oy,Osakeyhtiö,"Myllytie 15 B, 04410 Järvenpää",Järvenpää,ilmainen
1048778-0,Autokorjaamo Rantakare Oy,Osakeyhtiö,"Peltomäenkatu 1, 04250 Kerava",Kerava,ilmainen
1049339-8,Diesel-Korpela Oy-Ab,Osakeyhtiö,"Horsbäck, 10600 Tammisaari",Tammisaari,ilmainen
1049518-2,Hiivolan Autohuolto Oy,Osakeyhtiö,"Sunilantie 16, 23100 Mynämäki",Mynämäki,ilmainen
1049555-3,Kumijukka Oy,Osakeyhtiö,"Koirasuvannontie 187, 99100 Kittilä",Kittilä,ilmainen
1050008-4,Terifix Oy,Osakeyhtiö,"Alastaron Teollisuustie 13, 32440 Alastaro",Alastaro,ilmainen
1054996-1,Röös Verkstad kommanditbolag,Kommandiittiyhtiö,"Källmossvägen 109, 64610 Ylimarkku",Ylimarkku,ilmainen
1055127-9,J. O-Bike Oy,Osakeyhtiö,"Savikuja 56, 30100 Forssa",Forssa,ilmainen
1056755-3,Rajamäen Autopalvelu Oy,Osakeyhtiö,"Tekniikantie 6, 05200 Rajamäki",Rajamäki,ilmainen
1057479-6,Automaalaamo Yli-Seppänen Oy,Osakeyhtiö,"Puusepäntie 6, 61800 Kauhajoki",Kauhajoki,ilmainen
1058084-6,Tarmic Service Oy,Osakeyhtiö,"Nupurintie 19 B, 02820 Espoo",Espoo,ilmainen
1059408-4,Wilson Service Ab Oy,Osakeyhtiö,"Gelssvedvägen 30, 64510 Nämpnäs",Nämpnäs,ilmainen
1060004-2,XL Tekno Oy,Osakeyhtiö,"Vöråvägen 105, 66600 Vöyri",Vöyri,ilmainen
1060535-3,Raskaskonehuolto JP Rajala Oy,Osakeyhtiö,"Satakunnankatu 44, 28130 Pori",Pori,ilmainen
1060701-7,Ab Horsbäck Bilservice Oy,Osakeyhtiö,"Västanbyvägen 6, 10600 Tammisaari",Tammisaari,ilmainen
1061664-2,Autosähkö Seppo Pastinen Oy,Osakeyhtiö,"Uusitie 2 B, 50600 Mikkeli",Mikkeli,ilmainen
1063629-9,Sarajussi Oy,Osakeyhtiö,"Rautiionkatu 2, 90400 Oulu",Oulu,ilmainen
1064371-2,Oy J & M Tech Ltd,Osakeyhtiö,"Teilinnummentie 10 A, 09120 Karjalohja",Karjalohja,ilmainen
1064705-1,Automaalaamo J. Seppänen Oy,Osakeyhtiö,"Ankkakuja 2, 28200 Pori",Pori,ilmainen
1064989-0,Lixeiro Oy,Osakeyhtiö,"Takkatie 26, 00370 Helsinki",Helsinki,ilmainen
1065625-7,Ab T. Muukkonen Oy,Osakeyhtiö,"Essevägen 272, 68820 Ähtävä",Ähtävä,ilmainen
1066161-1,Eronen Racing Oy,Osakeyhtiö,"Katinhännäntie 4 A, 04600 Mäntsälä",Mäntsälä,ilmainen
1066305-1,Autokorjaamo Auto-Salo Oy,Osakeyhtiö,"Kärsämäentie 4, 20300 Turku",Turku,ilmainen
1066317-4,Saloracing Finland Oy,Osakeyhtiö,"Korjutie 8, 03600 Karkkila",Karkkila,ilmainen
1066730-0,Massa Mesta Oy,Osakeyhtiö,"Luhdantie 4, 23800 Laitila",Laitila,ilmainen
1067557-0,Auto Baja Oy,Osakeyhtiö,"Mustapuronkatu 21, 15300 Lahti",Lahti,ilmainen
1068027-3,Lappeenrannan Reamix Ky,Kommandiittiyhtiö,"Paatsamakatu 2, 53810 Lappeenranta",Lappeenranta,ilmainen
1068127-6,Haapalan Autotuuli Oy,Osakeyhtiö,"Siponkoskentie 104, 69820 Räyrinki",Räyrinki,ilmainen
1069706-7,HA-Kolari Ky,Kommandiittiyhtiö,"Vasarakatu 22, 40320 Jyväskylä",Jyväskylä,ilmainen
1069887-9,Lahden Fix Makers Oy,Osakeyhtiö,"Teollisuustie 7, 16300 Orimattila",Orimattila,ilmainen
1070506-3,Auto- ja Konekorjaamo K. Peltola Oy,Osakeyhtiö,"Peltolantie 16, 85140 Tynkä",Tynkä,ilmainen
1070611-1,Autonasennus ja -huolto Laukkanen Oy,Osakeyhtiö,"Rattitie 20, 00770 Helsinki",Helsinki,ilmainen
1071111-3,Automaalaus Pentti Nevalainen Oy,Osakeyhtiö,"Päivärinteentie 11 D, 04250 Kerava",Kerava,ilmainen
1071414-6,Skipservice kommandiittiyhtiö,Kommandiittiyhtiö,"Leväsentie 23, 70780 Kuopio",Kuopio,ilmainen
1072569-7,Erikoisvoitelu Olli Yli-Hellä Oy,Osakeyhtiö,"Perkiöntie 10, 32730 Sastamala",Sastamala,ilmainen
1072990-3,Lakkapään Kone ja Auto Oy,Osakeyhtiö,"Pellontie 17, 95700 Pello",Pello,ilmainen
1073896-5,PK Varastot avoin yhtiö,Avoin yhtiö,"Teräskatu 7, 70150 Kuopio",Kuopio,ilmainen
1075428-7,AutoVester Oy,Osakeyhtiö,"Ilomäentie 510, 44330 Hytölä",Hytölä,ilmainen
1075969-4,Keski-Suomen M Invest Oy,Osakeyhtiö,"Marjaniementie 60 B, 00930 Helsinki",Helsinki,ilmainen
1076046-8,Oskun Rekkapesu & Huolto Oy,Osakeyhtiö,"Isoveräjäntie 125, 21250 Masku",Masku,ilmainen
1076420-7,Optiwide Oy,Osakeyhtiö,"Vuoritie 6, 21600 Parainen",Parainen,ilmainen
1077290-1,Ab Skinnars verkstad Oy,Osakeyhtiö,"Petalaxvägen 231 A, 66240 Petolahti",Petolahti,ilmainen
1077297-9,TK-Lunkka Oy,Osakeyhtiö,"Laturinkatu 4, 45130 Kouvola",Kouvola,ilmainen
1079331-5,Rasmus Speed Promotions Oy,Osakeyhtiö,"Kelatie 30 Halli 2, 01450 Vantaa",Vantaa,ilmainen
1079759-4,Jouni Seriola Ky,Kommandiittiyhtiö,"Ratastie 3, 40950 Muurame",Muurame,ilmainen
1080805-4,Simon autohuolto Oy,Osakeyhtiö,"Kivikonlaita 49, 00940 Helsinki",Helsinki,ilmainen
1081763-9,Pellen Paja Oy,Osakeyhtiö,"Laippatie 21, 00880 Helsinki",Helsinki,ilmainen
1082366-8,Autohuolto Apu Oy,Osakeyhtiö,"Jusslansuu 7 A, 04360 Tuusula",Tuusula,ilmainen
1082843-4,Eero Pihlajaviita Design Ky,Kommandiittiyhtiö,"Alakyläntie 232, 64350 Karijoki",Karijoki,ilmainen
1082847-7,Rantalaisen Monitoimi Oy,Osakeyhtiö,"Siitolanranta 5, 55120 Imatra",Imatra,ilmainen
1083032-3,Auto-Help Oy Helsinki,Osakeyhtiö,"Viipurinkatu 1, 00510 Helsinki",Helsinki,ilmainen
1083219-3,Savon Caravanhuolto Oy,Osakeyhtiö,"Väänälänrannantie 1490, 71720 Käärmelahti",Käärmelahti,ilmainen
1083658-1,Helsingin Bouncer-palvelut Oy,Osakeyhtiö,"Päiväläisentie 2, 00390 Helsinki",Helsinki,ilmainen
1085217-8,Suomen Monitoimiauto Oy,Osakeyhtiö,"Linnatie 7, 04600 Mäntsälä",Mäntsälä,ilmainen
1086787-1,Leppävirran Autohuolto ja -tarvike Oy,Osakeyhtiö,"Kokoojatie 15, 79100 Leppävirta",Leppävirta,ilmainen
1088440-1,Aulangontien Pesu ja Huolto Oy,Osakeyhtiö,"Aulangontie 3, 13210 Hämeenlinna",Hämeenlinna,ilmainen
1089796-6,Automaattihuolto Päivinen Oy,Osakeyhtiö,"Yhdystie 9, 13720 Parola",Parola,ilmainen
1091031-5,Kauvo Oy,Osakeyhtiö,"Kartanontie 55, 28430 Pori",Pori,ilmainen
1091065-7,Automaalaamo Leinonen Oy,Osakeyhtiö,"Kinnarinkuja 2 B, 04430 Järvenpää",Järvenpää,ilmainen
1091116-6,Roihupellon autokorjaamo Oy,Osakeyhtiö,"Laippatie 21, 00880 Helsinki",Helsinki,ilmainen
1092267-4,Etelän Rengas Oy,Osakeyhtiö,"Läntinen Teollisuuskatu 17, 02920 Espoo",Espoo,ilmainen
1092349-0,Q2 Service Oy,Avoin yhtiö,"Viirretie 155, 68240 Ala-Viirre",Ala-Viirre,ilmainen
1092705-3,Autoworks J.Häyry Ky,Kommandiittiyhtiö,"Sepänrinteentie 22, 02480 Kirkkonummi",Kirkkonummi,ilmainen
1092874-2,Senotec Oy,Osakeyhtiö,"Yrittäjäkatu 9, 37100 Nokia",Nokia,ilmainen
1093120-4,M. & O. Kalliosalo Avoin Yhtiö,Avoin yhtiö,"Mäntykummuntie 19, 38100 Sastamala",Sastamala,ilmainen
1093631-2,Auto-konehuolto Keränen Oy,Osakeyhtiö,"Karhu, 88470 Kontiomäki",Kontiomäki,ilmainen
1093635-5,Keskipisteen Autohuolto Oy,Avoin yhtiö,"Palokuja 4, 92600 Pulkkila",Pulkkila,ilmainen
1094430-4,AH-Transhouse Oy,Osakeyhtiö,"Lähteenperäntie, 32700 Huittinen",Huittinen,ilmainen
1094686-0,Euran Autopelti Oy,Osakeyhtiö,"Kännöntie 10, 27500 Kauttua",Kauttua,ilmainen
1095519-3,Autovan Oy,Osakeyhtiö,"Tiilenpolttajankuja 6, 01720 Vantaa",Vantaa,ilmainen
1095918-6,Saimaan Suojakalvo Oy,Osakeyhtiö,"Pirttiläntie 3, 55320 Rauha",Rauha,ilmainen
1096055-8,Forssan Ruosteenesto Oy,Osakeyhtiö,"Lepistönkatu 5, 30100 Forssa",Forssa,ilmainen
1097242-8,Iittalan Autopalvelu Oy,Osakeyhtiö,"Sähkötie 2, 14500 Iittala",Iittala,ilmainen
1104322-5,Varkauden Autopalvelu Oy,Osakeyhtiö,"Käsityökatu 13, 78200 Varkaus",Varkaus,ilmainen
1104379-4,Riksusystem Oy,Osakeyhtiö,"Inkiläntie 319, 32260 Kojonperä",Kojonperä,ilmainen
1104382-3,Autokorjaamo J. Storck Oy,Osakeyhtiö,"Jukojärventie 21, 42700 Keuruu",Keuruu,ilmainen
1104651-4,HS-Autopalvelu Oy,Osakeyhtiö,"Kutojantie 2 C, 02630 Espoo",Espoo,ilmainen
1105390-9,Printsport Oy,Osakeyhtiö,"Hohontie 10, 41400 Lievestuore",Lievestuore,ilmainen
1105425-8,Autohuolto Esa Rensujeff Ky,Kommandiittiyhtiö,"Alakorkalontie 44, 96300 Rovaniemi",Rovaniemi,ilmainen
1105570-1,Espoon Takuusuojaus Oy,Osakeyhtiö,"Hannuksenpelto 2, 02270 Espoo",Espoo,ilmainen
1105693-1,Kuopion Autosähkö Oy,Osakeyhtiö,"Trubenkuja 4, 70500 Kuopio",Kuopio,ilmainen
1105822-4,Lapinlahden Automaalaus ja -korjaus Oy,Osakeyhtiö,"Kivistöntie 18, 73100 Lapinlahti",Lapinlahti,ilmainen
1106300-7,Ahosen porukat Oy,Osakeyhtiö,"Kallentie 13, 40270 Palokka",Palokka,ilmainen
1108356-9,Auto - Poutiainen Oy,Osakeyhtiö,"Jäähdytintie 30, 00770 Helsinki",Helsinki,ilmainen
1109196-4,AKH Iisalmi Oy,Osakeyhtiö,"Kilpijärventie 232, 74140 Iisalmi",Iisalmi,ilmainen
1110252-0,Jämsän Autopesupalvelu Ky,Kommandiittiyhtiö,"Mottilantie 2, 42100 Jämsä",Jämsä,ilmainen
1438342-8,Kuopion Monimaalaus Oy,Osakeyhtiö,"Yrittäjäntie 14, 70150 Kuopio",Kuopio,ilmainen
1439534-9,Oy Benitec Hanko Ab,Osakeyhtiö,"Hemming_Elfvingintie, 10960 Hanko Pohjoinen",Hanko Pohjoinen,ilmainen
1442090-3,C & G Service Oy,Osakeyhtiö,"Pilvijärventie 45, 02400 Kirkkonummi",Kirkkonummi,ilmainen
1444462-2,Pellilän Autotyö Oy,Osakeyhtiö,"Tuulimyllynkatu 18, 30100 Forssa",Forssa,ilmainen
1447229-5,Puolangan Raskaskonehuolto Avoin yhtiö,Avoin yhtiö,"Teollisuustie 16, 89200 Puolanka",Puolanka,ilmainen
1447797-7,Tampereen Autopalvelu Oy,Osakeyhtiö,"Kannistontie 141, 33880 Lempäälä",Lempäälä,ilmainen
1448329-3,Paint Craft Oy,Osakeyhtiö,"Lakalaivankatu 4, 33840 Tampere",Tampere,ilmainen
1448973-2,Korjaamopalvelut Team Lahtinen Oy,Osakeyhtiö,"Vapaalantie 62, 01650 Vantaa",Vantaa,ilmainen
1449049-3,Autobotnia team Ab Oy,Osakeyhtiö,"Östra Linjen 7, 64200 Närpiö",Närpiö,ilmainen
1451045-8,Mentorax Oy,Osakeyhtiö,00000 Osoite Tuntematon,Osoite Tuntematon,ilmainen
1452109-3,"Automaalaamo Martti ja Rainer Koski, avoin yhtiö",Avoin yhtiö,"Aittastentie 19, 61520 Lehmäjoki",Lehmäjoki,ilmainen
1452401-6,Forssan Tehokansi Oy,Osakeyhtiö,"Riihikalliontie 8, 30100 Forssa",Forssa,ilmainen
1452656-4,Huolto-Sakke Oy,Osakeyhtiö,"Mantovaarantie 49, 99600 Sodankylä",Sodankylä,ilmainen
1454799-8,Autokorjaamo E&J Hjellman Ky,Avoin yhtiö,"Mertajärventie 12, 57220 Savonlinna",Savonlinna,ilmainen
1457148-8,Wistoser Oy,Osakeyhtiö,"Halmekuja 2, 01360 Vantaa",Vantaa,ilmainen
1458530-2,JJ-Konehuolto Oy,Osakeyhtiö,"Iivaalantie 15, 61400 Ylistaro",Ylistaro,ilmainen
1459133-1,Korjari Koivisto Oy,Osakeyhtiö,"Nuutisarankatu 9, 33900 Tampere",Tampere,ilmainen
1462128-9,Oy BN Bilservice Ab,Osakeyhtiö,"Gamla Kustvägen 528, 10710 Snappertuna",Snappertuna,ilmainen
1462629-0,Kurott-Import Ky,Kommandiittiyhtiö,"Kiikerinkyläntie 320 B, 60800 Ilmajoki",Ilmajoki,ilmainen
1463690-7,TN-Quickly Oy,Osakeyhtiö,"Haarajoentie 2 A, 66500 Vähäkyrö",Vähäkyrö,ilmainen
1463905-9,Vikkula Invest Oy,Osakeyhtiö,"Asemapäällikönkatu 2 as., 28100 Pori",Pori,ilmainen
1465302-9,Muottikadun Huolto Oy,Osakeyhtiö,"Muottikatu 5, 05830 Hyvinkää",Hyvinkää,ilmainen
1466597-8,Kariste Ky,Kommandiittiyhtiö,"Jokisuuntie 6, 00560 Helsinki",Helsinki,ilmainen
1468935-5,Overtron Oy,Osakeyhtiö,"Kaskenkaatajankatu 26 G, 15230 Lahti",Lahti,ilmainen
1470361-2,Kuljetusliike Rauno Pylkäs Oy,Osakeyhtiö,"Rekitie 22, 40520 Jyväskylä",Jyväskylä,ilmainen
1470530-0,Kuortaneen Autopalvelu Oy,Osakeyhtiö,"Haavistontie 4, 63100 Kuortane",Kuortane,ilmainen
1471531-4,RK & Autopalvelu Ky,Kommandiittiyhtiö,"Aittakalliontie 339, 01820 Klaukkala",Klaukkala,ilmainen
1473501-6,Helsingin Tarvikeässät Oy,Osakeyhtiö,"Riihimäenkatu 61a, 05880 Hyvinkää",Hyvinkää,ilmainen
1474605-7,Vuosaaren Autokorjaamo Ky,Kommandiittiyhtiö,"Liikkalantie 4, 00950 Helsinki",Helsinki,ilmainen
1475190-5,Rukahuolto Oy,Osakeyhtiö,"Riutanpää 1, 93830 Rukatunturi",Rukatunturi,ilmainen
1475824-2,TK-Contents Oy,Osakeyhtiö,"Kuusirinne 10, 16300 Orimattila",Orimattila,ilmainen
1478093-3,Automaalaamo Orjala Oy,Osakeyhtiö,"Latonevantie 1, 68230 Lohtaja",Lohtaja,ilmainen
1479294-2,Kajaanin Asennus Osa Oy,Osakeyhtiö,"Mainuantie 1, 87150 Kajaani",Kajaani,ilmainen
1479398-8,Tuulilasikorjaamo Lasipaikka Oy,Osakeyhtiö,"Naulakatu 9, 48770 Kotka",Kotka,ilmainen
1481044-2,Destanita Oy,Osakeyhtiö,"Örmänkuja 20, 29570 Söörmarkku",Söörmarkku,ilmainen
1482256-6,M. Saarisen Auto ja Tili Oy,Osakeyhtiö,"Taistontie 3, 43500 Karstula",Karstula,ilmainen
1482602-2,PP Fix Oy,Osakeyhtiö,"Toikansuontie 8, 53500 Lappeenranta",Lappeenranta,ilmainen
1484204-9,Puijon autohuolto avoin yhtiö,Avoin yhtiö,"Tulliportinkatu 54, 70110 Kuopio",Kuopio,ilmainen
1485644-0,Juhan Autohuolto Oy,Osakeyhtiö,"Jyväskyläntie 31, 43100 Saarijärvi",Saarijärvi,ilmainen
1486252-5,Automaalaus Määttälä Ky,Kommandiittiyhtiö,"Lestintie 641, 69330 Määttälä",Määttälä,ilmainen
1488940-2,Sievin auto- ja konekorjaamo Oy,Osakeyhtiö,"Kirkkotie 16, 85410 Sievi",Sievi,ilmainen
1488957-6,Kauhajoen AT-Huolto Oy,Osakeyhtiö,"Puusepäntie 2, 61800 Kauhajoki",Kauhajoki,ilmainen
1491241-4,Autopuhdistus Karppanen Oy,Osakeyhtiö,"Kallantie 10-12, 70400 Kuopio",Kuopio,ilmainen
1492461-8,Lakalaivan Pesupiste Ky,Kommandiittiyhtiö,"Lokomonkatu 25, 33900 Tampere",Tampere,ilmainen
1493411-1,Autokorjaamo Biese Oy,Osakeyhtiö,"Ratarinteenkuja 10, 70800 Kuopio",Kuopio,ilmainen
1496120-8,Autorost Kb,Kommandiittiyhtiö,"Laihelavägen 217, 65520 Helsingby",Helsingby,ilmainen
1496376-4,Automaalaamo Lodvonen Oy,Osakeyhtiö,"Asemamiehentie 6b, 13210 Hämeenlinna",Hämeenlinna,ilmainen
1500370-6,Auto- ja konekorjaamo Startti Oy,Osakeyhtiö,"Peilipojantie 1, 91800 Tyrnävä",Tyrnävä,ilmainen
1504085-7,Moottorikoneistus J. Lahtinen Ky,Kommandiittiyhtiö,"Koukkutie 9, 06100 Porvoo",Porvoo,ilmainen
1504758-1,Jaskan Auto ja Kone Ky,Kommandiittiyhtiö,"Laaksotorpantie 7, 37600 Valkeakoski",Valkeakoski,ilmainen
1504860-5,MT-Lava Oy,Osakeyhtiö,"Kaurakuja 3, 69100 Kannus",Kannus,ilmainen
1506016-1,Auto Harju Petri Oy,Osakeyhtiö,"Isomäenkuja 3, 02970 Espoo",Espoo,ilmainen
1506616-8,Eskeli Momentum Oy,Osakeyhtiö,"Teollisuustie 15, 02880 Veikkola",Veikkola,ilmainen
1508496-4,Kb Österlunds bilmåleri Ky,Kommandiittiyhtiö,"Kaitsorvägen 88, 66710 Kaitsor",Kaitsor,ilmainen
1508760-4,Huittisten Ajoneuvohuollon Auto Oy,Osakeyhtiö,"Kauppiaskatu 3, 32700 Huittinen",Huittinen,ilmainen
1509830-3,Portrans Trucking Oy,Osakeyhtiö,"Ruokosmetsänkatu 13 A, 37570 Lempäälä",Lempäälä,ilmainen
1511011-4,Oy Autohuolto T Holmberg Ab,Osakeyhtiö,"Vihertie 39, 01620 Vantaa",Vantaa,ilmainen
1511696-2,Wheelix Oy,Osakeyhtiö,"Krossinkatu 14 A, 20780 Kaarina",Kaarina,ilmainen
1513558-1,Seppälän Autosähkö Oy,Osakeyhtiö,"Tuomaantie 5, 62100 Lapua",Lapua,ilmainen
1513664-8,Raskone Oy,Osakeyhtiö,"Mannerheimintie 105, 00280 Helsinki",Helsinki,ilmainen
1514617-6,Harri Salmi Oy,Osakeyhtiö,"Koskenmaantie 336, 05510 Hyvinkää",Hyvinkää,ilmainen
1515750-2,Elpemak Oy,Osakeyhtiö,"Järvenkuja 3, 62500 Evijärvi",Evijärvi,ilmainen
1516035-7,Hämeenlinnan Ruoste-expertit Avoin yhtiö,Avoin yhtiö,"Siirintie 18, 13270 Hämeenlinna",Hämeenlinna,ilmainen
1521629-3,Salon Auto-Kiillotus Oy,Osakeyhtiö,"Myllyojankatu 24 A, 24100 Salo",Salo,ilmainen
1522089-0,Automaalaamo Repo & Haponen,Avoin yhtiö,"Kaapelikatu 3, 50100 Mikkeli",Mikkeli,ilmainen
1527492-8,Hannu Suhonen Oy,Osakeyhtiö,"Vasatie 3, 31760 Urjala",Urjala,ilmainen
1530469-9,Tunturiauto Oy,Osakeyhtiö,"Rysätie 3, 90810 Kiviniemi",Kiviniemi,ilmainen
1530610-9,Autoapu Kauhanen Oy,Osakeyhtiö,"Perhorinne 3, 01490 Vantaa",Vantaa,ilmainen
1531872-4,Tammelan Autotalo Kommandiittiyhtiö,Avoin yhtiö,"Matintuomio, 31300 Tammela",Tammela,ilmainen
1532220-5,Apilasaho Oy,Osakeyhtiö,"Multiantie 13, 63800 Soini",Soini,ilmainen
1532537-7,Suomen Pakettiautokauppa Oy,Osakeyhtiö,"Keskustie 21, 19700 Sysmä",Sysmä,ilmainen
1532902-8,Salamix Oy,Osakeyhtiö,"Takasenkatu 27, 08150 Lohja",Lohja,ilmainen
1534756-8,Kolarikorjaamo ja Automaalaamo Pekka Siltanen Oy,Osakeyhtiö,"Vaihtotie 1, 33470 Ylöjärvi",Ylöjärvi,ilmainen
1536055-1,Patenttiasennus Oy,Osakeyhtiö,"Koivulehdontie 10, 01510 Vantaa",Vantaa,ilmainen
1536463-2,Kukkumäen Autohuolto Ky,Kommandiittiyhtiö,"Varikkotie 3 B, 40800 Vaajakoski",Vaajakoski,ilmainen
1536887-9,Korjaamo Pohjankivi Oy,Osakeyhtiö,"Laviantie 346 B, 29600 Noormarkku",Noormarkku,ilmainen
1537684-4,Tonifix Oy,Osakeyhtiö,"Tikkurikuja 1, 00750 Helsinki",Helsinki,ilmainen
1537879-4,R-GARAGE Oy,Osakeyhtiö,"Myllykiventie 14, 04360 Tuusula",Tuusula,ilmainen
1539493-8,Kurikan Ruostesuojaus Ky,Kommandiittiyhtiö,"Hallikatu 6, 61300 Kurikka",Kurikka,ilmainen
1541337-7,Hellman Yhtiöt Oy,Osakeyhtiö,"Valurinkatu 1, 20360 Turku",Turku,ilmainen
1542251-3,US Center Oy,Osakeyhtiö,"Lamminkatu 11, 32200 Loimaa",Loimaa,ilmainen
1542530-0,Siukola Motorsport Ky,Kommandiittiyhtiö,"Ruusutie 4a, 01300 Vantaa",Vantaa,ilmainen
1542584-5,MKS Service Oy,Osakeyhtiö,"Hiidenpolku 1, 14200 Turenki",Turenki,ilmainen
1543656-0,Oy PN-Auto Markku Taipale Ab,Osakeyhtiö,"Torsvikintie 49, 02390 Sarvvik",Sarvvik,ilmainen
1544055-1,Aswel Oy,Kommandiittiyhtiö,"Telitie 2, 04300 Tuusula",Tuusula,ilmainen
1544935-3,Valkor Huolto Oy,Osakeyhtiö,"Porokylänkatu 23, 75530 Nurmes",Nurmes,ilmainen
1549208-7,Korjaamo ja Hitsaus Jari Järventausta Ky,Kommandiittiyhtiö,"Pirkkalantie 2, 37550 Lempäälä",Lempäälä,ilmainen
1549373-3,Naantalin Vantekniikka Oy,Osakeyhtiö,"Leppälinnunkuja 10, 21100 Naantali",Naantali,ilmainen
1549873-7,C.A.R. Sarkkola Oy,Osakeyhtiö,"Kokkilantie 83 as., 14700 Hauho",Hauho,ilmainen
1549898-0,Kauniaisten autohuolto ja varaosa oy,Osakeyhtiö,"Asematie 20, 02700 Kauniainen",Kauniainen,ilmainen
1554717-2,Savon Huoltopiste Oy,Osakeyhtiö,"Teollisuustie 1, 76100 Pieksämäki",Pieksämäki,ilmainen
1557411-1,Humble Rental Oy,Osakeyhtiö,"Teollisuuskatu 5, 53600 Lappeenranta",Lappeenranta,ilmainen
1558029-8,Autovarustelu Nice Car Ky,Kommandiittiyhtiö,"Väinölänkatu 19, 05900 Hyvinkää",Hyvinkää,ilmainen
1560933-7,Putsplank Varjonen Oy,Osakeyhtiö,"Kuninkojankaari 9, 20320 Turku",Turku,ilmainen
1560965-2,Huoltopiste Salmiset avoin yhtiö,Avoin yhtiö,"Hujalantie 425, 21290 Rusko",Rusko,ilmainen
1561338-7,Rengastien Autohuolto Oy,Osakeyhtiö,"Rengastie 28, 60120 Seinäjoki",Seinäjoki,ilmainen
1562774-6,Jani Sarin Oy,Osakeyhtiö,"Pellilänkolmiontie 11, 31600 Jokioinen",Jokioinen,ilmainen
1563271-3,JRI-pesu Oy,Osakeyhtiö,"Vesimiehentie 4, 00740 Helsinki",Helsinki,ilmainen
1566446-7,Valenci Motors Oy,Osakeyhtiö,"Jarrutie 2, 00770 Helsinki",Helsinki,ilmainen
1568263-0,Bullman Works OY,Osakeyhtiö,00000 Osoite Tuntematon,Osoite Tuntematon,ilmainen
1569492-2,Automaalaamo A. Tuomola Oy,Kommandiittiyhtiö,"Kojonkirkkotie 35, 30100 Forssa",Forssa,ilmainen
1569975-8,Roststopp Malax Ab,Osakeyhtiö,"Ryssastået 13, 65450 Sulva",Sulva,ilmainen
1570995-2,Nipan Best Service Oy,Osakeyhtiö,"Pohjoinen Liipolankatu 5, 15500 Lahti",Lahti,ilmainen
1571031-2,Billmet avoin yhtiö,Avoin yhtiö,"Sjösängintie 120, 10330 Pinjainen",Pinjainen,ilmainen
1571106-7,G.Dogs Oy,Osakeyhtiö,00000 Osoite Tuntematon,Osoite Tuntematon,ilmainen
1571869-9,Heikki Hakala Yhtiöt Oy,Osakeyhtiö,"Vanattarantie 80, 37560 Lempäälä",Lempäälä,ilmainen
1572328-7,Car-Shine Oy,Osakeyhtiö,"Talvitie 29 A, 67200 Kokkola",Kokkola,ilmainen
1574702-7,Voltek Oy,Osakeyhtiö,"Peuranoronkatu 2, 37630 Valkeakoski",Valkeakoski,ilmainen
1578075-9,Kolarikorjaamo Pentti Kaura Ky,Kommandiittiyhtiö,"Juolukkapolku 10, 61100 Peräseinäjoki",Peräseinäjoki,ilmainen
1579373-6,Saarion Auto Oy,Osakeyhtiö,"Lohjanharjuntie 1149, 08680 Lohja",Lohja,ilmainen
1579896-7,Automax Partners Oy,Osakeyhtiö,"Soihtutie 2, 01670 Vantaa",Vantaa,ilmainen
1581012-9,Autokorjaamo Jari Naulapää Ky,Kommandiittiyhtiö,"Vanha Yhdystie 12 B, 04430 Järvenpää",Järvenpää,ilmainen
1585493-0,Juha Karhula Oy,Osakeyhtiö,"Mestarintie 11 A, 91800 Tyrnävä",Tyrnävä,ilmainen
1588094-4,Hangö Motorpunkt Ab,Osakeyhtiö,"Appelgrensvägen 24, 10900 Hanko",Hanko,ilmainen
1588267-5,Automaalaus M Pettersson Oy,Osakeyhtiö,"Teollisuustie 1, 45610 Koria",Koria,ilmainen
1590413-3,Haapaveden Autohuolto Ky,Kommandiittiyhtiö,"Vanhatie 40, 86600 Haapavesi",Haapavesi,ilmainen
1591586-0,Automaalaamo Fuzzi Ky,Kommandiittiyhtiö,"Pulttikatu 1, 50170 Mikkeli",Mikkeli,ilmainen
1593465-8,Xtreme Race Oy,Osakeyhtiö,"Kuonomäentie 730, 01830 Lepsämä",Lepsämä,ilmainen
1594056-4,Autovi Systems Oy,Osakeyhtiö,"Ahjotie 7, 96300 Rovaniemi",Rovaniemi,ilmainen
1594308-7,Paimion Varaosa ja Asennus Oy,Osakeyhtiö,,,ilmainen
1601379-7,Korjaamo AK-Saariset Oy,Osakeyhtiö,"Tampereentie 257, 37560 Lempäälä",Lempäälä,ilmainen
1604002-3,K-S Amix Oy,Osakeyhtiö,"Rentontie 13, 43100 Saarijärvi",Saarijärvi,ilmainen
1605389-5,Automaalaus Karttunen Oy,Osakeyhtiö,"Kuopiontie 64a, 83430 Käsämä",Käsämä,ilmainen
1607928-6,B & T Automaalaamo Oy,Osakeyhtiö,"Hankasuontie 7, 00390 Helsinki",Helsinki,ilmainen
1608090-6,AMP Pietilä Oy,Kommandiittiyhtiö,"Köörnummentie 15, 27800 Säkylä",Säkylä,ilmainen
1608095-7,K-U:n Rahtarien Autokorjaamo Oy,Osakeyhtiö,"Piisamikatu 6, 04430 Järvenpää",Järvenpää,ilmainen
1608156-2,Telcar Oy,Osakeyhtiö,"Kytkintie 1 B, 00770 Helsinki",Helsinki,ilmainen
1608295-2,KT-Huolto Oy,Osakeyhtiö,"Levytie 3, 00880 Helsinki",Helsinki,ilmainen
1608811-5,Afix Oy,Osakeyhtiö,21531 Paimio,Paimio,ilmainen
1610416-2,GTE-Kalastustarvike ja huolto Oy,Osakeyhtiö,"Metsäpellontie 1, 68230 Lohtaja",Lohtaja,ilmainen
1611262-1,Autokorjaamo Mika Kaukko Oy,Osakeyhtiö,"Poratie 9, 90150 Oulu",Oulu,ilmainen
1611264-8,Putsi-Pum Oy,Osakeyhtiö,"Pohjolankatu 4 C, 70300 Kuopio",Kuopio,ilmainen
1611268-0,M-B OSA Oy,Osakeyhtiö,"Kallisenhaara 4, 90400 Oulu",Oulu,ilmainen
1611305-0,Huoltopalvelu Itkonen Oy,Osakeyhtiö,"Itkolantie 62, 70900 Toivala",Toivala,ilmainen
1612747-9,Tampereen Tuulilasimyynti Oy,Osakeyhtiö,"Lokomonkatu 25 D, 33900 Tampere",Tampere,ilmainen
1613196-1,Colorpoint Blomster Oy,Osakeyhtiö,"Sorronrinne 15, 08500 Lohja",Lohja,ilmainen
1613411-8,Hämreka Oy,Osakeyhtiö,"Mittatie 27, 01260 Vantaa",Vantaa,ilmainen
1615324-7,Kuhmon Raskaskone Oy,Osakeyhtiö,"Pennitie 15, 88900 Kuhmo",Kuhmo,ilmainen
1617128-5,Ruskon Autonax Oy,Osakeyhtiö,"Ahorinteentie 6, 21290 Rusko",Rusko,ilmainen
1618105-3,Auto- ja konekorjaamo J Saari Ky,Kommandiittiyhtiö,"Saloniementie 29, 30100 Forssa",Forssa,ilmainen
1620758-3,Hyvinkään autopeltikorjaamo kommandiittiyhtiö,Kommandiittiyhtiö,"Lukkokatu 3, 05840 Hyvinkää",Hyvinkää,ilmainen
1624100-1,Melotron Oy,Osakeyhtiö,"Alastaron Teollisuustie 13, 32440 Alastaro",Alastaro,ilmainen
1624213-5,Oy Harkka-Yhtiöt Ab,Osakeyhtiö,"Korinpunojankatu 1, 20320 Turku",Turku,ilmainen
1624997-8,Sorsasalon RT-Palvelut Oy,Osakeyhtiö,"Leppälammentie 3, 70420 Kuopio",Kuopio,ilmainen
1626872-2,Mitax Monipalvelu Oy,Osakeyhtiö,"Työpaikkatie 18 as., 01150 Söderkulla",Söderkulla,ilmainen
1628849-1,J.P.AutoTuning Ky,Kommandiittiyhtiö,"Räisäläntie 13, 71800 Siilinjärvi",Siilinjärvi,ilmainen
1633133-0,Auto Sorsa Oy,Osakeyhtiö,"Tehtaankatu 6, 11710 Riihimäki",Riihimäki,ilmainen
1633748-4,KM Rahti Oy,Avoin yhtiö,"Viilutie 2, 63800 Soini",Soini,ilmainen
1635912-2,Kimmon Konepaja Oy,Osakeyhtiö,"Rekolansuora 10, 63300 Alavus",Alavus,ilmainen
1636833-6,Joen Autopesu Oy,Osakeyhtiö,"Kuurnankatu 43, 80130 Joensuu",Joensuu,ilmainen
1637817-1,Juvan Ruoste-Esto Ky,Kommandiittiyhtiö,"Juvantie 80, 51900 Juva",Juva,ilmainen
1640744-6,Katap Racing Oy,Osakeyhtiö,"Kaarnatie 8, 32210 Loimaa",Loimaa,ilmainen
1641330-1,RAH-Maalaus Ky,Kommandiittiyhtiö,"Suviojantie 15, 45610 Koria",Koria,ilmainen
1641632-6,W-Elektro Oy Ab,Osakeyhtiö,"Filarensväg 1, 06450 Porvoo",Porvoo,ilmainen
1646258-4,Franks Måleri Ab,Avoin yhtiö,"Målarstigen 35, 68810 Ytteresse",Ytteresse,ilmainen
1652748-0,Auto- ja konekorjaamo Risto Hakkarainen Ky,Kommandiittiyhtiö,"Uusitie 10, 79600 Joroinen",Joroinen,ilmainen
1653431-4,Laumet Ky,Avoin yhtiö,"Luusniementie 1456, 51460 Luusniemi",Luusniemi,ilmainen
1654988-2,KSA-Huolto Oy,Osakeyhtiö,"Käpykankaantie 8, 78850 Varkaus",Varkaus,ilmainen
1656133-9,ET-Auto Oy,Osakeyhtiö,"Piisitie 5, 24910 Halikko As",Halikko As,ilmainen
1656153-1,Hannu Hujanen Ky,Kommandiittiyhtiö,"Kasurilanmäentie 111, 71800 Siilinjärvi",Siilinjärvi,ilmainen
1656206-7,Uuraisten autopelti ja maalaus Oy,Kommandiittiyhtiö,"Heikkiläntie 5, 41230 Uurainen",Uurainen,ilmainen
9209482-4,Avoin yhtiö Auto-KK Raatikainen,Avoin yhtiö,,,ilmainen
9209591-5,Autokorjaamo ja -maalaamo Velj. Hämäläinen,Avoin yhtiö,"Koskenranta, 32270 Metsämaa",Metsämaa,ilmainen
9209600-2,Autoverkstad A & A Hellberg Oy Ab,Osakeyhtiö,"Ljusuddavägen 2, 21600 Parainen",Parainen,ilmainen
1667762-2,Ab P Martins Service Oy,Osakeyhtiö,"Västersvägen 5, 65410 Sundom",Sundom,ilmainen
1670240-2,Uutela Service Oy,Osakeyhtiö,"Keltakalliontie 2, 48770 Kotka",Kotka,ilmainen
1703674-7,Team Takkisuo Ky,Kommandiittiyhtiö,"Pekkalantie 187, 97700 Ranua",Ranua,ilmainen
1706247-8,Autokorjaamo P.Rouhimo Oy,Osakeyhtiö,"Linnanherrankuja 7 A, 00950 Helsinki",Helsinki,ilmainen
1707235-0,ESERVI OY,Osakeyhtiö,"Nummentie 130, 07190 Halkia",Halkia,ilmainen
1708010-7,J Johansson Service Ky,Kommandiittiyhtiö,"Pikkukuusentie 1, 28200 Pori",Pori,ilmainen
1710696-0,Sauli Kaarlela Oy,Osakeyhtiö,"Haapajärventie 849, 85500 Nivala",Nivala,ilmainen
1710768-0,Javetyö korjaamo Juhani Niemi & pojat avoin yhtiö,Avoin yhtiö,"Sivutie 11, 07510 Askola",Askola,ilmainen
1713047-7,Auto- ja konekorjaamo Velj. Lehtonen Ay,Avoin yhtiö,"Ikolanlarvantie 2, 61500 Isokyrö",Isokyrö,ilmainen
1725140-4,JJK yhtiöt Oy,Osakeyhtiö,"Teollisuuskatu 3-5, 50130 Mikkeli",Mikkeli,ilmainen
1726719-0,Kokkolan Caravan Huolto J.Autio Ky,Kommandiittiyhtiö,00000 Osoite Tuntematon,Osoite Tuntematon,ilmainen
1730227-5,Maalaamo Mauriala Oy,Osakeyhtiö,"Pellonperäntie 83, 32620 Rutava",Rutava,ilmainen
1730621-7,Auto Arikko Oy,Osakeyhtiö,"Aamuruskontie 19a, 00750 Helsinki",Helsinki,ilmainen
1734514-4,TourBus Finland Oy,Osakeyhtiö,"Sammonkatu 6, 39500 Ikaalinen",Ikaalinen,ilmainen
1735314-4,Kouvolan Automaalaamo Oy,Osakeyhtiö,"Juholankatu 4, 45130 Kouvola",Kouvola,ilmainen
1735929-8,JS-Motors Jarmo Siira Oy,Osakeyhtiö,"Kinnarinkatu 6, 50170 Mikkeli",Mikkeli,ilmainen
1737052-6,Kouvolan Tuning-osa Oy,Osakeyhtiö,"Harjunjoentie 76, 45330 Harju",Harju,ilmainen
1737992-6,Kaaharit Oy,Osakeyhtiö,"Loimijoentie 99, 32440 Alastaro",Alastaro,ilmainen
1741466-4,Automaalaamo Pertti Jokinen Ky,Kommandiittiyhtiö,"Ahjokuja 13, 10960 Hanko Pohjoinen",Hanko Pohjoinen,ilmainen
1742002-8,HK Painting Oy,Osakeyhtiö,"Jurvanlahdentie 406, 79410 Niinimäki",Niinimäki,ilmainen
1744820-7,F-Thermohuolto Oy,Osakeyhtiö,"Kaskimäenkatu 1, 33900 Tampere",Tampere,ilmainen
1747173-0,Parikkalan Autosähkö Oy,Osakeyhtiö,"Puhdistamontie 54, 59310 Särkisalmi",Särkisalmi,ilmainen
1747701-6,TORMOTORS Ky,Kommandiittiyhtiö,"Näätsaarentie 427, 95450 Tornio",Tornio,ilmainen
1752545-2,J & E Martin Oy,Osakeyhtiö,"Kallioahteentie 4, 03600 Karkkila",Karkkila,ilmainen
1753806-9,Haztech Ky,Kommandiittiyhtiö,"Kankaantie 18, 31640 Humppila",Humppila,ilmainen
1755047-1,Autohuolto Järvinen Oy,Osakeyhtiö,"Mursketie 2, 15860 Hollola",Hollola,ilmainen
1755708-3,VISTEX KY,Kommandiittiyhtiö,"Valajankatu 14, 94600 Kemi",Kemi,ilmainen
1756688-7,Wakpal Oy,Avoin yhtiö,"Sepänpolku 5, 41310 Leppävesi",Leppävesi,ilmainen
1756991-4,Autopalvelu Höglund Oy,Osakeyhtiö,"Överbyntie 260, 02400 Kirkkonummi",Kirkkonummi,ilmainen
1758467-1,VIROSEN KORJAAMO OY,Osakeyhtiö,"Ojalantie 417, 16540 Mertie",Mertie,ilmainen
1759477-3,Autokorjaamo P. Mourujärvi Oy,Kommandiittiyhtiö,"Alakorkalontie 10, 96300 Rovaniemi",Rovaniemi,ilmainen
1760802-0,Ratas Diesel Oy,Osakeyhtiö,"Rataskatu 3, 15700 Lahti",Lahti,ilmainen
1761434-0,Konehuolto Juttuniemi Oy,Osakeyhtiö,"Söyringintie 74, 62600 Lappajärvi",Lappajärvi,ilmainen
1762490-1,Automaalaamo Mikucolor avoin yhtiö,Avoin yhtiö,"Teräskatu 2, 70150 Kuopio",Kuopio,ilmainen
1764618-2,Riihikedon Pikahuoltoparkki Ky,Kommandiittiyhtiö,"Hiekkakatu 3, 28130 Pori",Pori,ilmainen
1779223-5,Automaalaamo Tilulilu Oy,Osakeyhtiö,"Kytkintie 12, 00770 Helsinki",Helsinki,ilmainen
1780316-8,Automaalaamo Kari Pentikäinen Oy,Osakeyhtiö,"Likolammentie 4, 70460 Kuopio",Kuopio,ilmainen
1787006-1,Kinnulan JAMI Team Avoin yhtiö,Avoin yhtiö,"Vilmannintie 60, 43800 Kivijärvi",Kivijärvi,ilmainen
1787604-1,E Racing Production Ky,Kommandiittiyhtiö,"Kuusamontie 689, 90900 Kiiminki",Kiiminki,ilmainen
1788686-4,Avoin yhtiö Aspin Korjaamo,Avoin yhtiö,"Aspintie 18, 42600 Multia",Multia,ilmainen
1789038-8,MN-Huoltotekniikka Oy,Osakeyhtiö,"Vallimäentie 60, 27510 Eura",Eura,ilmainen
1789960-6,Autopiste K&M Oy,Osakeyhtiö,"Sorvaajantie 8, 06450 Porvoo",Porvoo,ilmainen
1791115-0,Rautavaaran Modulmet Oy,Osakeyhtiö,"Kirkkotie 26, 73900 Rautavaara",Rautavaara,ilmainen
1791933-9,Argo Net Oy,Osakeyhtiö,"Tiilitie 5, 01720 Vantaa",Vantaa,ilmainen
1792532-5,Vamos Finland Oy,Osakeyhtiö,"Toinen Savu 8, 01510 Vantaa",Vantaa,ilmainen
1798037-5,AJ Fix Oy,Osakeyhtiö,"Viilukatu 11, 18100 Heinola",Heinola,ilmainen
1798124-7,Autohuolto Kaijala & Kuittinen Oy,Osakeyhtiö,"Kettukalliontie 17, 87100 Kajaani",Kajaani,ilmainen
1799344-0,T&J Automaalaus ja kolarikorjaus Avoin yhtiö,Avoin yhtiö,"Pajantie 1, 60100 Seinäjoki",Seinäjoki,ilmainen
1799498-8,Autokorjaamo H & J Vepsäläinen Oy,Osakeyhtiö,"Ratamotie 64, 90800 Oulu",Oulu,ilmainen
1799613-1,Ville Nikkanen Oy,Osakeyhtiö,"Mustamäentie 84, 24910 Halikko As",Halikko As,ilmainen
1801872-7,JOKAJY-TRADING OY,Osakeyhtiö,"Pranglintie 2 B, 02480 Kirkkonummi",Kirkkonummi,ilmainen
1804319-9,Härmän JM Auto Ky,Kommandiittiyhtiö,"Yllinkuja 8, 62300 Härmä",Härmä,ilmainen
1809235-3,Carlife-Center Ky,Kommandiittiyhtiö,"Artturintie 12-14 F, 36220 Kangasala",Kangasala,ilmainen
1815631-0,Skullbacka Verkstad Ab,Osakeyhtiö,"Skullbackavägen 105, 68700 Teerijärvi",Teerijärvi,ilmainen
1816366-8,USA & EURO CAR SERVICE KY,Kommandiittiyhtiö,"Marttiinintie 5, 96300 Rovaniemi",Rovaniemi,ilmainen
1818815-2,JPM Ykkösfix Ky,Kommandiittiyhtiö,"Tervahovintie 11, 90520 Oulu",Oulu,ilmainen
1819838-5,VE-HE OY,Osakeyhtiö,"Revontulentie 2, 93600 Kuusamo",Kuusamo,ilmainen
1821751-5,Truck Service Saku Sirkkunen Oy,Osakeyhtiö,"Sepänkuja 11 A, 54500 Taavetti",Taavetti,ilmainen
1821942-2,Fun Motors Avoin Yhtiö,Avoin yhtiö,"Varstakatu 8, 48720 Kotka",Kotka,ilmainen
1823228-0,Sata Pinta Oy,Osakeyhtiö,"Uunikatu 7, 28610 Pori",Pori,ilmainen
1823264-3,JAIRES STEEL OY,Osakeyhtiö,"Pohjanpolku 3-7, 44800 Pihtipudas",Pihtipudas,ilmainen
1825550-3,Autokorjaamo Koskela Oy,Osakeyhtiö,"Viertolantie 2, 00730 Helsinki",Helsinki,ilmainen
1830963-9,Alakaari Oy,Osakeyhtiö,"Voltintie 431, 62310 Voltti",Voltti,ilmainen
1832714-0,Miekka Oy,Osakeyhtiö,"Keiholehdentie 6, 01300 Vantaa",Vantaa,ilmainen
1833021-9,Jouko Korkeakangas Oy,Osakeyhtiö,"Talvilahdentie 7, 41800 Korpilahti",Korpilahti,ilmainen
1834013-4,Toivalan Auto Oy,Kommandiittiyhtiö,"Sammontie 3, 70900 Toivala",Toivala,ilmainen
1835175-7,Päivän Huolto Oy,Osakeyhtiö,"Metsäkaari 10, 45740 Kuusankoski",Kuusankoski,ilmainen
1837315-5,Kujanpään Autokorjaamo Oy,Osakeyhtiö,"Rannanjärventie 21, 62375 Ylihärmä",Ylihärmä,ilmainen
1839396-5,Ha-Ka Kemppainen Oy,Osakeyhtiö,"Niileksenkuja 4, 43270 Kalmari",Kalmari,ilmainen
1841056-9,Pesukopla Oy,Osakeyhtiö,"Terminaalitie 8, 90400 Oulu",Oulu,ilmainen
1842201-7,Auto-Profix Oy,Kommandiittiyhtiö,"Takojantie 1, 90420 Oulu",Oulu,ilmainen
1843384-0,PK-Center Oy,Osakeyhtiö,"Polvimäentie 10, 73120 Nerkoo",Nerkoo,ilmainen
1844916-4,Mäntsälän Carpojat Oy,Osakeyhtiö,"Maisalantie 11, 04600 Mäntsälä",Mäntsälä,ilmainen
1846814-6,Creabit Oy,Osakeyhtiö,"Rörstrandinkatu 5 A, 00560 Helsinki",Helsinki,ilmainen
1847319-9,Vantaan Pesumesta Oy,Osakeyhtiö,"Kalajärvenranta 7, 02970 Espoo",Espoo,ilmainen
1847701-8,KS Worksystems Ky,Kommandiittiyhtiö,"Torikatu 6 A, 24100 Salo",Salo,ilmainen
1847856-3,Pro Dyno Systems avoin yhtiö,Avoin yhtiö,"Niittajaantie 16, 26820 Rauma",Rauma,ilmainen
1847933-9,Automaalaamo Hannu Heinonen Oy,Osakeyhtiö,"Haukantie 115, 23800 Laitila",Laitila,ilmainen
1848557-9,V & M Pika-Apu Oy,Osakeyhtiö,"Litukankatu 10, 37120 Nokia",Nokia,ilmainen
1848765-4,A-Ykkönen Oy,Osakeyhtiö,"Pajatie 7, 07560 Pukkila",Pukkila,ilmainen
1849653-4,Janne Nevalainen Oy,Osakeyhtiö,"Hernelahdentie 1, 75530 Nurmes",Nurmes,ilmainen
1850097-8,Teräs NEK Oy,Osakeyhtiö,"Kuormurintie 20, 93600 Kuusamo",Kuusamo,ilmainen
1851585-4,Karkkilan Autohuolto Oy,Osakeyhtiö,"Yrittäjäntie 39, 03600 Karkkila",Karkkila,ilmainen
1853087-8,AD Auto- ja Konekeskus Oy,Osakeyhtiö,"Haavikonkatu 4, 38700 Kankaanpää",Kankaanpää,ilmainen
1855311-3,Hirvonen ja Pojat Oy,Osakeyhtiö,"Hasselblattintie 5, 07810 Ingermaninkylä",Ingermaninkylä,ilmainen
1855513-5,Welkin Ky,Kommandiittiyhtiö,"Suojärventie 23, 04740 Sälinkää",Sälinkää,ilmainen
1855881-1,Vilppulan Autohuolto Oy,Osakeyhtiö,"Sorakuja 2, 35700 Vilppula",Vilppula,ilmainen
1858859-4,Autokorjaamo Ant-Auto Ky,Avoin yhtiö,"Hakaniemenranta 10, 00530 Helsinki",Helsinki,ilmainen
1858916-7,Kokkolan Automaalaamo Oy Jaakko Luoto,Osakeyhtiö,"Asentajantie 9, 67600 Kokkola",Kokkola,ilmainen
1859137-1,DD Carwash Oy,Osakeyhtiö,00931 Helsinki,Helsinki,ilmainen
1861835-1,Uusimaan Autohuolto Oy,Osakeyhtiö,"Hitsaajantie 7 A, 06450 Porvoo",Porvoo,ilmainen
1861941-8,MP-Asennus.com Oy,Osakeyhtiö,"Heinäsuontie 1530, 25320 Raatala",Raatala,ilmainen
1862435-6,Koneurakointi Aaltonen Oy,Avoin yhtiö,"Semminkatu 3, 38770 Lohikko",Lohikko,ilmainen
1862587-7,Koillisen Jet&Jib Oy,Osakeyhtiö,"Ankkurikatu 2 C, 06100 Porvoo",Porvoo,ilmainen
1863792-3,Maken Maalaus Oy,Osakeyhtiö,"Kiltintie 1b, 13130 Hämeenlinna",Hämeenlinna,ilmainen
1867151-5,Automaalaamo & huolto Kirjavainen Oy,Osakeyhtiö,"Mekaanikonkatu 19, 00880 Helsinki",Helsinki,ilmainen
1867974-4,Autohuolto Ari Anttila Oy,Osakeyhtiö,"Polttimonkuja 4, 42100 Jämsä",Jämsä,ilmainen
1869085-5,MR-Auto Oy,Kommandiittiyhtiö,"Tiilitie 4, 15560 Nastola",Nastola,ilmainen
1870087-3,Helsingin Automaalaamo Oy,Osakeyhtiö,"Hernepellonkuja 2, 00560 Helsinki",Helsinki,ilmainen
1871453-8,Konemexut Oy,Osakeyhtiö,"Hallitie 16, 96320 Rovaniemi",Rovaniemi,ilmainen
1871596-0,Salmi-Yhtiöt Oy,Osakeyhtiö,"Kustaantie 9, 23100 Mynämäki",Mynämäki,ilmainen
1872427-7,Arskan Kone Oy,Osakeyhtiö,"Hatuntie 50 C, 82900 Ilomantsi",Ilomantsi,ilmainen
1872510-6,KaSiLe Oy,Osakeyhtiö,"Ruusulantie 5, 28330 Pori",Pori,ilmainen
1873093-3,Forssan Autosähkö Oy,Osakeyhtiö,"Mäntyläntie 3 A, 30300 Forssa",Forssa,ilmainen
1874578-0,Triosol Oy,Osakeyhtiö,"Vanjärventie 692, 03400 Vihti",Vihti,ilmainen
1874798-9,JR Rekkahuolto Oy,Osakeyhtiö,"Rahtikatu 1, 80100 Joensuu",Joensuu,ilmainen
1876235-3,MapTun Finland Ky,Kommandiittiyhtiö,"Heikkerintie 51, 54820 Kotimäki",Kotimäki,ilmainen
1878155-4,Noviaali Hyötyajoneuvot Oy,Osakeyhtiö,"Laaksotie 39 A, 01390 Vantaa",Vantaa,ilmainen
1878560-0,Auto-Air Oy,Osakeyhtiö,"Onkijärventie 88, 16510 Luhtikylä",Luhtikylä,ilmainen
1878625-9,Nummelan Autohuolto Oy,Osakeyhtiö,"Asemantie 25, 03100 Nummela",Nummela,ilmainen
1878951-3,Konekorjaus ja Maalaus Laukkanen Ky,Kommandiittiyhtiö,"Ruolankatu 8 h, 15150 Lahti",Lahti,ilmainen
1879077-6,Syltin Ky,Kommandiittiyhtiö,"Hakatie 14, 04130 Sipoo",Sipoo,ilmainen
1880812-0,Konehuolto Heikola avoin yhtiö,Avoin yhtiö,"Napparintie 16, 32800 Kokemäki",Kokemäki,ilmainen
1881136-2,Vantaan Autokorjaamo Oy,Osakeyhtiö,"Tatti 11 b, 00760 Helsinki",Helsinki,ilmainen
1882782-3,Mototrim Oy,Osakeyhtiö,"Ajajantie 8, 70780 Kuopio",Kuopio,ilmainen
1883788-8,JTP-Team Ky,Kommandiittiyhtiö,"Kalervonkatu 13, 50130 Mikkeli",Mikkeli,ilmainen
1884983-8,J.JV - BIL Ky,Kommandiittiyhtiö,"Tuomikuja 3, 31400 Somero",Somero,ilmainen
1885364-2,TR-Consulting Ky,Kommandiittiyhtiö,"Nevakatu 1, 40340 Jyväskylä",Jyväskylä,ilmainen
1887121-8,Timo Vesala Ky,Kommandiittiyhtiö,"Vähtärintie 1, 62800 Vimpeli",Vimpeli,ilmainen
1887755-6,Automaalaamo Ilkka Pesonen Ky,Kommandiittiyhtiö,"Rahtitie 7, 50100 Mikkeli",Mikkeli,ilmainen
1889145-4,Jouni Hakamäki Oy,Osakeyhtiö,"Perkiöntie 11, 21410 Vanhalinna",Vanhalinna,ilmainen
1892680-5,City Car Wash Oy,Osakeyhtiö,"Mikonkiventie 50, 57310 Savonlinna",Savonlinna,ilmainen
1895115-4,Haukivuoren Auto- ja Konekorjaamo Oy,Osakeyhtiö,"Rautakatu 16, 51600 Haukivuori",Haukivuori,ilmainen
1896423-8,Pakutalli Oy,Osakeyhtiö,"Varastoympyrä 10, 46860 Keltakangas",Keltakangas,ilmainen
1897284-4,Hämeen Autoehostus Oy,Osakeyhtiö,"Parolantie 72, 13130 Hämeenlinna",Hämeenlinna,ilmainen
1903942-3,DG Service Oy,Osakeyhtiö,"Pedersinkuja 1, 02400 Kirkkonummi",Kirkkonummi,ilmainen
1906384-5,Verkstan W & R Ab Oy,Avoin yhtiö,"Industrivägen 5, 68500 Kruunupyy",Kruunupyy,ilmainen
1906511-1,Woodcar Oy,Osakeyhtiö,"Varvikontie 12, 42100 Jämsä",Jämsä,ilmainen
1907374-4,A&H Autohuolto Oy,Avoin yhtiö,"Sammontie 20, 28360 Pori",Pori,ilmainen
1907637-1,Autohuolto Cool Special Ky,Kommandiittiyhtiö,"Ruohokarintie 13, 95420 Tornio",Tornio,ilmainen
1907771-0,A. Kotila Oy,Osakeyhtiö,"Pajakatu 9, 92150 Raahe",Raahe,ilmainen
1907963-6,NP Asennus Oy,Osakeyhtiö,"Puntaankuja 1, 49490 Neuvoton",Neuvoton,ilmainen
1908783-9,"Autmet, avoin yhtiö",Avoin yhtiö,"Kelohongantie 1, 62100 Lapua",Lapua,ilmainen
1909574-0,Indolan automaalaamo Oy,Osakeyhtiö,"Rajaniitynpolku 6, 67600 Kokkola",Kokkola,ilmainen
1910240-2,TQ-Auto Oy,Osakeyhtiö,"Allastie 4, 21200 Raisio",Raisio,ilmainen
1911579-9,Lohjan Autosähkö Oy,Osakeyhtiö,"Pajakatu 10 D, 08150 Lohja",Lohja,ilmainen
1912052-0,CNC-Laserleikkaus Oy,Osakeyhtiö,"Haapakuja 2 A, 01360 Vantaa",Vantaa,ilmainen
1912487-1,Kouvolan Truck Service Oy,Osakeyhtiö,"Pytäränkatu 3, 45130 Kouvola",Kouvola,ilmainen
1912767-7,Liedon Car-Color Oy,Osakeyhtiö,"Jukantie 8, 21530 Paimio",Paimio,ilmainen
1914640-5,JS-Service ky,Kommandiittiyhtiö,"Mäkikatu 4, 45200 Kouvola",Kouvola,ilmainen
1916056-5,Rekolan Auto- ja rengashuolto Oy,Osakeyhtiö,"Rekolantie 60, 01400 Vantaa",Vantaa,ilmainen
1916399-3,Kannuksen Kuljetustekniikka Oy,Osakeyhtiö,"Lammasojantie 6, 69100 Kannus",Kannus,ilmainen
1916656-1,PHT-Speed Oy,Osakeyhtiö,"Tekijänkatu 11 B, 04440 Järvenpää",Järvenpää,ilmainen
1917646-0,H. Tuomivaara Oy,Osakeyhtiö,"Ojamäentie 23, 96900 Saarenkylä",Saarenkylä,ilmainen
1918693-3,Autosähkö Vesteri Oy,Osakeyhtiö,"Vesterintie 2, 63100 Kuortane",Kuortane,ilmainen
1918743-4,Suomen Autotuonti Oy,Osakeyhtiö,"Liitoskatu 16, 24260 Salo",Salo,ilmainen
1920645-5,Fix Station Oy,Kommandiittiyhtiö,"Ketunniementie 10, 50130 Mikkeli",Mikkeli,ilmainen
1923599-3,Auto- ja Kolarikorjaus Latvakoski avoin yhtiö,Avoin yhtiö,"Arvolantie 292, 85820 Oksava",Oksava,ilmainen
1924211-4,Auto-Kaihula Oy,Osakeyhtiö,"Huhtakatu 12, 37600 Valkeakoski",Valkeakoski,ilmainen
1924544-6,Jonasson Oy,Osakeyhtiö,"Elovainiontie 4, 33470 Ylöjärvi",Ylöjärvi,ilmainen
1925072-0,S. Martiskainen Oy,Osakeyhtiö,"Aholaidantie 7, 80260 Joensuu",Joensuu,ilmainen
1925200-5,Autohuolto Weurlander Oy,Osakeyhtiö,"Ratastie 7, 03100 Nummela",Nummela,ilmainen
1925205-6,Espoon Pesupalvelu Ky,Kommandiittiyhtiö,"Isoniitynkuja 2, 02270 Espoo",Espoo,ilmainen
1925576-7,AUTOHUOLTO PERTTULA KY,Kommandiittiyhtiö,"Yrittäjäntie 13, 06450 Porvoo",Porvoo,ilmainen
1928453-3,Automaalaamo Julkunen Oy,Osakeyhtiö,"Tietotaajamankehä 19, 04300 Tuusula",Tuusula,ilmainen
1929429-9,Konepari Oy,Osakeyhtiö,"Asunmaantie 41, 63300 Alavus",Alavus,ilmainen
1931382-4,TM-Autopalvelu Oy,Osakeyhtiö,"Säkkitie 4, 40320 Jyväskylä",Jyväskylä,ilmainen
1931635-5,Truck Service Finland Oy,Osakeyhtiö,"Otsotie 2 B, 01900 Nurmijärvi",Nurmijärvi,ilmainen
1932800-6,HA-Autopilotti Oy,Osakeyhtiö,"Riukutie 4 B, 00390 Helsinki",Helsinki,ilmainen
1933038-4,Ylämaan Auto Oy,Avoin yhtiö,"Ahjokatu 26, 40320 Jyväskylä",Jyväskylä,ilmainen
1933195-0,TLI-Ehostus Oy,Osakeyhtiö,"Yllityntie 20, 13720 Parola",Parola,ilmainen
1933555-6,LTM-Koneet Oy,Osakeyhtiö,"Hopeatie 2 B, 33470 Ylöjärvi",Ylöjärvi,ilmainen
1934743-4,JK Paintline Oy,Osakeyhtiö,"Alakorkalontie 46, 96300 Rovaniemi",Rovaniemi,ilmainen
1935486-1,Autosähkö Karvonen Ky,Kommandiittiyhtiö,"Kortekuja 1, 41520 Hankasalmi",Hankasalmi,ilmainen
1935854-7,Palokan Autohuolto ky,Kommandiittiyhtiö,"Helmintie 3 C, 40250 Jyväskylä",Jyväskylä,ilmainen
1938732-1,Calonius Motor Sport Oy,Kommandiittiyhtiö,"Vähäteutarintie 386, 08700 Lohja",Lohja,ilmainen
1939035-2,Jan Ankelo Ky,Kommandiittiyhtiö,32201 Loimaa,Loimaa,ilmainen
1940318-4,Kuljetuspuoliperä kommandiittiyhtiö,Kommandiittiyhtiö,"Jarru 3 A, 40320 Jyväskylä",Jyväskylä,ilmainen
1940510-4,"Jarin Vene, Kone ja Työ Ky",Kommandiittiyhtiö,"Rytyntie 3 B, 30300 Forssa",Forssa,ilmainen
1943164-4,E. Rantakokko Ky,Kommandiittiyhtiö,"Nulusniementie 203, 99300 Muonio",Muonio,ilmainen
1943887-0,Sapone Oy,Osakeyhtiö,"Tekijänkatu 14, 04440 Järvenpää",Järvenpää,ilmainen
1944525-3,Sorvos Oy,Osakeyhtiö,"Linnankatu 25 A, 57130 Savonlinna",Savonlinna,ilmainen
1946727-6,Karelandia Oy,Osakeyhtiö,"Läntinen Teollisuuskatu 21 B, 02920 Espoo",Espoo,ilmainen
1949895-3,Autokorjaamo Leino Oy,Osakeyhtiö,"Hallitie 1, 99600 Sodankylä",Sodankylä,ilmainen
1951879-0,Lepi Oy,Osakeyhtiö,"Asematie 7, 69100 Kannus",Kannus,ilmainen
1952780-6,Tampereen Kone-Pyörä Oy,Osakeyhtiö,"Elotie 6, 33470 Ylöjärvi",Ylöjärvi,ilmainen
1953109-8,Veljekset Antin Auto Oy,Osakeyhtiö,"Yhdystie 3, 60100 Seinäjoki",Seinäjoki,ilmainen
1953719-0,C&I Service Ky,Kommandiittiyhtiö,"Yrittäjäntie 5, 06450 Porvoo",Porvoo,ilmainen
1956249-2,Miracle Team Oy,Osakeyhtiö,"Mestarintie 14 F, 04500 Kellokoski",Kellokoski,ilmainen
1957046-8,Janne Mäkynen Ky,Kommandiittiyhtiö,"Lehtosentie 3, 63600 Töysä",Töysä,ilmainen
1957370-6,Kuljetus Järvistö Oy,Osakeyhtiö,"Valkiavuorentie 2, 60550 Nurmo",Nurmo,ilmainen
1957637-6,Metsolan autopalvelu Ky,Kommandiittiyhtiö,"Huoltokatu 4, 48220 Kotka",Kotka,ilmainen
1959015-1,Veljekset Saikka avoin yhtiö,Avoin yhtiö,"Hopunkatu 8, 38200 Sastamala",Sastamala,ilmainen
1959676-4,Automaalaamo Karit Oy,Osakeyhtiö,"Ahojonkatu 4, 10960 Hanko Pohjoinen",Hanko Pohjoinen,ilmainen
1960448-8,Nivalan Autopaja Oy,Osakeyhtiö,"Kalliontie 40, 85500 Nivala",Nivala,ilmainen
1960743-5,L V Tatu Oy,Osakeyhtiö,"Aittokoskentie 556, 74300 Sonkajärvi",Sonkajärvi,ilmainen
1961841-7,Revonpaja Ky,Kommandiittiyhtiö,"Repolantie 18, 83900 Juuka",Juuka,ilmainen
1964139-3,Oleksi Auto Oy,Osakeyhtiö,"Heinäpellontie 36 C, 00700 Helsinki",Helsinki,ilmainen
1964186-0,DK-Maxi Ky,Avoin yhtiö,"Kaarikuja 1 A, 00940 Helsinki",Helsinki,ilmainen
1964436-7,Auto-Inspect Finland Oy,Osakeyhtiö,"Tullisilta 2, 07920 Loviisa",Loviisa,ilmainen
1964758-4,Suomussalmen Raskaskone Oy,Osakeyhtiö,"Siikarannantie 7, 89600 Suomussalmi",Suomussalmi,ilmainen
1964789-1,Giganetti Ky,Kommandiittiyhtiö,"Vanhatie 4, 54100 Joutseno",Joutseno,ilmainen
1964975-8,Autokorjaamo Karppinen & Åman Oy,Osakeyhtiö,"Syväojankatu 19, 87700 Kajaani",Kajaani,ilmainen
1965282-6,AutoDent Oy,Osakeyhtiö,"Vähäntuvantie 1a lh., 00390 Helsinki",Helsinki,ilmainen
1965630-9,Kosonen & Paajanen,Avoin yhtiö,"Kuutostie 4049, 59510 Saari",Saari,ilmainen
1966055-1,Autotronix Finland OY,Osakeyhtiö,"Asilantie 6, 51740 Huuhanaho",Huuhanaho,ilmainen
1967899-7,Automaalaamo Liimatta Ky,Kommandiittiyhtiö,"Nauskankatu 7, 94100 Kemi",Kemi,ilmainen
1968039-2,Ky Entretek Kb,Kommandiittiyhtiö,"Adlercreutzgatan 17, 06100 Porvoo",Porvoo,ilmainen
1968097-4,Turun Telipalkki Oy,Osakeyhtiö,"Haartmaninkatu 3 A, 20320 Turku",Turku,ilmainen
1971586-6,Service L.Backman Oy/Ab,Osakeyhtiö,"Mjölnaregatan 15, 65100 Vaasa",Vaasa,ilmainen
1972865-9,Tiinan Automaalaamo avoin yhtiö,Avoin yhtiö,"Karhintie 610, 12240 Hikiä",Hikiä,ilmainen
1973310-8,PM Tradecon Oy,Osakeyhtiö,"Seppäläntie 91, 84880 Ylivieska",Ylivieska,ilmainen
1974559-8,Jouko Vesterbacka Oy,Osakeyhtiö,"Käikiäntie 73, 14500 Iittala",Iittala,ilmainen
1974595-0,JRJ-PAJA OY,Osakeyhtiö,"Perävainiontie 8, 73120 Nerkoo",Nerkoo,ilmainen
1975466-2,Oy J&E Reparation och Servicetjänster Ab,Osakeyhtiö,"Maskingränd 6, 10620 Tammisaari",Tammisaari,ilmainen
1975873-5,Iso-Syöte Auto ja Rengas Oy,Osakeyhtiö,"Ouluntie 28, 93400 Taivalkoski",Taivalkoski,ilmainen
1976440-6,Sydänkangas Oy,Osakeyhtiö,"Yrittäjäntie 11, 45360 Valkeala",Valkeala,ilmainen
1978769-1,Ted's Garage Oy,Osakeyhtiö,"Suomalaistentie 5, 02270 Espoo",Espoo,ilmainen
1980017-1,Enova Group Oy,Osakeyhtiö,"Rintamäentanhua 5 B, 02770 Espoo",Espoo,ilmainen
1981021-4,Porin Huoltocenter Oy,Osakeyhtiö,"Hyveläntie 26, 28200 Pori",Pori,ilmainen
1981049-2,FIN-turbo Oy,Osakeyhtiö,"Lumitie 7, 70700 Kuopio",Kuopio,ilmainen
1983603-5,TK Carfix Kommandiittiyhtiö,Avoin yhtiö,"Ruostesuontie 2 A, 93600 Kuusamo",Kuusamo,ilmainen
1985309-7,Oy Ulf Stenströms bilmåleri Ab,Osakeyhtiö,"Nykullavägen 98, 06200 Porvoo",Porvoo,ilmainen
1987350-6,Saretech Oy,Osakeyhtiö,"Vanha Veckjärventie 214, 06200 Porvoo",Porvoo,ilmainen
1988002-8,Nordtrade Oy,Osakeyhtiö,"Valiontie 4, 94450 Keminmaa",Keminmaa,ilmainen
1988752-9,MP-Control Oy,Osakeyhtiö,"Rajamaankuja 4 D, 02970 Espoo",Espoo,ilmainen
1990412-2,Oy Kokkolan Moottorihiomo Ab,Osakeyhtiö,"Vasarakuja 4, 67100 Kokkola",Kokkola,ilmainen
1991464-6,Hamroni Oy,Osakeyhtiö,"Hoiskantie 16, 61300 Kurikka",Kurikka,ilmainen
1991806-5,Pukema Engineering Oy,Osakeyhtiö,"Salonsalmentie 2, 90460 Oulunsalo",Oulunsalo,ilmainen
1991829-2,Haminan Autoapu Oy,Osakeyhtiö,"Korjaamontie 12, 49400 Hamina",Hamina,ilmainen
1995611-7,Sometime Racing osk,Osuuskunta,"Juhanintie 31 as., 65300 Vaasa",Vaasa,ilmainen
1997502-7,Karhuline Ky,Kommandiittiyhtiö,"Honkatie 2, 16300 Orimattila",Orimattila,ilmainen
1998828-2,Jag-Finn Oy,Osakeyhtiö,"Juvan Teollisuuskatu 24, 02920 Espoo",Espoo,ilmainen
1999919-2,AutoSlava Oy,Osakeyhtiö,"Tiilenvalajantie 6, 02330 Espoo",Espoo,ilmainen
2001419-4,AMW Dynoservice avoin yhtiö,Avoin yhtiö,"Vihtolantie 37, 53650 Lappeenranta",Lappeenranta,ilmainen
2002773-7,JP Automaalaamo Oy,Osakeyhtiö,"Teollisuustie 8, 93100 Pudasjärvi",Pudasjärvi,ilmainen
2008549-4,OmniRaurin Oy,Osakeyhtiö,"Rydöntie 12 B, 20360 Turku",Turku,ilmainen
2008580-6,Hiomo Kantanen Oy,Osakeyhtiö,"Kankitie 8, 40320 Jyväskylä",Jyväskylä,ilmainen
2009112-2,Uudenmaan Carpojat Oy,Osakeyhtiö,"Wärtsilänkatu 14, 04410 Järvenpää",Järvenpää,ilmainen
2009535-0,CW Services Oy,Osakeyhtiö,"Susikuja 15, 04130 Sipoo",Sipoo,ilmainen
2009790-3,Kantolan Auto ja MP Huolto avoin yhtiö,Avoin yhtiö,"Luukkaankatu 7, 13110 Hämeenlinna",Hämeenlinna,ilmainen
2010837-7,Autopesto Oy,Osakeyhtiö,"Hevosenkenkä 16, 28430 Pori",Pori,ilmainen
2013115-5,Automaalaamo Tuomo Haapiainen Ky,Kommandiittiyhtiö,"Pomonkatu 2, 50100 Mikkeli",Mikkeli,ilmainen
2015217-5,Tasan Huolto Oy,Osakeyhtiö,"Ahjokatu 24, 40320 Jyväskylä",Jyväskylä,ilmainen
2015912-3,Motomer Oy,Osakeyhtiö,"Ankeriaankuja 8 B, 02260 Espoo",Espoo,ilmainen
2016075-7,Kaskelan Racing Team Oy,Osakeyhtiö,"Jarrutie 1, 00770 Helsinki",Helsinki,ilmainen
2016498-5,Eteläkärjen Automaalaamo Oy,Osakeyhtiö,"Vapaasatama, 10900 Hanko",Hanko,ilmainen
2017500-0,Truck Color Olli Poskiparta Ky,Kommandiittiyhtiö,"Suokkaantie 10, 32800 Kokemäki",Kokemäki,ilmainen
2018212-0,PORIN KONEHUOLTO OY,Osakeyhtiö,"Mikkolantie 14, 28130 Pori",Pori,ilmainen
2018818-6,R-yhtiöt Oy,Osakeyhtiö,"Kiltintie 6, 13130 Hämeenlinna",Hämeenlinna,ilmainen
2020249-4,VJP Transport Oy,Osakeyhtiö,"Kielomäentie 10, 95420 Tornio",Tornio,ilmainen
2020728-7,Jokilaakson Autohuolto Oy,Osakeyhtiö,"Paavolankatu 4, 42100 Jämsä",Jämsä,ilmainen
2020848-2,Haminan Seudun Auto Ky,Kommandiittiyhtiö,"Kisällinkatu 17, 48770 Kotka",Kotka,ilmainen
2022782-7,Kronholms Plåt & Bilmåleri Kb,Kommandiittiyhtiö,"Tobyvägen 533 D, 65520 Helsingby",Helsingby,ilmainen
2023405-8,Precision Install Kallio Oy,Osakeyhtiö,"Pärkäntie 6, 27230 Lappi",Lappi,ilmainen
2024673-7,Valkon Verstas Oy,Kommandiittiyhtiö,"Retkentie 72, 23840 Soukainen",Soukainen,ilmainen
2025103-4,HV-Kone Oy,Osakeyhtiö,"Viinikankaari 2 B, 01530 Vantaa",Vantaa,ilmainen
2026755-4,Sorsasalon Huolto ja Varastointi Oy,Osakeyhtiö,"Lukkosalmentie 18, 70420 Kuopio",Kuopio,ilmainen
2027454-3,Autokorjaamo Timantti Team Oy,Osakeyhtiö,"Kellolahdentie 9, 70460 Kuopio",Kuopio,ilmainen
2028257-8,Charter Muurinen Oy,Osakeyhtiö,"Autokatu 9 B, 20380 Turku",Turku,ilmainen
2029798-0,MH-Turva Oy,Osakeyhtiö,"Rauhantie 3, 37470 Vesilahti",Vesilahti,ilmainen
2031629-9,Markku ja Riitta Seikkula Ky,Kommandiittiyhtiö,"Pajatie 2, 21530 Paimio",Paimio,ilmainen
2033509-4,AT Automaalaamo Oy,Osakeyhtiö,"Muonamiehentie 12, 00390 Helsinki",Helsinki,ilmainen
2034700-1,Proflex Oy,Osakeyhtiö,"Hevoshaantie 1, 64100 Kristiinankaupunki",Kristiinankaupunki,ilmainen
2035572-2,"Huotarit Oy, Huotarin Korjaamo",Avoin yhtiö,"Polvikankaantie 188, 90630 Oulu",Oulu,ilmainen
2036461-0,A-moottori Oy,Osakeyhtiö,"Hämeentie 103 A, 00550 Helsinki",Helsinki,ilmainen
2040967-1,Tradecom OY,Osakeyhtiö,"Kaimalantie 70, 21530 Paimio",Paimio,ilmainen
2042101-3,Kittilän Autopeltikorjaamo ja Maalaamo Oy,Osakeyhtiö,"Ryttytie 13, 99100 Kittilä",Kittilä,ilmainen
2042420-6,Aallon auto- ja konekorjaamo Ky,Kommandiittiyhtiö,"Kaasmannintie 8, 29900 Merikarvia",Merikarvia,ilmainen
2043308-1,STEELJET OY,Osakeyhtiö,"Jänkäläntie 35, 94460 Tornio",Tornio,ilmainen
2043929-9,Autolasi Alander Oy,Osakeyhtiö,"Vinkvistintie 4 A, 04600 Mäntsälä",Mäntsälä,ilmainen
2045705-9,Kone-Heino Oy,Osakeyhtiö,"Koskueentie 9, 19700 Sysmä",Sysmä,ilmainen
2048561-5,Motorbit Oy,Osakeyhtiö,"Högberginhaara 11, 04360 Tuusula",Tuusula,ilmainen
2050749-0,Forssan Auto Race Oy,Osakeyhtiö,"Jokioistentie 220, 30420 Forssa",Forssa,ilmainen
2053137-8,Huittisten Specialmotors Oy,Osakeyhtiö,"Autokatu 6, 32700 Huittinen",Huittinen,ilmainen
2055740-4,Autokorjaamo Pispalan Autot Oy,Osakeyhtiö,"Sellukatu 17, 33400 Tampere",Tampere,ilmainen
2056550-0,Blue Cross Oy,Osakeyhtiö,"Korppaanmäentie 21 B, 00300 Helsinki",Helsinki,ilmainen
2057204-9,VBros Oy,Osakeyhtiö,"Miinantie 9, 75530 Nurmes",Nurmes,ilmainen
2061591-8,Autokorikorjaus MT Oy,Osakeyhtiö,"Haijalantie 4, 03810 Ikkala",Ikkala,ilmainen
2062752-1,JT-Varustepalvelut Oy,Osakeyhtiö,"Mattilantie 5, 13100 Hämeenlinna",Hämeenlinna,ilmainen
2063311-2,Backman Yhtymä Oy,Osakeyhtiö,"Kauppatie 24, 91100 Ii",Ii,ilmainen
2064838-1,Suomen Korjaamolaitteiden Huoltopalvelut Oy,Osakeyhtiö,"Jouttikummunlenkki 71, 96700 Rovaniemi",Rovaniemi,ilmainen
2065210-2,Etelän Autohuolto Oy,Osakeyhtiö,"Yrittäjäntie 5, 01800 Klaukkala",Klaukkala,ilmainen
2066203-6,UM Transport Ab,Osakeyhtiö,"Lillmaarsvägen 29, 66200 Korsnäs",Korsnäs,ilmainen
2066372-5,Tommi Kokkoniemi Oy,Osakeyhtiö,"Kotikujantie 30, 90900 Kiiminki",Kiiminki,ilmainen
2066654-7,Saimaan Kansityö Ky,Kommandiittiyhtiö,"Lammintie 10, 56510 Puntala",Puntala,ilmainen
2067872-4,XW Consulting Oy,Osakeyhtiö,"Kuikankuja 2, 01800 Klaukkala",Klaukkala,ilmainen
2067945-2,Runkotie Oy,Osakeyhtiö,"Teollisuustie 33, 60100 Seinäjoki",Seinäjoki,ilmainen
2068015-4,Autoasennus T. Savolainen Ky,Kommandiittiyhtiö,"Pulttikatu 3, 50170 Mikkeli",Mikkeli,ilmainen
2068163-2,Cargo Fix Oy,Osakeyhtiö,"Halmekuja 2, 01360 Vantaa",Vantaa,ilmainen
2068265-1,Automaalaamo J.Fix Oy,Osakeyhtiö,"Rajaniitynpolku 8, 67600 Kokkola",Kokkola,ilmainen
2073384-2,Verktygslåda Oy,Osakeyhtiö,"Keskustie 29, 61800 Kauhajoki",Kauhajoki,ilmainen
2073420-4,Avirol Oy,Osakeyhtiö,01511 Vantaa,Vantaa,ilmainen
2073534-6,Mikan Asentamo Oy,Osakeyhtiö,"Ahjokatu 6, 40320 Jyväskylä",Jyväskylä,ilmainen
2077711-6,Autohuolto Miksa Oy,Osakeyhtiö,"Teollisuustie, 93100 Pudasjärvi",Pudasjärvi,ilmainen
2079705-3,JOPI MOTORS OY,Osakeyhtiö,"Saarelantie 150, 44330 Hytölä",Hytölä,ilmainen
2080530-8,Pekant Oy,Osakeyhtiö,"Pikkukiventie 5, 90620 Oulu",Oulu,ilmainen
2081699-8,Pettix Oy,Osakeyhtiö,00000 Osoite Tuntematon,Osoite Tuntematon,ilmainen
2082351-4,Speedwheels Oy,Osakeyhtiö,"Alaniitynkatu 12, 53100 Lappeenranta",Lappeenranta,ilmainen
2082660-0,Tuunela Motorsport Ky,Kommandiittiyhtiö,"Huutokalliontie 3, 74140 Iisalmi",Iisalmi,ilmainen
2083211-1,Speed-Matic Ky,Kommandiittiyhtiö,"Satamatie 6 as., 21100 Naantali",Naantali,ilmainen
2084516-6,Vammalan Autosähkö Oy,Osakeyhtiö,"Erhonkatu 4, 38200 Sastamala",Sastamala,ilmainen
2084548-1,RJV Autohuolto Oy,Osakeyhtiö,"Mekaanikonkatu 7, 00880 Helsinki",Helsinki,ilmainen
2085300-0,Huoltoasema Välkkyset Avoin yhtiö,Avoin yhtiö,"Koulutie 1, 14200 Turenki",Turenki,ilmainen
2085761-8,JS-Auto Oy,Osakeyhtiö,"Eteläkatu 12 B, 53500 Lappeenranta",Lappeenranta,ilmainen
2087736-0,Kone-Kauppi Oy,Osakeyhtiö,"Metallitie 1, 26100 Rauma",Rauma,ilmainen
2090343-4,Kukkusteel Ky,Kommandiittiyhtiö,"Kukkukankaantie 3, 62100 Lapua",Lapua,ilmainen
2090454-1,Suomen Bussihuolto Oy,Osakeyhtiö,"Yrittäjäntie 47, 03600 Karkkila",Karkkila,ilmainen
2091373-9,Jarfin Oy,Osakeyhtiö,"Tulikallionkatu 4 A, 15170 Lahti",Lahti,ilmainen
2092001-5,Ha-Fix Oy,Osakeyhtiö,"Takkatie 7 C, 00370 Helsinki",Helsinki,ilmainen
2092184-3,Koillismaan Metallipaja Oy,Osakeyhtiö,"Haaraniementie 10, 93400 Taivalkoski",Taivalkoski,ilmainen
2093347-3,Sidekick Metal Fabrications Oy,Osakeyhtiö,"Örkkikuja 6, 02970 Espoo",Espoo,ilmainen
2094687-2,Mipico Oy,Osakeyhtiö,"Särkänpohjantie 55b, 17930 Päijälä",Päijälä,ilmainen
2095171-9,HUOLTOPORI KY,Kommandiittiyhtiö,"Ruosniementie 97 B, 28220 Pori",Pori,ilmainen
2097986-9,Etelä-Suomen Autoilmastointi Oy,Osakeyhtiö,"Talolankatu 18 as., 20460 Turku",Turku,ilmainen
2098300-8,Oulunseudun Monipalvelu Yhtymä Oy,Osakeyhtiö,"Mestarintie 5, 91800 Tyrnävä",Tyrnävä,ilmainen
2098587-1,Hinaus Vaasa Oy,Osakeyhtiö,"Huoltokatu 10, 65380 Vaasa",Vaasa,ilmainen
2099069-7,Blue Truck Service Oy,Osakeyhtiö,"Patruunapolku 16, 79100 Leppävirta",Leppävirta,ilmainen
2109679-3,HALRA OY,Osakeyhtiö,"Salontie 295, 31400 Somero",Somero,ilmainen
2111453-3,Nurmon Autopiste Oy,Osakeyhtiö,"Tekijäntie 3, 60100 Seinäjoki",Seinäjoki,ilmainen
2112141-8,Suomen Autopalvelu Yhtiöt Oy,Osakeyhtiö,"Työpajantie 21 B, 06150 Porvoo",Porvoo,ilmainen
2112206-6,HG Enterprise Oy,Osakeyhtiö,"Lehtimäentie 68, 01800 Klaukkala",Klaukkala,ilmainen
2112315-7,Johtokadun Auto Oy,Osakeyhtiö,"Johtokatu 1, 50100 Mikkeli",Mikkeli,ilmainen
2112701-9,Lastaus- ja kuljetuspalvelu Kingman Ky,Kommandiittiyhtiö,"Tehdastie 17, 16600 Järvelä",Järvelä,ilmainen
2112752-9,Ouluntien Autohuolto Oy,Osakeyhtiö,"Kesäläntulli 2, 92130 Raahe",Raahe,ilmainen
2113079-5,Taavelin Hiekkapuhallus Ky,Kommandiittiyhtiö,"Taavelintie 70, 50100 Mikkeli",Mikkeli,ilmainen
2113287-0,Lapikka Oy,Avoin yhtiö,"Puutturintie 52, 91620 Sanginkylä",Sanginkylä,ilmainen
2114390-8,Tekrovi Oy,Osakeyhtiö,"Linnunlauluntie 12, 07170 Pornainen",Pornainen,ilmainen
2115656-5,AUTO TANE KY,Kommandiittiyhtiö,"Vanha Kaarelantie 31, 01610 Vantaa",Vantaa,ilmainen
2115776-0,Rusthalli Oy,Osakeyhtiö,"Seppäläntie 1, 40320 Jyväskylä",Jyväskylä,ilmainen
2115900-2,Autokorjaamo Velj. Lehto Oy,Osakeyhtiö,"Yrittäjäntie 15 A, 63100 Kuortane",Kuortane,ilmainen
2121544-9,Hotrex Oy,Osakeyhtiö,"Haapalahdenkatu 5 I, 00300 Helsinki",Helsinki,ilmainen
2121571-3,Korjauspalvelu Musakka Ky,Kommandiittiyhtiö,"Capellanranta 3 F, 00580 Helsinki",Helsinki,ilmainen
2122320-3,Teijo Leskelä Oy,Osakeyhtiö,"Merikoskenkatu 5, 90500 Oulu",Oulu,ilmainen
2123385-8,AD-Rantahuolto Oy,Osakeyhtiö,"Siilinkuja 4, 58900 Rantasalmi",Rantasalmi,ilmainen
2123726-9,DKS-Trukkihuolto Oy,Osakeyhtiö,"Teollisuustie 1, 04300 Tuusula",Tuusula,ilmainen
2124247-1,KJ Color Service Oy,Osakeyhtiö,"Liusketie 8a, 01700 Vantaa",Vantaa,ilmainen
2125719-8,J.M. Pro-Paint Oy,Osakeyhtiö,"Akkutie 12, 00770 Helsinki",Helsinki,ilmainen
2125732-3,VERBO OY,Osakeyhtiö,"Asentajantie 3, 02400 Kirkkonummi",Kirkkonummi,ilmainen
2126924-4,Veljekset Pulli Oy,Osakeyhtiö,"Taivaltie 4, 01610 Vantaa",Vantaa,ilmainen
2127062-4,Säkylän Huoltopiste Avoin yhtiö,Avoin yhtiö,"Kiertotie 13, 27800 Säkylä",Säkylä,ilmainen
2128202-7,Haittamäki Oy,Osakeyhtiö,"Torpantie 69, 85500 Nivala",Nivala,ilmainen
2133016-4,VHJ-Service Oy,Osakeyhtiö,"Myllytie 6, 63610 Tuuri",Tuuri,ilmainen
2133499-0,KL-Urakointi Oy,Osakeyhtiö,"Oripääntie 932, 32410 Niinijoki",Niinijoki,ilmainen
2134599-9,Automeikkaus Litmanen Oy,Osakeyhtiö,"Alaniitynkatu 18-20, 53550 Lappeenranta",Lappeenranta,ilmainen
2135620-9,Juankosken autopalvelu oy,Osakeyhtiö,"Puhdistamontie 4, 73500 Juankoski",Juankoski,ilmainen
2135826-3,Raceman Oy,Osakeyhtiö,"Poikkikatu 12, 38200 Sastamala",Sastamala,ilmainen
2136697-6,Tammelan Monitoimi Ky,Kommandiittiyhtiö,"Somerontie 140, 30100 Forssa",Forssa,ilmainen
2137070-5,Autokorjaamo MP Oy,Osakeyhtiö,"Urakkatie 7, 20780 Kaarina",Kaarina,ilmainen
2137850-4,Konesepät Oulu Oy,Osakeyhtiö,"Puolatie 8, 90620 Oulu",Oulu,ilmainen
2138524-5,Lohjan Autohuolto Oy,Osakeyhtiö,"Levysepäntie 4, 08150 Lohja",Lohja,ilmainen
2138640-8,Finnservice Oy,Osakeyhtiö,"Eteläkatu 4, 53500 Lappeenranta",Lappeenranta,ilmainen
2139815-0,AE Hämäläinen Oy,Osakeyhtiö,"Fastintie 17, 04500 Kellokoski",Kellokoski,ilmainen
2140477-6,SJS FOREST OY,Osakeyhtiö,"Koivikkotie 18, 96300 Rovaniemi",Rovaniemi,ilmainen
2141764-9,Isera Oy,Osakeyhtiö,"Tehdaskatu 14, 24100 Salo",Salo,ilmainen
2142041-8,Automarine Oy,Osakeyhtiö,"Pajatie 5, 23500 Uusikaupunki",Uusikaupunki,ilmainen
2142504-0,Kangasalan Kopal Oy,Osakeyhtiö,"Mäkirinteentie 23, 36220 Kangasala",Kangasala,ilmainen
2144114-7,JeiWash Ky,Kommandiittiyhtiö,"Kielokatu 1, 04430 Järvenpää",Järvenpää,ilmainen
2144393-5,Jarmotor Oy,Osakeyhtiö,"Hyryntie 29, 89400 Hyrynsalmi",Hyrynsalmi,ilmainen
2144617-5,Pekka Ollila Oy,Osakeyhtiö,"Rauhanpellontie 2-4, 07560 Pukkila",Pukkila,ilmainen
2145464-2,TK Automotive Oy,Osakeyhtiö,"Yhteistyönkatu 7, 53300 Lappeenranta",Lappeenranta,ilmainen
2147321-0,Kolarikorjaamo T.Heinonen Oy,Osakeyhtiö,"Liisankatu 5 as., 53900 Lappeenranta",Lappeenranta,ilmainen
2148250-4,Sillinvest Oy,Osakeyhtiö,"Lehterinvuorentie 4, 21200 Raisio",Raisio,ilmainen
2148694-3,Oulaisten Metsäkonehuolto Oy,Osakeyhtiö,"Kivikaari 5, 86300 Oulainen",Oulainen,ilmainen
2149018-4,Oy PKA - Preparation Ltd,Osakeyhtiö,"Mesimäentie 439 B, 63430 Kätkänjoki",Kätkänjoki,ilmainen
2149581-5,RK-Cityhuolto Oy,Osakeyhtiö,"Rantaperkiönkatu 1 B, 33900 Tampere",Tampere,ilmainen
2150696-7,AM-Auto Oy,Osakeyhtiö,"Kontiontie 1 A, 40400 Jyväskylä",Jyväskylä,ilmainen
2152251-0,Verabel Oy,Osakeyhtiö,"Kuormaajantie 6, 40320 Jyväskylä",Jyväskylä,ilmainen
2152317-7,OMT-Tank Oy,Osakeyhtiö,"Ojannontie 10, 21290 Rusko",Rusko,ilmainen
2153421-2,Ruskon Automaalaamo Oy,Osakeyhtiö,"Moreenikuja, 90630 Oulu",Oulu,ilmainen
2154511-4,Akkuhuolto Hirvonen Oy,Osakeyhtiö,"Välitie 26 B, 04340 Tuusula",Tuusula,ilmainen
2157392-4,Aarnio Racing Oy,Osakeyhtiö,"Vuoteenmäentie 8, 04600 Mäntsälä",Mäntsälä,ilmainen
2157577-8,Pikahuolto J Peltonen Oy,Osakeyhtiö,"Saukontie 8, 28240 Pori",Pori,ilmainen
2158019-8,Iso Autohuolto Suomi Oy,Osakeyhtiö,"Kaitilankatu 1, 45130 Kouvola",Kouvola,ilmainen
2158370-0,Hinaus 24 h Siiki & Karhu Oy,Osakeyhtiö,"Korjaamonkatu 1, 33840 Tampere",Tampere,ilmainen
2159556-8,Vimpelin Autosähkö Ky,Kommandiittiyhtiö,"Vimpelintie 299, 62800 Vimpeli",Vimpeli,ilmainen
2161453-8,Paten Paja Oy,Osakeyhtiö,"Halmejoentie 190, 70900 Toivala",Toivala,ilmainen
2162323-1,Kaarinan Autopalvelu Oy,Osakeyhtiö,"Autoilijankatu 24, 20780 Kaarina",Kaarina,ilmainen
2163305-0,Rekkakeidas Oy,Osakeyhtiö,"Turuntie 528, 21870 Riihikoski",Riihikoski,ilmainen
2164417-1,Starcar System Oy,Osakeyhtiö,"Kytkintie 38, 00770 Helsinki",Helsinki,ilmainen
2165091-8,SKK Group Oy,Osakeyhtiö,"Ohtolankatu 1, 01510 Vantaa",Vantaa,ilmainen
2165590-3,Kiinteistö Oy Puumalan Huoltohalli,Osakeyhtiö,"Airotie 11, 52200 Puumala",Puumala,ilmainen
2166170-5,"2Your Service OÜ, Suomen sivuliike",Sivuliike,"Anna Sahlsténin Katu 8 A, 02600 Espoo",Espoo,ilmainen
2166203-8,Pohjolan 1 Autohuolto Oy,Osakeyhtiö,"Pauketie 10, 90410 Oulu",Oulu,ilmainen
2166348-7,SeraKumi Oy,Osakeyhtiö,"Neitsytpolku 6 D, 00140 Helsinki",Helsinki,ilmainen
2167055-6,Kainuun Kolarikorjaamo Ky,Kommandiittiyhtiö,"Siikarannantie 7, 89600 Suomussalmi",Suomussalmi,ilmainen
2167293-0,Design FX Ky,Kommandiittiyhtiö,"Arontie 6 A, 39310 Viljakkala",Viljakkala,ilmainen
2168164-2,UUSI AUTOSUOJAAMO KOTKA OY,Osakeyhtiö,"Takojantie 16, 48230 Kotka",Kotka,ilmainen
2168334-9,Auto ja Konehuolto Naasko Ky,Kommandiittiyhtiö,"Alkkulanraitti 118, 95600 Ylitornio",Ylitornio,ilmainen
2168803-5,Sepon Autosähkö Ky,Kommandiittiyhtiö,"Riekkopolku 7, 97700 Ranua",Ranua,ilmainen
2169750-5,Automaalaamo Kokko-Color Oy,Kommandiittiyhtiö,"Asentajantie 17, 67600 Kokkola",Kokkola,ilmainen
2170508-5,Porin Autopesu Oy,Osakeyhtiö,"Helmentie 12, 28360 Pori",Pori,ilmainen
2171856-4,Team Raefon Oy,Osakeyhtiö,"Auratie 6 A, 11130 Riihimäki",Riihimäki,ilmainen
2173316-6,Hinausapupalvelu Sorsa Oy,Osakeyhtiö,"Kokoojatie 12, 79100 Leppävirta",Leppävirta,ilmainen
2173459-9,TKP Palvelut Oy,Osakeyhtiö,"Koskelontie 14 A, 02920 Espoo",Espoo,ilmainen
2174663-7,Pro-Place Oy,Osakeyhtiö,"Uhrilähteenkatu 4, 20250 Turku",Turku,ilmainen
2177718-5,Ohenmäen Teho Ky,Kommandiittiyhtiö,"Ulmalantie 340 C, 74520 Iisalmi",Iisalmi,ilmainen
2177874-3,Erkkilän Kone ja Huolto Oy,Osakeyhtiö,"Erkkiläntie 10, 94500 Lautiosaari",Lautiosaari,ilmainen
2178109-6,MP-Huolto Saku Huhta Oy,Osakeyhtiö,"Alankojantie 3, 20320 Turku",Turku,ilmainen
2178287-3,Pärnäisen korjaamo Oy,Osakeyhtiö,"Karjalankatu 23, 74100 Iisalmi",Iisalmi,ilmainen
2182543-1,Keski-Suomen Konehuolto Oy,Osakeyhtiö,"Niittykuja 1, 40270 Palokka",Palokka,ilmainen
2183011-8,Hilun Autopalvelu Oy,Osakeyhtiö,"Pamilontie 340, 81280 Uimaharju",Uimaharju,ilmainen
2183599-8,Autokorjaamo Salmela Oy,Osakeyhtiö,"Kortteenkatu 6, 39500 Ikaalinen",Ikaalinen,ilmainen
2183730-1,Tuusulan Autohuolto Oy,Osakeyhtiö,"Palkkikuja 8, 04300 Tuusula",Tuusula,ilmainen
2184170-6,APTOP OY,Osakeyhtiö,"Kuurna-Kulhontie 124 B, 80910 Kulho",Kulho,ilmainen
2184629-1,M Laulajan Autokorjaamo Oy,Osakeyhtiö,"Faaringintie 102, 66400 Laihia",Laihia,ilmainen
2185082-1,Maken Paja Oy,Osakeyhtiö,"Pajalampi 12, 52830 Suomenniemi",Suomenniemi,ilmainen
2185405-6,Salon Rekkahuolto Oy,Osakeyhtiö,"Raitalankatu 18, 24260 Salo",Salo,ilmainen
2185733-7,Frank's Garage Ky Kb,Kommandiittiyhtiö,"Lammiskärrintie 83, 07110 Hinthaara",Hinthaara,ilmainen
2186141-6,Rantatien Pikahuolto Oy,Osakeyhtiö,"Sellukatu 19, 33400 Tampere",Tampere,ilmainen
2186266-2,Hessun Auto- ja Konekorjaamo avoin yhtiö,Avoin yhtiö,"Kontiontie 41-43, 11120 Riihimäki",Riihimäki,ilmainen
2186509-7,Retrobike Oy,Osakeyhtiö,"Taksvärkintie 19, 01150 Söderkulla",Söderkulla,ilmainen
2186646-0,Ylä-Savon Automaalaus Oy,Osakeyhtiö,"Lammenkaari 9, 74130 Iisalmi",Iisalmi,ilmainen
2188236-4,Kyrönmaan Autohuolto Avoinyhtiö,Avoin yhtiö,"Mullolantie 129, 65100 Vaasa",Vaasa,ilmainen
2188697-1,PT-AUTOPALVELUT KY,Kommandiittiyhtiö,"Pyykkärintie 6, 23100 Mynämäki",Mynämäki,ilmainen
2189203-6,MK Techservice Oy,Osakeyhtiö,"Muurahaisenkuja 4 F, 02770 Espoo",Espoo,ilmainen
2189859-3,Evijärven Autohuolto Ky,Kommandiittiyhtiö,"Voltintie 1, 62500 Evijärvi",Evijärvi,ilmainen
2190258-0,Oilpoint Finland Oy,Osakeyhtiö,"Alavankatu 6 A, 15610 Lahti",Lahti,ilmainen
2191655-2,Ab Kaspro Oy,Osakeyhtiö,"Jakobstadsvägen 26, 66900 Uusikaarlepyy",Uusikaarlepyy,ilmainen
2192076-2,A.N.Automaalaus OY,Osakeyhtiö,"Perämiehenkatu 3, 24100 Salo",Salo,ilmainen
2192364-8,Keravan autokorjaamo Oy,Osakeyhtiö,"Peltomäenkatu 5, 04250 Kerava",Kerava,ilmainen
2192374-4,Fermants Ky,Kommandiittiyhtiö,"Hämeentie 18, 04300 Tuusula",Tuusula,ilmainen
2192694-5,SCH Invest & Holding Oy,Osakeyhtiö,"Kirkkotie 264, 07170 Pornainen",Pornainen,ilmainen
2194137-9,Korven Automaalaus Oy,Osakeyhtiö,"Viinivaarantie 5, 82960 Lehtovaara",Lehtovaara,ilmainen
2194454-5,JTM Motors Avoin yhtiö,Avoin yhtiö,"Niilontie 11, 86800 Pyhäsalmi",Pyhäsalmi,ilmainen
2195002-1,Gearman Oy,Osakeyhtiö,"Kanslerintie 6 A, 20200 Turku",Turku,ilmainen
2195577-0,TH Automaalaamo Oy,Osakeyhtiö,"Arvolankatu 5, 86300 Oulainen",Oulainen,ilmainen
2196342-0,V & V HUOLTO AVOIN YHTIÖ,Avoin yhtiö,"Eerolantie 12, 36240 Kangasala",Kangasala,ilmainen
2196922-4,Autohuolto Car-Pro Oy,Osakeyhtiö,"Saimaankatu 31, 15140 Lahti",Lahti,ilmainen
2197310-0,West-Eastway Oy,Osakeyhtiö,"Rapinkorventie 8, 37150 Nokia",Nokia,ilmainen
2198025-5,LCS Group Oy,Osakeyhtiö,"Kiitoradantie 7, 01530 Vantaa",Vantaa,ilmainen
2198040-7,Josveta Oy,Osakeyhtiö,"Tikkasentie 3, 95200 Simo",Simo,ilmainen
2198844-1,Nummelan autofix Ky,Kommandiittiyhtiö,"Hiidenmäentie 268, 03100 Nummela",Nummela,ilmainen
2199201-0,Raskaan Kaluston Pesula U Nivamo Oy,Osakeyhtiö,"Mestarinkatu 3, 70700 Kuopio",Kuopio,ilmainen
2199511-5,ÖSELCAR OY,Osakeyhtiö,"Tiilenpolttajankuja 3 B, 01720 Vantaa",Vantaa,ilmainen
2199547-3,Raskaskalustohuolto Vesa Raikunen Oy,Osakeyhtiö,"Linjatie 6, 28430 Pori",Pori,ilmainen
2202863-7,Autohuolto Saikkonen avoin yhtiö,Avoin yhtiö,"Kaapelikatu 3, 50130 Mikkeli",Mikkeli,ilmainen
2204632-5,JT CarColor Oy,Osakeyhtiö,"Isonkivenkuja 4 F, 04300 Tuusula",Tuusula,ilmainen
2204640-5,HE-LA Palvelut Oy,Osakeyhtiö,"Härjänruopantie 6, 21290 Rusko",Rusko,ilmainen
2204656-0,Poppa Place Oy,Osakeyhtiö,"Hosionsuonmutka 2, 04300 Tuusula",Tuusula,ilmainen
2204833-9,Autovarustelu Ala-Lahti Oy,Osakeyhtiö,"Tuuralantie 592, 61500 Isokyrö",Isokyrö,ilmainen
2205491-5,Autokorjaamo Viinikka Oy,Osakeyhtiö,"Juurakkotie 3, 01510 Vantaa",Vantaa,ilmainen
2205985-5,Parkos Oy,Osakeyhtiö,"Ketunkuja 1, 41330 Vihtavuori",Vihtavuori,ilmainen
2207207-2,Kotkan Automaalaus Oy,Osakeyhtiö,"Takojantie 16, 48220 Kotka",Kotka,ilmainen
2207323-5,Vieskan Autopesula Masan Fixi Avoin yhtiö,Avoin yhtiö,"Pilaritie 3, 84100 Ylivieska",Ylivieska,ilmainen
2207750-0,Car Cosmetics Group Oy,Osakeyhtiö,"Uotinmäenkuja 6 A, 00970 Helsinki",Helsinki,ilmainen
2207779-7,Huittisten Autofix Oy,Osakeyhtiö,"Lapinmäenkatu 15 A, 38200 Sastamala",Sastamala,ilmainen
2207809-5,Palvelu Maisterit Oy,Osakeyhtiö,"Kievarinkatu 2, 53100 Lappeenranta",Lappeenranta,ilmainen
2208234-2,Konetyyskä Oy,Osakeyhtiö,"Tyyskäntie 73, 92330 Karinkanta",Karinkanta,ilmainen
2208602-8,RA Ruskon Auto Oy,Osakeyhtiö,"Kakontie 3, 21420 Lieto",Lieto,ilmainen
2210754-6,Michael's Garage Oy,Osakeyhtiö,"Myntinsyrjä 3 A, 02780 Espoo",Espoo,ilmainen
2211136-9,JNC-Servi Oy,Osakeyhtiö,"Lohikankaantie 40, 95100 Kuivaniemi",Kuivaniemi,ilmainen
2211160-9,Vijuko Oy,Osakeyhtiö,"Puurtajankatu 2, 78850 Varkaus",Varkaus,ilmainen
2211176-4,Autocare Ky,Kommandiittiyhtiö,"Siriuksenkuja 7 B, 01450 Vantaa",Vantaa,ilmainen
2211396-2,Vipalvelu Oy,Avoin yhtiö,"Teekkarinkatu 19 A, 33720 Tampere",Tampere,ilmainen
2211910-9,Rekkaklinikka Oy,Osakeyhtiö,"Sallantie 8, 04410 Järvenpää",Järvenpää,ilmainen
2212477-6,Korven Raskashuolto Oy,Osakeyhtiö,"Paukkajantie 6, 80130 Joensuu",Joensuu,ilmainen
2212689-4,AVH varaosa Oy,Osakeyhtiö,"Nuolitie 9, 01740 Vantaa",Vantaa,ilmainen
2214991-4,Konehuolto Palvelu Lampi Oy,Osakeyhtiö,"Lammintie 93, 63120 Leppälänkylä",Leppälänkylä,ilmainen
2216421-7,Heittolan Monitoimi Oy,Osakeyhtiö,"Alakatu 34, 39700 Parkano",Parkano,ilmainen
2218814-7,TumGlass Oy,Kommandiittiyhtiö,"Kaskitie 16, 49420 Hamina",Hamina,ilmainen
2219071-4,Auto Helander Ky,Kommandiittiyhtiö,"Sukkatehtaankatu 10, 95420 Tornio",Tornio,ilmainen
2219366-7,Naaran Kuljetushuolto Oy,Osakeyhtiö,"Siilinniementie 211, 76850 Naarajärvi",Naarajärvi,ilmainen
2219398-2,Kainuun Autofiksi Oy,Osakeyhtiö,"Kominpolku 6, 87250 Kajaani",Kajaani,ilmainen
2219769-2,Keräsen automaalaamo avoin yhtiö,Avoin yhtiö,"Honkalantie 166, 91500 Muhos",Muhos,ilmainen
2219796-7,Trailer Service Turku Oy,Osakeyhtiö,"Nisukatu 7, 20740 Turku",Turku,ilmainen
2220583-2,Gedemondias Oy,Osakeyhtiö,"Savontie 3 as., 76100 Pieksämäki",Pieksämäki,ilmainen
2221191-7,Lapland Engineering Oy,Osakeyhtiö,"Lapintie 17, 94100 Kemi",Kemi,ilmainen
2221249-3,Gasso Finland Oy,Osakeyhtiö,"Hämeenkatu 17 A, 33200 Tampere",Tampere,ilmainen
2221897-5,Fosco Oy,Osakeyhtiö,"Viinikankatu 14-16, 33100 Tampere",Tampere,ilmainen
2221903-8,Carmeik Oy,Osakeyhtiö,"Järvisilta 1, 02300 Espoo",Espoo,ilmainen
2222988-5,Raskashuolto Pyykkönen Oy,Osakeyhtiö,"Vanhatie 4, 89400 Hyrynsalmi",Hyrynsalmi,ilmainen
2223746-3,RS Huolto Oy,Osakeyhtiö,"Ruutanakorventie 3, 33960 Pirkkala",Pirkkala,ilmainen
2223821-2,Mäkelä Service Oy,Osakeyhtiö,"Kerätniementie 24, 46860 Keltakangas",Keltakangas,ilmainen
2224371-6,HH Palvelut avoin yhtiö,Avoin yhtiö,"Kruunupääntie 1, 37560 Lempäälä",Lempäälä,ilmainen
2224419-6,Rolan Oy,Osakeyhtiö,"Teknobulevardi 3-5, 01530 Vantaa",Vantaa,ilmainen
2224506-8,EL Kone ja Metalli Oy,Osakeyhtiö,"Takavainiontie 9, 37500 Lempäälä",Lempäälä,ilmainen
2224642-3,Demtec Oy,Osakeyhtiö,"Seinäjoentie 52, 63130 Mäyry",Mäyry,ilmainen
2225675-2,Autoklinikka-yhtiöt Oy,Osakeyhtiö,"Harkkokuja 2, 01510 Vantaa",Vantaa,ilmainen
2225925-9,Tehtaankadun Autohuolto Oy,Osakeyhtiö,"Tehtaankatu 3, 11710 Riihimäki",Riihimäki,ilmainen
2228420-0,Top Testing Oy,Osakeyhtiö,"Mäyräntie 27, 12400 Tervakoski",Tervakoski,ilmainen
2228634-5,Fix-Group Oy,Osakeyhtiö,"Gobbackanrinne 11, 02940 Espoo",Espoo,ilmainen
2230728-1,Tornion Autoapu Oy,Osakeyhtiö,"Teollisuuskatu 10, 95420 Tornio",Tornio,ilmainen
2231183-8,Autohuolto Liede Oy,Osakeyhtiö,"Juhanilantie 2, 01740 Vantaa",Vantaa,ilmainen
2231616-1,AMK Automaalaus Oy,Osakeyhtiö,"Asentajankatu 3, 15520 Lahti",Lahti,ilmainen
2232104-0,Oulun Autotyö Oy,Osakeyhtiö,"Sienikuja 7, 90650 Oulu",Oulu,ilmainen
2232611-6,Auto Mechanic LPR Oy,Osakeyhtiö,"Lyijytie 1, 54110 Lampikangas",Lampikangas,ilmainen
2233097-5,FRS Invest Oy,Osakeyhtiö,"Kipinätie 6, 06150 Porvoo",Porvoo,ilmainen
2233329-5,in-TEK Oy,Kommandiittiyhtiö,"Kämppäkatu 8, 80140 Joensuu",Joensuu,ilmainen
2234509-3,Pro-Autohuolto Oy,Osakeyhtiö,"Lintumäentie 127, 17110 Kalliola",Kalliola,ilmainen
2235170-9,Autohuolto Antti Huhtanen Oy,Osakeyhtiö,"Raasakankuja 7, 03400 Vihti",Vihti,ilmainen
2235869-5,Meri-Lapin Autohuolto Ky,Kommandiittiyhtiö,"Veturitallintie 16, 95410 Tornio",Tornio,ilmainen
2236528-9,Kristian Lång Oy,Osakeyhtiö,"Uhrilähteenkatu 2, 20250 Turku",Turku,ilmainen
2236879-7,Autokorjaamo J.Juopperi Ky,Kommandiittiyhtiö,"Mäkikatu 7, 95420 Tornio",Tornio,ilmainen
2237073-1,Revetec Oy,Osakeyhtiö,"Joensuuväylä 12, 82140 Kiihtelysvaara",Kiihtelysvaara,ilmainen
2237315-8,ANT-Palvelut Oy,Osakeyhtiö,"Jäppiläntie 12, 07500 Askola",Askola,ilmainen
2238407-6,Findiesel Oy,Osakeyhtiö,"Kisällinkatu 6, 70780 Kuopio",Kuopio,ilmainen
2238901-0,Pohjanmaan Autohuolto Oy,Osakeyhtiö,"Nokitie 4, 84100 Ylivieska",Ylivieska,ilmainen
2242008-1,Tarvike ja Korjaamo Riihelä Ky,Kommandiittiyhtiö,"Yrittäjäntie 1, 45740 Kuusankoski",Kuusankoski,ilmainen
2242239-4,Varkauden Kuorma-autohuolto Oy,Osakeyhtiö,"Leijukuja 8, 78210 Varkaus",Varkaus,ilmainen
2242325-8,Saftacar Ab,Osakeyhtiö,"Storsvedsvägen 15, 65410 Sundom",Sundom,ilmainen
2242357-3,Sambus Ky,Kommandiittiyhtiö,"Koivistontie, 31160 Nuutajärvi",Nuutajärvi,ilmainen
2242482-4,Korjaamo Rauma Oy,Osakeyhtiö,"Kiveläntie 718, 69920 Oksakoski",Oksakoski,ilmainen
2243164-5,M & R Laakkonen Oy,Osakeyhtiö,"Kiieksenkatu 8, 75500 Nurmes",Nurmes,ilmainen
2243477-4,Konehuolto Tikkaset Oy,Osakeyhtiö,"Koivurinteentie 4, 74610 Honkaranta",Honkaranta,ilmainen
2243739-3,Petterin Kuljetus Oy,Osakeyhtiö,"Sillankorvankatu 21, 05810 Hyvinkää",Hyvinkää,ilmainen
2244023-4,NW-Cars Oy,Osakeyhtiö,"Tomujoentie 9, 68100 Himanka",Himanka,ilmainen
2244794-6,Haminan Autohuolto Oy,Osakeyhtiö,"Teollisuuskatu 10a, 49400 Hamina",Hamina,ilmainen
2246386-6,Suomen Taksipesu Oy,Osakeyhtiö,"Landbontie 37, 00890 Helsinki",Helsinki,ilmainen
2246478-9,Autokorjaamo Sprintcar Avoin Yhtiö,Avoin yhtiö,"Erstankaari 8, 15540 Villähde",Villähde,ilmainen
2246647-7,Prime Classics Oy,Osakeyhtiö,"Moisionjoentie 10, 37560 Lempäälä",Lempäälä,ilmainen
2246709-0,Oy Car Briljant Automotive import & export Co.,Osakeyhtiö,"Opistopolku 12, 02550 Evitskog",Evitskog,ilmainen
2248121-2,InnoPraxis Oy,Osakeyhtiö,"Rajamaankaari 21 H, 02970 Espoo",Espoo,ilmainen
2248786-8,Westend Industries Oy,Osakeyhtiö,"Mikkelänkallio 18 E, 02770 Espoo",Espoo,ilmainen
2248858-8,Pek-Kone Ky,Kommandiittiyhtiö,"Kunnarinkuja 12, 48600 Kotka",Kotka,ilmainen
2249620-3,Espoon Starwash Oy,Osakeyhtiö,"Kurjenkellontie 6, 02270 Espoo",Espoo,ilmainen
2250580-0,Teira Bil Ab,Osakeyhtiö,"Stormoravägen 537, 10360 Mustio",Mustio,ilmainen
2251470-7,PMK Autokorjaus Avoin yhtiö,Avoin yhtiö,"Tehontie 2-4, 45200 Kouvola",Kouvola,ilmainen
2252658-0,Oy HBY Docks Ab,Osakeyhtiö,"Telakkatie 5, 10900 Hanko",Hanko,ilmainen
2252913-2,Matti Vilhonen Oy,Osakeyhtiö,"Räisäsentie 18, 31600 Jokioinen",Jokioinen,ilmainen
2253013-3,Mekaner Oy,Osakeyhtiö,"Kaskihalmeentie 9, 90440 Kempele",Kempele,ilmainen
2253050-4,MPK-Asennus Oy,Osakeyhtiö,"Korvenkatu 58 A, 33300 Tampere",Tampere,ilmainen
2255589-1,KT Kolarikorjaus Oy,Osakeyhtiö,"Rajatie 44, 60120 Seinäjoki",Seinäjoki,ilmainen
2256755-0,RRE Sports Oy,Osakeyhtiö,"Fälttikuja 4, 03400 Vihti",Vihti,ilmainen
2257166-4,Keravan Autohuolto Oy,Osakeyhtiö,"Lintulammenkatu 8 C, 04250 Kerava",Kerava,ilmainen
2257250-1,JMI Pesupalvelut Oy,Osakeyhtiö,"Raatekankaantie 4, 80100 Joensuu",Joensuu,ilmainen
2257909-2,MT-Autosähkö Oy,Osakeyhtiö,"Kiitoradantie 6, 01530 Vantaa",Vantaa,ilmainen
2258188-9,JL Power Oy,Osakeyhtiö,"Vaapukkatie 25, 80330 Reijola",Reijola,ilmainen
2259056-6,Peltola Racing Service Oy,Osakeyhtiö,"Välikatu 10 C, 06100 Porvoo",Porvoo,ilmainen
2259078-5,Konekorjaamo Matti Lahtonen Oy,Osakeyhtiö,"Veertintie 3 as., 19650 Joutsa",Joutsa,ilmainen
2259619-1,Akimoi Oy,Osakeyhtiö,"Lähteenmäentie 17, 16320 Pennala",Pennala,ilmainen
2260040-2,Uoken Auto & Kone Oy,Osakeyhtiö,"Kanervistontie 1, 45200 Kouvola",Kouvola,ilmainen
2261588-2,AM Huolto Oy,Osakeyhtiö,"Perämiehenkatu 10 A, 24100 Salo",Salo,ilmainen
2261798-4,Rengas Paikka Ky,Kommandiittiyhtiö,"Tapiolantie 36 B, 44170 Hietama",Hietama,ilmainen
2262492-2,Autosähkö & Kalastusopas JL Ky,Kommandiittiyhtiö,"Kauppakatu 22, 95400 Tornio",Tornio,ilmainen
2262556-2,Airbag Automechanika Finland OY,Osakeyhtiö,"Jokisuuntie 3, 00560 Helsinki",Helsinki,ilmainen
2263778-2,Dynotest Center DTC Oy,Osakeyhtiö,"Välirinne 9, 90940 Jääli",Jääli,ilmainen
2264340-2,MAD MOUNTING Oy,Osakeyhtiö,"Kukkaromäentie 5, 04440 Järvenpää",Järvenpää,ilmainen
2267040-0,Autohuolto Lindqvist Oy,Osakeyhtiö,"Vuolteenmäentie 8, 04600 Mäntsälä",Mäntsälä,ilmainen
2267720-7,Autopeltiasema Oy,Osakeyhtiö,"Morokiventie 2, 04300 Tuusula",Tuusula,ilmainen
2268376-2,Autokorjaamo Hynynen Oy,Osakeyhtiö,"Lankilantie 185, 16320 Pennala",Pennala,ilmainen
2269561-6,Pohjanmaan Dieselhuolto Oy,Osakeyhtiö,"Puurtajantie 31, 60510 Hyllykallio",Hyllykallio,ilmainen
2270749-6,Öljytien Autohuolto Oy,Osakeyhtiö,"Kantoniityntie 38, 04130 Sipoo",Sipoo,ilmainen
2270962-7,GI-Palvelut Oy,Osakeyhtiö,"Ohjaajantie 16, 41160 Tikkakoski",Tikkakoski,ilmainen
2271039-6,Elovainion Autohuolto Oy,Avoin yhtiö,"Elovainiontie 15, 33470 Ylöjärvi",Ylöjärvi,ilmainen
2272664-6,Rhino Power Oy,Osakeyhtiö,"Paronmäentie 59, 12600 Läyliäinen",Läyliäinen,ilmainen
2273356-3,Ajoneuvovauriokorjaamo J. Reunamo Ky,Kommandiittiyhtiö,"Polvitie 3, 28610 Pori",Pori,ilmainen
2273420-8,Kb Bergfolk Car Service Ky,Kommandiittiyhtiö,"Kolebackvägen 100, 66210 Molpe",Molpe,ilmainen
2273886-6,Super Auto Blomström Oy,Osakeyhtiö,"Kenkäsepäntie 5, 68600 Pietarsaari",Pietarsaari,ilmainen
2274216-0,TH Fin-Services Oy,Osakeyhtiö,"Automiehenkatu 3, 33840 Tampere",Tampere,ilmainen
2275674-9,Lounais-Lapin Remonttipalvelu Ky,Kommandiittiyhtiö,"Veitsiluodontie 16, 94830 Kemi",Kemi,ilmainen
2276157-2,Ari Vartiainen Oy,Osakeyhtiö,"Juvankatu 6, 33710 Tampere",Tampere,ilmainen
2278224-2,Caravanpalvelu Oy Koivunen,Osakeyhtiö,"Norintie 20, 64760 Peltola",Peltola,ilmainen
2279614-2,Korjauspalvelu J. Salonen Oy,Osakeyhtiö,"Korvenmäentie 9, 21500 Piikkiö",Piikkiö,ilmainen
2279941-5,Trukkihuolto veljekset Haapala Oy,Osakeyhtiö,"Huhtamaantie 147, 60760 Pojanluoma",Pojanluoma,ilmainen
2280703-2,Autokorjaamo Ari Lehikoinen Oy,Osakeyhtiö,"Luikonlahdentie 271 B, 83900 Juuka",Juuka,ilmainen
2282291-0,Aurinkotien Auto Oy,Osakeyhtiö,"Rautakatu 1 B, 21110 Naantali",Naantali,ilmainen
2282370-2,Bildoktorn Ab,Osakeyhtiö,"Godbyvägen 174, 22150 Jomala",Jomala,ilmainen
2282661-2,TKR-Autokorjaamo Oy,Osakeyhtiö,"Kunniavuorentie 10, 43100 Saarijärvi",Saarijärvi,ilmainen
2283066-2,Autokorjaamo ProCar Oy,Osakeyhtiö,"Schaumanintie 37, 57230 Savonlinna",Savonlinna,ilmainen
2285821-9,Fleetman Oy,Osakeyhtiö,"Aukeankatu 6, 15610 Lahti",Lahti,ilmainen
2285934-2,ESPOON AUTOKORI SERVICE OY,Osakeyhtiö,"Juvantasku 5 C, 02920 Espoo",Espoo,ilmainen
2286901-4,PTV Auto Ky,Kommandiittiyhtiö,"Metallitie 1, 31400 Somero",Somero,ilmainen
2291015-2,Kantsa Oy,Osakeyhtiö,"Kierikkalantie 61, 21310 Vahto",Vahto,ilmainen
2291426-8,Rekos-paja Oy,Osakeyhtiö,"Kölkynvuorentie 3, 44500 Viitasaari",Viitasaari,ilmainen
2292462-6,RL-Pesu öppet bolag,Avoin yhtiö,"Sjolvallsvägen 138, 64610 Ylimarkku",Ylimarkku,ilmainen
2292607-4,MarKone Oy,Osakeyhtiö,"Rantatie 112, 69700 Veteli",Veteli,ilmainen
2292625-0,Tuusniemen Autohuolto ja Varaosa Oy,Osakeyhtiö,"Juojärventie 18, 71200 Tuusniemi",Tuusniemi,ilmainen
2294744-9,ProWorks Hantula Ky,Kommandiittiyhtiö,"Siirtokalliontie 8 B, 60720 Tuomikylä",Tuomikylä,ilmainen
2295641-7,HiFix Oy,Osakeyhtiö,"Vasarakatu 4, 15700 Lahti",Lahti,ilmainen
2298054-8,Mickeys Motors Ky,Kommandiittiyhtiö,"Äijänniementie 8, 34870 Visuvesi",Visuvesi,ilmainen
2298339-4,TT-Motors Oy,Osakeyhtiö,"Vainiotie 5, 12310 Ryttylä",Ryttylä,ilmainen
2298365-0,Raskashuolto Servisepät Oy,Osakeyhtiö,"Palokärjentie 6, 40320 Jyväskylä",Jyväskylä,ilmainen
2298901-6,Mod bike Oy,Osakeyhtiö,"Turuntie 220, 31400 Somero",Somero,ilmainen
2299528-0,Tahko Speed Oy,Osakeyhtiö,"Niittäjäntie 1 A, 07230 Askola",Askola,ilmainen
2300662-4,Autoram Ky,Kommandiittiyhtiö,"Tanhuatie 11, 33430 Vuorentausta",Vuorentausta,ilmainen
2300912-0,Auto Jo-Ti Oy,Osakeyhtiö,"Takojantie 1, 90410 Oulu",Oulu,ilmainen
2301735-8,Ajoneuvoklinikka Oy,Osakeyhtiö,"Levytie 3, 37800 Akaa",Akaa,ilmainen
2302006-3,AJL-Tekniikka Oy,Osakeyhtiö,"Kaarnakuja 5, 37550 Lempäälä",Lempäälä,ilmainen
2302706-2,Das Auto Huolto Oy,Osakeyhtiö,"Finnoonkartanonkatu 21, 02270 Espoo",Espoo,ilmainen
2303398-0,Autokorjaamo Huttunen Oy,Osakeyhtiö,"Nurmeksentie 24 A, 83900 Juuka",Juuka,ilmainen
2303630-5,Leipro Oy,Osakeyhtiö,"Aapelinkuja 1, 18200 Heinola",Heinola,ilmainen
2304733-8,Ajoneuvokori palvelu AKP Oy,Osakeyhtiö,"Toukolantie 9, 01800 Klaukkala",Klaukkala,ilmainen
2305343-9,MPR Service Oy,Osakeyhtiö,"Keltinmäentie 3, 40640 Jyväskylä",Jyväskylä,ilmainen
2306794-5,Huoltopalvelut Martiskainen Oy,Osakeyhtiö,"Tulliportinkatu 53, 80130 Joensuu",Joensuu,ilmainen
2307284-0,Kokkolan Autokorjaamo OY,Osakeyhtiö,"Ouluntie 12, 67100 Kokkola",Kokkola,ilmainen
2307573-4,Agriprofi Oy,Osakeyhtiö,"Klokkasmäentie 139, 64350 Karijoki",Karijoki,ilmainen
2308603-8,RJJ - Huolto & Pesu Oy,Osakeyhtiö,"Mestarintie 4, 41310 Leppävesi",Leppävesi,ilmainen
2309315-8,Motrox Oy,Osakeyhtiö,"Maskulaisentie 5, 21140 Rymättylä",Rymättylä,ilmainen
2309324-6,Porvoon Autotech Oy Ab,Osakeyhtiö,"Teollisuustie 17, 06150 Porvoo",Porvoo,ilmainen
2309665-8,Auton Takuusuojaus Jaskara & Harjanne Oy,Osakeyhtiö,"Sellukatu 1, 33400 Tampere",Tampere,ilmainen
2309738-6,Kartsan Autohuolto Ky,Kommandiittiyhtiö,"Morbackantie 85, 02450 Sundsberg",Sundsberg,ilmainen
2309989-1,HELSINGIN TURBO HUOLTO OY,Osakeyhtiö,"Porvoonkatu 5-7 L, 00510 Helsinki",Helsinki,ilmainen
2310507-5,Auto-Rantakallio Oy,Osakeyhtiö,"Ojantie 30, 28130 Pori",Pori,ilmainen
2310861-2,IS-Automaalaus Oy,Osakeyhtiö,"Kuljettajantie 10, 10600 Tammisaari",Tammisaari,ilmainen
2311170-7,Utajärven Autohuolto Oy,Osakeyhtiö,"Lämpötie 6, 91600 Utajärvi",Utajärvi,ilmainen
2311980-5,Fennomotors Oy,Osakeyhtiö,"Veistämötie 7, 90620 Oulu",Oulu,ilmainen
2312339-6,KR-Logistics Oy,Osakeyhtiö,"Miilukuja 11, 63300 Alavus",Alavus,ilmainen
2312574-6,Arin pesu Avoin yhtiö,Avoin yhtiö,"Sulantie 9 G, 04300 Tuusula",Tuusula,ilmainen
2313496-8,Autohuolto Väätäinen Oy,Osakeyhtiö,"Kuusikkotie 35 B, 01380 Vantaa",Vantaa,ilmainen
2313977-7,Ramin Autohuolto Ky,Kommandiittiyhtiö,"Tapionkuja 1, 14200 Turenki",Turenki,ilmainen
2315345-6,NPH Kärki Holding Oy,Osakeyhtiö,"Laulurastaantie 2, 00780 Helsinki",Helsinki,ilmainen
2316472-9,Autokorjaamo Vartiainen Oy,Osakeyhtiö,"Pisantie 7, 73300 Nilsiä",Nilsiä,ilmainen
2316586-0,Kunnossapito Jani Taipale Oy,Osakeyhtiö,"Pujonojantie 6, 03430 Jokikunta",Jokikunta,ilmainen
2316985-3,Kaakon Kori Oy,Osakeyhtiö,"Kaitilankatu 1, 45130 Kouvola",Kouvola,ilmainen
2317077-4,Satakunnan Autopinta Oy,Osakeyhtiö,"Helmentie 1, 28360 Pori",Pori,ilmainen
2317296-4,Hyötyajoneuvohuolto JT-Asunmaa Oy,Osakeyhtiö,"Kallenkuja 4, 63300 Alavus",Alavus,ilmainen
2318162-5,Alashalli Oy,Osakeyhtiö,"Mälläistentie 151, 32440 Alastaro",Alastaro,ilmainen
2319197-0,J. Jaska Oy,Osakeyhtiö,"Lauttijärventie 170, 29810 Siikainen",Siikainen,ilmainen
2320015-2,Auto FiLaRo Oy,Osakeyhtiö,"Allastie 8 B, 21200 Raisio",Raisio,ilmainen
2321113-4,TRV-Osat Oy,Osakeyhtiö,"Laturitie 12, 60510 Hyllykallio",Hyllykallio,ilmainen
2321790-7,Injection & Glow Service Oy,Osakeyhtiö,"Vasaratie 9, 65350 Vaasa",Vaasa,ilmainen
2323322-9,Jeve Oy,Osakeyhtiö,"Pirttiranta 60, 70900 Toivala",Toivala,ilmainen
2324204-5,Autokorjaamo Alanko Oy,Osakeyhtiö,"Murmelikuja 5, 01480 Vantaa",Vantaa,ilmainen
2325016-8,Sheet Metal Group Oy,Osakeyhtiö,"Kauppakatu 12 B, 92100 Raahe",Raahe,ilmainen
2325046-7,Lentokentän Autopesu Oy,Osakeyhtiö,"Kiitoradantie 7, 01530 Vantaa",Vantaa,ilmainen
2326738-1,Auto Doctor Oy,Osakeyhtiö,"Teollisuustie 26, 06150 Porvoo",Porvoo,ilmainen
2326913-3,Heinolan Autohuolto Oy,Osakeyhtiö,"Vuohkalliontie 14, 18200 Heinola",Heinola,ilmainen
2327347-4,EK-1 Autohuolto Oy,Osakeyhtiö,"Arvolankuja 12, 23600 Kalanti",Kalanti,ilmainen
2327891-0,NT-Autohuolto Oy,Osakeyhtiö,"Vesiroineenkatu 6 B, 33720 Tampere",Tampere,ilmainen
2328274-1,Oy Ylivoimala Ab,Osakeyhtiö,"Linnunrata 2, 90440 Kempele",Kempele,ilmainen
2328416-5,Lahden Autoasennus oy,Osakeyhtiö,"Hirsimetsäntie 10, 15200 Lahti",Lahti,ilmainen
2328496-6,Kempeleen Autohuolto avoin yhtiö,Avoin yhtiö,"Takatie 8, 90440 Kempele",Kempele,ilmainen
2328578-2,Söörkone Oy,Osakeyhtiö,"Maalaiskunnantie 4, 28760 Pori",Pori,ilmainen
2329162-1,Espoon Kolarikorjaamo Oy,Kommandiittiyhtiö,"Ruukinmestarintie 7 A, 02330 Espoo",Espoo,ilmainen
2329420-8,Autohuolto J.Granlund Oy,Osakeyhtiö,"Haapasaarentie 649, 26410 Kaaro",Kaaro,ilmainen
2329869-8,Vesvel Oy,Osakeyhtiö,"Mestarinkatu 11, 70700 Kuopio",Kuopio,ilmainen
2330819-8,Oy KustCar Kokkola Ab,Osakeyhtiö,"Indolantie 12, 67600 Kokkola",Kokkola,ilmainen
2330821-9,Lahden Ykköshuolto Oy,Osakeyhtiö,"Laatukatu 20, 15680 Lahti",Lahti,ilmainen
2330900-0,RTE Group Oy,Osakeyhtiö,"Kuvansintie 27, 78850 Varkaus",Varkaus,ilmainen
2331700-0,Muscle Motors Oy,Osakeyhtiö,"Haarakatu 2, 15300 Lahti",Lahti,ilmainen
2333245-4,Auto-Haukka Ky,Kommandiittiyhtiö,"Pahakalanmutka 11, 83430 Käsämä",Käsämä,ilmainen
2333683-4,Auto-Kylmä Hållman Oy,Osakeyhtiö,"Korjalankatu 10, 45130 Kouvola",Kouvola,ilmainen
2333970-1,Nummihuolto Oy,Osakeyhtiö,"Laaksokatu 2, 04410 Järvenpää",Järvenpää,ilmainen
2333978-7,A-Tomaatti Oy,Osakeyhtiö,"Konekorjaamontie 13, 15550 Nastola",Nastola,ilmainen
2334418-0,RS Fiksi avoin yhtiö,Avoin yhtiö,"Gneissitie 16, 90630 Oulu",Oulu,ilmainen
2334678-4,Sea and Road Service-ML Oy,Osakeyhtiö,"Halkiantie 299, 07190 Halkia",Halkia,ilmainen
2335158-3,Vantaan Autohuolto Oy,Osakeyhtiö,"Käpyläntie 1 D, 00610 Helsinki",Helsinki,ilmainen
2335485-6,Duolog Warehouse Oy,Osakeyhtiö,"Perintötie 8, 01510 Vantaa",Vantaa,ilmainen
2336188-8,PRIC Oy,Osakeyhtiö,"Ketunmaantie 39, 91900 Liminka",Liminka,ilmainen
2336755-0,Tampereen Huoltoykkönen Oy,Osakeyhtiö,"Sellukatu 1, 33400 Tampere",Tampere,ilmainen
2337015-1,Tuusulan huolto ja puhdistuspalvelut Oy,Kommandiittiyhtiö,"Korvenrannantie 15 Q, 04320 Tuusula",Tuusula,ilmainen
2337556-9,Korjaamopalvelu Ahokas Oy,Osakeyhtiö,"Jousitie 2, 20760 Piispanristi",Piispanristi,ilmainen
2338026-1,Jami-Yhtiöt Oy,Osakeyhtiö,"Luotosentie 31, 54500 Taavetti",Taavetti,ilmainen
2338647-9,PP HUOLTO Ky,Avoin yhtiö,"Ahoniementie 46, 44970 Korppinen",Korppinen,ilmainen
2339211-5,Mestarimaalari J. Oksanen Oy,Osakeyhtiö,"Kyrkvalla 35, 02400 Kirkkonummi",Kirkkonummi,ilmainen
2340154-4,Talsotiimi Avoin yhtiö,Avoin yhtiö,"Hukkalantie 200, 61170 Sääskiniemi",Sääskiniemi,ilmainen
2340224-8,JARWEN OY,Osakeyhtiö,"Punamäentie 111, 41800 Korpilahti",Korpilahti,ilmainen
2340873-8,Autohuolto Canoma Oy,Osakeyhtiö,"Vanha Talvitie 11, 00580 Helsinki",Helsinki,ilmainen
2341534-8,Autokorjaamo Alex Oy,Osakeyhtiö,"Säynäskuja 4, 00560 Helsinki",Helsinki,ilmainen
2341906-6,Komi Autohuolto Ky,Kommandiittiyhtiö,"Teollisuustie 10 A, 75530 Nurmes",Nurmes,ilmainen
2342639-7,Kotkan Lava Apu Oy,Osakeyhtiö,"Suojalantie 11b, 93540 Tyrövaara",Tyrövaara,ilmainen
2342825-3,Moonlight Motorsport Oy,Osakeyhtiö,"Tuotekatu 3 H, 21200 Raisio",Raisio,ilmainen
2343835-5,Modyfix Oy,Osakeyhtiö,"Yrittäjänkatu 14, 06150 Porvoo",Porvoo,ilmainen
2344051-9,JR Teollisuuspalvelu Oy,Osakeyhtiö,"Mahlamäentie 48 A, 04300 Tuusula",Tuusula,ilmainen
2344843-0,Kulko Group Oy,Osakeyhtiö,"Ilveskaari 9, 01900 Nurmijärvi",Nurmijärvi,ilmainen
2345050-6,KH Autopalvelu Oy,Osakeyhtiö,"Kuurnankatu 43 A, 80130 Joensuu",Joensuu,ilmainen
2345128-5,BEM-TEC Oy,Osakeyhtiö,"Tillinmäentie 3 B, 02330 Espoo",Espoo,ilmainen
2345434-7,Kolariautokorjaamo JU-PA Oy,Osakeyhtiö,"Autotie 1, 98120 Kemijärvi",Kemijärvi,ilmainen
2345533-1,Tammiston Autopalvelut Oy,Osakeyhtiö,"Sointupiha 1, 04330 Lahela",Lahela,ilmainen
2345766-0,West Coast Trading Oy Ab,Osakeyhtiö,"Konttoritie 10, 65610 Mustasaari",Mustasaari,ilmainen
2345811-0,Dark Machine Avoin Yhtiö,Avoin yhtiö,"Luosojoentie 130, 82600 Tohmajärvi",Tohmajärvi,ilmainen
2347258-8,Kalevan Autohuolto Ky,Kommandiittiyhtiö,"Ampuhaukantie 10 as., 90250 Oulu",Oulu,ilmainen
2347837-3,Uudenmaan Konehuolto Oy,Osakeyhtiö,"Tiilitehtaankatu 4, 04260 Kerava",Kerava,ilmainen
2348342-0,Koneasennus Hannula Oy,Osakeyhtiö,"Tuotekatu 13 B, 21200 Raisio",Raisio,ilmainen
2348714-9,Humppilan Auto ja Rengas Oy,Osakeyhtiö,"Matkuntie 36, 31640 Humppila",Humppila,ilmainen
2348833-6,Kolarikorjaamo ja Automaalaamo Iivonen Oy,Osakeyhtiö,"Pirkantie 22, 34800 Virrat",Virrat,ilmainen
2349165-8,Botnia Vaunuhuolto Oy,Osakeyhtiö,"Kuusistontie 5, 35320 Hirsilä",Hirsilä,ilmainen
2349306-3,KT-Tasotyöt Oy,Osakeyhtiö,"Kolmastie 5, 01520 Vantaa",Vantaa,ilmainen
2349428-5,SV-Auto- ja Konekorjaamo Oy,Osakeyhtiö,"Telinetie 19, 33880 Lempäälä",Lempäälä,ilmainen
2349484-0,Siroauto Oy,Osakeyhtiö,"Kankitie 7, 40320 Jyväskylä",Jyväskylä,ilmainen
2349591-5,Antin TäsmäKorjaus Oy,Osakeyhtiö,"Karhunkedontie 9 B, 90410 Oulu",Oulu,ilmainen
2350105-1,Granin Korjaamohemmot Oy,Osakeyhtiö,"Kauniaistentie 1, 02700 Kauniainen",Kauniainen,ilmainen
2351795-0,Hexol Oy,Osakeyhtiö,"Pikkusirkuntie 6, 02660 Espoo",Espoo,ilmainen
2351963-0,ST-Kolarikeskus Oy,Osakeyhtiö,"Asentajankatu 4, 33840 Tampere",Tampere,ilmainen
2352973-2,Autohuolto Kivimäki Oy,Osakeyhtiö,"Hannuksenpelto 8 B, 02270 Espoo",Espoo,ilmainen
2353864-7,Huoltokorjaamo T. Hautala Ky,Kommandiittiyhtiö,"Ketojankuja 1, 62200 Kauhava",Kauhava,ilmainen
2353928-7,SE-Autohuolto Oy,Osakeyhtiö,"Torikatu 9, 11100 Riihimäki",Riihimäki,ilmainen
2354512-6,Bagkan Oy,Osakeyhtiö,"Lasitehtaantie 11, 08800 Lohja",Lohja,ilmainen
2354957-3,Akaan Ajoneuvopalvelu Oy,Osakeyhtiö,"Rautatienkatu 35, 37830 Akaa",Akaa,ilmainen
2356514-3,Patrium Oy,Osakeyhtiö,00000 Osoite Tuntematon,Osoite Tuntematon,ilmainen
2356695-5,Autopesula Janhonen Oy,Osakeyhtiö,"Aholaidantie 2, 40100 Jyväskylä",Jyväskylä,ilmainen
2357470-1,Cargo Wash Oy,Osakeyhtiö,"Halmekuja 2, 01360 Vantaa",Vantaa,ilmainen
2357902-7,JR Asennus Oy,Osakeyhtiö,"Rautatienkatu 9, 38700 Kankaanpää",Kankaanpää,ilmainen
2358241-0,T. Wägg Oy,Osakeyhtiö,"Pohjoispellonkatu 6, 10300 Karjaa",Karjaa,ilmainen
2359003-1,Automaalaamo Töhönen Oy,Osakeyhtiö,"Kisällinkuja 11, 70780 Kuopio",Kuopio,ilmainen
2359110-6,JMJ-Racing Finland avoin yhtiö,Avoin yhtiö,"Reippaantie 1, 29810 Siikainen",Siikainen,ilmainen
2359846-3,PeSalo Oy,Osakeyhtiö,"Etnankuja 7 A, 01390 Vantaa",Vantaa,ilmainen
2360001-7,Automaalaamo Lampi Oy,Osakeyhtiö,"Isokoskentie 776, 60550 Nurmo",Nurmo,ilmainen
2360606-4,Turun Autohuolto Oy,Osakeyhtiö,"Salvumiehenkatu 9, 20320 Turku",Turku,ilmainen
2360628-3,Autosähkö Saarimaa Oy,Osakeyhtiö,"Muilunkuja 9 A, 62100 Lapua",Lapua,ilmainen
2361266-7,T&T CENTER OY,Osakeyhtiö,00000 Osoite Tuntematon,Osoite Tuntematon,ilmainen
2366165-3,Eiran Aftax Oy,Osakeyhtiö,"Latopellontie 10, 04620 Mäntsälä",Mäntsälä,ilmainen
2368336-9,J.B Autopalvelu Oy,Osakeyhtiö,"Palolantie 14, 90630 Oulu",Oulu,ilmainen
2368431-0,MereTek Oy,Osakeyhtiö,"Hyllilänkatu 15, 33730 Tampere",Tampere,ilmainen
2369801-8,AKM Autokaupan Keskusmaalaamo Oy,Osakeyhtiö,"Kalkkikiventie 14, 04300 Tuusula",Tuusula,ilmainen
2371280-1,LJ-Huolto Oy,Osakeyhtiö,"Pyykinvuorentie 11, 42100 Jämsä",Jämsä,ilmainen
2372387-7,Sukolenov Oy,Osakeyhtiö,"Asemanrinne 13, 08500 Lohja",Lohja,ilmainen
2372525-8,Karilainen Service Oy,Osakeyhtiö,"Inhantehtaantie 227, 63700 Ähtäri",Ähtäri,ilmainen
2372724-5,Tattarisuon autokorjaamo oy,Osakeyhtiö,"Akkutie 10, 00770 Helsinki",Helsinki,ilmainen
2374449-1,LAPMAC Oy,Osakeyhtiö,"Kivirannantie 16 A, 95410 Tornio",Tornio,ilmainen
2374787-9,HSV Autohuolto Oy,Osakeyhtiö,"Jokelantie 1, 40270 Palokka",Palokka,ilmainen
2374932-1,Autoliike Start Oy,Osakeyhtiö,"Ahostie 3, 83100 Liperi",Liperi,ilmainen
2375297-7,K. Nygren Oy,Osakeyhtiö,"Metsämiehentie 12-14 C, 48400 Kotka",Kotka,ilmainen
2375585-2,TS-Racing & Service Oy,Osakeyhtiö,"Kaaritie 3, 26100 Rauma",Rauma,ilmainen
2376098-5,SMJ-Tuotanto Oy,Osakeyhtiö,"Mäkipellontie 24, 12210 Hausjärvi",Hausjärvi,ilmainen
2376309-4,Speed-Autoteile Finland Oy Ltd,Osakeyhtiö,"Puomikatu 5, 20660 Littoinen",Littoinen,ilmainen
2376610-5,Taksimittari Asennukset Vaasa Oy,Osakeyhtiö,"Hultinpolku 23, 65630 Karperö",Karperö,ilmainen
2377033-1,Furgo Finland Oy,Osakeyhtiö,"Juvolantie 1142, 57310 Savonlinna",Savonlinna,ilmainen
2377474-6,Ummeljoen Autokorjaus P.A. Oy,Osakeyhtiö,"Valimonmutka 3, 46810 Ummeljoki",Ummeljoki,ilmainen
2377488-5,Mikva Oy,Osakeyhtiö,"Urheilutie 11, 69600 Kaustinen",Kaustinen,ilmainen
2378810-1,Sercap Huoltopalvelut Oy,Osakeyhtiö,"Teollisuuskylänraitti 14, 94450 Keminmaa",Keminmaa,ilmainen
2378886-5,Special Service Finland Oy,Osakeyhtiö,"Pohjanakan Ratsupolku 1, 99130 Sirkka",Sirkka,ilmainen
2380250-8,Ulvilan Autopiste Oy,Osakeyhtiö,"Friitalantie 9 B, 28400 Ulvila",Ulvila,ilmainen
2380480-2,Autopeltikorjaamo Tapio Mattila Oy,Osakeyhtiö,"Tommilantie 2, 28610 Pori",Pori,ilmainen
2380720-2,Autokorjaamo Salonen Oy,Osakeyhtiö,"Teräskatu 1, 61300 Kurikka",Kurikka,ilmainen
2380975-0,Mika Haatanen Oy,Osakeyhtiö,"Puolukkakuja 13 B, 40340 Jyväskylä",Jyväskylä,ilmainen
2381221-2,Ratapihan Auto Oy,Osakeyhtiö,"Rautatienkatu 4, 48100 Kotka",Kotka,ilmainen
2382274-4,Järvelän Autopesu Oy,Osakeyhtiö,"Peltotie 4, 16600 Järvelä",Järvelä,ilmainen
2382574-2,Sami Akkala Oy,Osakeyhtiö,"Uurastajantie 2, 60100 Seinäjoki",Seinäjoki,ilmainen
2384869-6,Easy Yhtiöt Oy,Osakeyhtiö,"Saalahdentie 465, 41820 Saakoski",Saakoski,ilmainen
2385028-6,Järvenpään Autohuolto Oy,Osakeyhtiö,"Wärtsilänkatu 2, 04410 Järvenpää",Järvenpää,ilmainen
2385035-8,Liedon Autopesu Oy,Osakeyhtiö,"Tuulissuontie 31 H, 21420 Lieto",Lieto,ilmainen
2385757-6,Autokorjaamo P. Mäkinen Oy,Osakeyhtiö,"Meritie 34, 95470 Tornio",Tornio,ilmainen
2385766-4,Autopalvelu Parkkila Oy,Osakeyhtiö,"Ouluntie 34, 84100 Ylivieska",Ylivieska,ilmainen
2385794-7,PS-Motors Ky,Kommandiittiyhtiö,"Koivusentie 3 A, 61100 Peräseinäjoki",Peräseinäjoki,ilmainen
2386004-6,Könnintien Konehuolto Oy,Osakeyhtiö,"Könnintie 660, 60800 Ilmajoki",Ilmajoki,ilmainen
2387685-7,PajaParonit Oy,Osakeyhtiö,"Trossitie 497-16, 39180 Herttuala",Herttuala,ilmainen
2387833-4,J.E. Service Ky,Kommandiittiyhtiö,"Tepontie 12, 95440 Tornio",Tornio,ilmainen
2388254-4,Tarmon Autohuolto KY,Kommandiittiyhtiö,"Kisällinkatu 6, 70780 Kuopio",Kuopio,ilmainen
2388971-1,Huoltosepät Oy,Osakeyhtiö,"Linnankatu 8 A, 50100 Mikkeli",Mikkeli,ilmainen
2389081-9,G.J Rengas ja Huolto Ky,Kommandiittiyhtiö,"Karhulankatu 6, 08150 Lohja",Lohja,ilmainen
2389111-7,B-Varaosat Kangas Avoin yhtiö,Avoin yhtiö,"Vasarakuja 4, 67100 Kokkola",Kokkola,ilmainen
2389729-5,IVJ-Yhtiöt Oy,Osakeyhtiö,00000 Osoite Tuntematon,Osoite Tuntematon,ilmainen
2390067-7,Park Pesu Oy,Osakeyhtiö,"Einontie 1 E, 69600 Kaustinen",Kaustinen,ilmainen
2393328-4,Sastamalan Hyötyajoneuvohuolto Oy,Osakeyhtiö,"Harjukatu 3, 38200 Sastamala",Sastamala,ilmainen
2393558-9,OP-Truck Service Oy,Osakeyhtiö,"Alaruukintie 4, 28610 Pori",Pori,ilmainen
2394594-7,Immonen Motorsport Oy,Osakeyhtiö,"Käenkoskentie 3, 80130 Joensuu",Joensuu,ilmainen
2394903-2,Stadin Service Oy,Osakeyhtiö,"Jarrutie 10, 00770 Helsinki",Helsinki,ilmainen
2395970-8,Joen Auto ja Rengas Oy,Osakeyhtiö,"Leskeläntie 3, 81280 Uimaharju",Uimaharju,ilmainen
2396529-4,Auto-ja Konekorjaamo J. Komulainen Ky,Kommandiittiyhtiö,"Onkivedentie 4, 71750 Maaninka",Maaninka,ilmainen
2396613-1,Autokorjaamo Partner Ruosilantie Oy,Osakeyhtiö,"Ruosilantie 10, 00390 Helsinki",Helsinki,ilmainen
2397439-3,Filemon Group Oy,Osakeyhtiö,"Rajamaankuja 4 C, 02970 Espoo",Espoo,ilmainen
2398093-7,Autokorjaamo H. Seppälä Oy,Osakeyhtiö,"Kirjatie 16, 03300 Otalampi",Otalampi,ilmainen
2398722-3,Tampereen Autolasipalvelu Oy,Osakeyhtiö,"Pispalan Valtatie 94, 33270 Tampere",Tampere,ilmainen
2398831-4,Suomen Autohuolto Oy,Osakeyhtiö,"Visiolinja 4, 90410 Oulu",Oulu,ilmainen
2399275-1,Z-Stylings Oy,Osakeyhtiö,"Nosturikatu 6, 37150 Nokia",Nokia,ilmainen
2399357-8,Konehuolto Manninen Oy,Osakeyhtiö,"Mäyrämäentie 60, 41490 Niemisjärvi",Niemisjärvi,ilmainen
2399461-8,Autohuolto ToNy Car Oy,Osakeyhtiö,"Sarkalantie 28, 45610 Koria",Koria,ilmainen
2399609-0,JH PESUHUOLLOT OY,Osakeyhtiö,"Linnanherrankatu 7, 32700 Huittinen",Huittinen,ilmainen
2400316-9,KK-Tec Oy,Osakeyhtiö,"Kiurusaarentie 5, 60560 Halkosaari",Halkosaari,ilmainen
2402198-1,S-K Caravan Ky,Kommandiittiyhtiö,"Sepänpellontie 23, 28430 Pori",Pori,ilmainen
2402633-6,Hervannan Autotarvike Oy,Osakeyhtiö,"Hepolamminkatu 35, 33720 Tampere",Tampere,ilmainen
2403230-6,E-P Truck Service Oy,Osakeyhtiö,"Uurastajantie 4, 60100 Seinäjoki",Seinäjoki,ilmainen
2404208-8,Kuljetus Lahelma Oy,Osakeyhtiö,"Pallotie 2 A, 33470 Ylöjärvi",Ylöjärvi,ilmainen
2406844-8,MR-Pesut Oy,Osakeyhtiö,"Komeetankuja 4 A, 02210 Espoo",Espoo,ilmainen
2406972-3,Eero Heikkilä Ky,Kommandiittiyhtiö,"Hauhontie 26, 14700 Hauho",Hauho,ilmainen
2408605-6,PP AutoTeam Ky,Kommandiittiyhtiö,"Matkanivantie 331, 86300 Oulainen",Oulainen,ilmainen
2409934-0,easyPartner Oy,Osakeyhtiö,"Torikatu 33 C, 90100 Oulu",Oulu,ilmainen
2410024-1,Muurlan Pesupojat Oy,Osakeyhtiö,"Satamakatu 21, 24100 Salo",Salo,ilmainen
2410242-3,AutoKoPa KY,Kommandiittiyhtiö,"Valajankatu 2, 94600 Kemi",Kemi,ilmainen
2410346-9,Satakunnan Autopelti Ky,Kommandiittiyhtiö,"Mäkipuistontie 8, 28430 Pori",Pori,ilmainen
2410360-2,Tuijan Fixupesu Avoin Yhtiö,Avoin yhtiö,"Harjutie 1 A, 69300 Toholampi",Toholampi,ilmainen
2414081-7,Kylmäkonehuolto Kuusisto Oy,Osakeyhtiö,"Kranaattikuja 1, 70800 Kuopio",Kuopio,ilmainen
2414564-2,Hevihomma Oy,Osakeyhtiö,"Heinävedentie 116 B, 79100 Leppävirta",Leppävirta,ilmainen
2414791-2,AVPK Huolto Oy,Osakeyhtiö,"Mataristontie 2a, 52420 Pellosniemi",Pellosniemi,ilmainen
2415251-9,Nerkoon auto- ja konekorjaamo Ky,Kommandiittiyhtiö,"Perävainiontie 8, 73120 Nerkoo",Nerkoo,ilmainen
2416471-2,Autofix1.com Oulu Oy,Osakeyhtiö,"Voudintie 2, 90400 Oulu",Oulu,ilmainen
2417308-8,Fortego Oy Ltd.,Osakeyhtiö,"Kaivostie 8, 71470 Oravikoski",Oravikoski,ilmainen
2417747-6,Automarkku Oy,Osakeyhtiö,"Ratakaari 3, 27500 Kauttua",Kauttua,ilmainen
2418187-0,VZ-Auto Oy,Osakeyhtiö,"Rounionkatu 126 A, 37150 Nokia",Nokia,ilmainen
2418921-5,Autokorjaamo Motorfix Oy,Osakeyhtiö,"Putkikatu 31 A, 21110 Naantali",Naantali,ilmainen
2419381-2,Rautajärven Konehuolto Oy,Osakeyhtiö,"Lentolantie 13 A, 36220 Kangasala",Kangasala,ilmainen
2419622-0,VMT-Palvelut Oy,Osakeyhtiö,"Kehätie 5, 19410 Kuortti",Kuortti,ilmainen
2420478-8,Finance Consulting LMK Ab,Osakeyhtiö,"Rentukkatie 13, 65280 Vaasa",Vaasa,ilmainen
2420706-5,Matkun Auto Oy,Osakeyhtiö,"Rajamäentie 592, 05200 Rajamäki",Rajamäki,ilmainen
2421275-3,In-Autofix Oy,Osakeyhtiö,"Sulantie 28 A, 04300 Tuusula",Tuusula,ilmainen
2422744-5,JTP Motors Ky,Kommandiittiyhtiö,"Alaruukintie 5, 28610 Pori",Pori,ilmainen
2423291-4,Autokorjaamo Kari Järvinen Oy,Osakeyhtiö,"Sahaajankatu 25, 00880 Helsinki",Helsinki,ilmainen
2423542-9,Foraset Oy,Osakeyhtiö,"Hirvisuontie 32, 02810 Espoo",Espoo,ilmainen
2424882-8,Suomen Vannekorjaus Oy,Osakeyhtiö,"Palkkikuja 5 D, 04300 Tuusula",Tuusula,ilmainen
2425262-4,Merenniemi Oy,Osakeyhtiö,"Junnunkuja 9, 80260 Joensuu",Joensuu,ilmainen
2425343-2,Ilolan Paja Oy,Osakeyhtiö,"Hämeentie 22, 19700 Sysmä",Sysmä,ilmainen
2425810-2,JMW autohuolto Oy,Osakeyhtiö,"Valuraudantie 6, 00700 Helsinki",Helsinki,ilmainen
2427330-2,Ritariauto Oy,Osakeyhtiö,"Aunankorvenkatu 4 D, 33840 Tampere",Tampere,ilmainen
2428694-7,Autokorjaamo Ka-Ro Oy,Osakeyhtiö,"Piilipuunkatu 11a, 21200 Raisio",Raisio,ilmainen
2429339-7,KM Huoltopalvelut Oy,Osakeyhtiö,"Ahertajantie 2, 57220 Savonlinna",Savonlinna,ilmainen
2430329-2,Auto-Haapanen Oy,Osakeyhtiö,"Formaalintie 6, 20780 Kaarina",Kaarina,ilmainen
2430706-6,JV-varustelut Oy,Osakeyhtiö,"Telitie 7, 80100 Joensuu",Joensuu,ilmainen
2431006-2,Kymen Autopesula Oy,Osakeyhtiö,"Rinnetie 11-13 A, 06650 Hamari",Hamari,ilmainen
2432861-7,PORVOON AUTOKORJAAMO OY,Osakeyhtiö,"Merituulentie 26, 06150 Porvoo",Porvoo,ilmainen
2433688-7,Huoltokorjaamo Saari Oy,Osakeyhtiö,"Helsingintie 32, 24100 Salo",Salo,ilmainen
2434229-1,Agrimachine Finland Oy,Osakeyhtiö,"Salo-Turkiantie 80, 49660 Pyhältö",Pyhältö,ilmainen
2434718-0,Korjaamo Koskenranta Ky,Kommandiittiyhtiö,"Sukkatehtaankatu 16, 95420 Tornio",Tornio,ilmainen
2435634-3,ISD-Auto Oy,Osakeyhtiö,"Turkkirata 9 A, 33960 Pirkkala",Pirkkala,ilmainen
2435887-5,German Car Service Oy,Osakeyhtiö,"Pikkukorventie 15, 37150 Nokia",Nokia,ilmainen
2436922-4,Automaalaamo R Kivinen Oy,Osakeyhtiö,"Veikonkatu 3, 74100 Iisalmi",Iisalmi,ilmainen
2437827-8,Lohjan Ruosteenesto Oy,Osakeyhtiö,"Teollisuuskatu 7, 08150 Lohja",Lohja,ilmainen
2438323-7,Haminan Autokorjaamo Oy,Osakeyhtiö,"Korjaamotie 2, 49400 Hamina",Hamina,ilmainen
2440629-1,Boxfix Oy,Osakeyhtiö,"Linjatie 5, 01260 Vantaa",Vantaa,ilmainen
2440942-5,Runkotie 38 Oy,Osakeyhtiö,"Teollisuustie 33, 60100 Seinäjoki",Seinäjoki,ilmainen
2443481-5,ToToTec Oy,Osakeyhtiö,"Vesilaitoksentie 6 D, 21200 Raisio",Raisio,ilmainen
2443798-7,Automaalaamo Värikaara Oy,Osakeyhtiö,"Kisällinkatu 25, 48770 Kotka",Kotka,ilmainen
2444445-8,K.Rantanen Oy,Osakeyhtiö,"Sotkatie 14, 27500 Kauttua",Kauttua,ilmainen
2445761-1,Automaalaamo Partinen Oy,Osakeyhtiö,"Porokylänkatu 6c, 75530 Nurmes",Nurmes,ilmainen
2445836-6,Sawa-Autokorjaamo Oy,Osakeyhtiö,"Voivalantie 20 A, 20780 Kaarina",Kaarina,ilmainen
2445909-4,Juurussuon Automyynti ky,Kommandiittiyhtiö,"Mourungintie 214, 90310 Oulu",Oulu,ilmainen
2446162-9,Oki-Trans Oy Ab,Osakeyhtiö,"Rinnakkaistie 31 B, 65350 Vaasa",Vaasa,ilmainen
2447160-8,VALTAFIX OY,Osakeyhtiö,"Hyynistentie 305, 23500 Uusikaupunki",Uusikaupunki,ilmainen
2447440-3,G42 Services Oy,Osakeyhtiö,"Lammuntie 910, 83100 Liperi",Liperi,ilmainen
2447504-3,Renkomäen Autohuolto Oy,Osakeyhtiö,"Tupalankatu 3, 15680 Lahti",Lahti,ilmainen
2447564-1,VKV Service Ky,Kommandiittiyhtiö,"Kärjentie 3, 61100 Peräseinäjoki",Peräseinäjoki,ilmainen
2447956-2,Alsedi Oy,Osakeyhtiö,"Niittytie 27 B, 01300 Vantaa",Vantaa,ilmainen
2450808-7,Merilapin Ajoneuvohuolto Oy,Osakeyhtiö,"Valiontie 6, 94450 Keminmaa",Keminmaa,ilmainen
2450871-4,JKM Innovations Oy,Osakeyhtiö,"Riihitie 4, 06450 Porvoo",Porvoo,ilmainen
2450875-7,Automek Lindgren Ab,Osakeyhtiö,"Pinnonäsgatan 36 D, 68620 Pietarsaari",Pietarsaari,ilmainen
2461934-2,JP-Autohuolto Oy,Osakeyhtiö,"Yrittäjäntie 4, 74700 Kiuruvesi",Kiuruvesi,ilmainen
2462547-8,Virta & Co Oy,Osakeyhtiö,"Näsiänkuja 5 C, 36220 Kangasala",Kangasala,ilmainen
2462564-6,AK Restoration & Consulting Ky,Kommandiittiyhtiö,"Hangassuontie 4, 26410 Kaaro",Kaaro,ilmainen
2462856-4,Dentless Oy,Osakeyhtiö,90101 Oulu,Oulu,ilmainen
2463180-0,K&K Peni Oy,Osakeyhtiö,"Lahdenkuja 4, 41340 Laukaa",Laukaa,ilmainen
2463420-0,Autonilsiä Oy,Osakeyhtiö,"Pirttilammentie 2, 73300 Nilsiä",Nilsiä,ilmainen
2463631-0,FH Auto Oy,Osakeyhtiö,"Sipoontie 65, 04430 Järvenpää",Järvenpää,ilmainen
2465680-5,Agrihuolto Pitkänen Oy,Osakeyhtiö,"Takojantie 2, 70900 Toivala",Toivala,ilmainen
2465968-6,Terästekniikka ISOLA Ky,Kommandiittiyhtiö,"Sarakuja 3, 94700 Kemi",Kemi,ilmainen
2465975-8,Lahden Autoverhoomo Oy,Osakeyhtiö,"Viilaajankatu 2, 15520 Lahti",Lahti,ilmainen
2466225-2,Maren Korjaus ja Kuljetus Oy,Osakeyhtiö,"Haukivaarant. 94 B, 82900 Ilomantsi",Ilomantsi,ilmainen
2468396-9,Automaalaamo JP-Paint Ky,Kommandiittiyhtiö,"Varastokatu 6, 87100 Kajaani",Kajaani,ilmainen
2469316-3,JesPe Oy,Osakeyhtiö,"Alaniitynkuja 11, 96600 Rovaniemi",Rovaniemi,ilmainen
2470655-0,Uudenmaan Raskashuolto Oy,Osakeyhtiö,"Valkokuusenkatu 16, 04480 Haarajoki",Haarajoki,ilmainen
2471224-8,Autohuolto Isokivijärvi Oy,Osakeyhtiö,"Kiertotie 1, 34800 Virrat",Virrat,ilmainen
2471652-1,Konehuolto Mika Jaakola Oy,Osakeyhtiö,"Honkisuontie 28 D, 91900 Liminka",Liminka,ilmainen
2471748-7,Nivalan JP-Osa Oy,Osakeyhtiö,"Hanketie 2, 85500 Nivala",Nivala,ilmainen
2472675-4,VIKING MOTORS OY,Osakeyhtiö,"Läkkisepäntie 20, 00620 Helsinki",Helsinki,ilmainen
2473969-4,Nina-Log Oy,Osakeyhtiö,"Madesalmentie 13, 48310 Kotka",Kotka,ilmainen
2474760-0,Kotkastie-Diesel Oy,Osakeyhtiö,"Kotkastie 20, 38300 Sastamala",Sastamala,ilmainen
2475142-3,Pirkkalan Autokeskus Oy,Osakeyhtiö,"Teollisuustie 11, 33960 Pirkkala",Pirkkala,ilmainen
2475257-3,UKS Service Oy,Osakeyhtiö,"Vesuritie 13, 90820 Kello",Kello,ilmainen
2475671-8,NRS Invest Oy,Osakeyhtiö,"Keulatie 6, 06150 Porvoo",Porvoo,ilmainen
2476260-8,ArcMotors Oy,Osakeyhtiö,"Malminkartanontie 1, 00370 Helsinki",Helsinki,ilmainen
2476648-1,66 Motors Oy,Osakeyhtiö,"Tullantie 10, 34130 Ylinen",Ylinen,ilmainen
2476749-2,FixTeam N&H Oy,Osakeyhtiö,"Sellukatu 5 B, 33400 Tampere",Tampere,ilmainen
2476930-8,A-FIXaus Ky,Kommandiittiyhtiö,"Turuntie 29 H, 13130 Hämeenlinna",Hämeenlinna,ilmainen
2476977-0,Wash Zone Wuppe Oy,Kommandiittiyhtiö,00000 Osoite Tuntematon,Osoite Tuntematon,ilmainen
2476982-6,Ramoy Oy,Osakeyhtiö,"Arolammintie 162, 05880 Hyvinkää",Hyvinkää,ilmainen
2476983-4,MRK Asennus Ky,Kommandiittiyhtiö,"Elkkyistentie 345, 23500 Uusikaupunki",Uusikaupunki,ilmainen
2478121-9,Jokakone Ky,Kommandiittiyhtiö,"Riihirannantie 477E, 79100 Leppävirta",Leppävirta,ilmainen
2478312-6,Sevesa Oy,Osakeyhtiö,"Pollarikatu 6, 20540 Turku",Turku,ilmainen
2478546-3,Mopozu.fi Oy,Osakeyhtiö,"Heinikonkatu 17 C, 20240 Turku",Turku,ilmainen
2478558-6,Mietoisten Automaalaamo Oy,Osakeyhtiö,"Teollisuustie 14, 23120 Mietoinen",Mietoinen,ilmainen
2479150-5,Carcom Oy,Osakeyhtiö,"Rengastie 35, 60120 Seinäjoki",Seinäjoki,ilmainen
2479562-9,KuMika Ky,Kommandiittiyhtiö,"Askersintie 80, 10360 Mustio",Mustio,ilmainen
2480356-1,P-E Witick Oy,Osakeyhtiö,"Rimmintie 21, 67410 Kokkola",Kokkola,ilmainen
2480514-5,Jyväskylän Autolasi Oy,Osakeyhtiö,"Vasarakatu 26, 40320 Jyväskylä",Jyväskylä,ilmainen
2480750-3,Motorblues Ky,Kommandiittiyhtiö,"Mustikkatie 6 A, 90820 Kello",Kello,ilmainen
2481036-6,Auto Final Oy,Osakeyhtiö,"Autoilijankatu 26, 20780 Kaarina",Kaarina,ilmainen
2481231-0,Miro's Car Service Oy,Osakeyhtiö,"Käsityökatu 38a, 78210 Varkaus",Varkaus,ilmainen
2481442-0,Oulun Car-Fix Oy,Osakeyhtiö,"Kallisenhaara 3, 90400 Oulu",Oulu,ilmainen
2481465-8,Äijän asennus Ky,Kommandiittiyhtiö,"Äijännevantie 871, 34800 Virrat",Virrat,ilmainen
2482765-1,YK Auto Oy,Osakeyhtiö,"Vuorenmaanrinne 9 B, 60220 Seinäjoki",Seinäjoki,ilmainen
2483651-5,Jyväskylän A-huolto Oy,Osakeyhtiö,"Kuormaajantie 2, 40320 Jyväskylä",Jyväskylä,ilmainen
2484009-8,Autohuolto Herman Oy,Osakeyhtiö,"Savilahdentie 12, 70700 Kuopio",Kuopio,ilmainen
2486311-8,Huoltohemmot Oy,Osakeyhtiö,"Revonkyläntie 1270, 81390 Revonkylä",Revonkylä,ilmainen
2487221-7,MA-Autopalvelut Oy,Osakeyhtiö,"Alaniitynkuja 5 A, 02760 Espoo",Espoo,ilmainen
2487434-3,SV Intec Oy,Osakeyhtiö,"Pumppukuja 12, 55100 Imatra",Imatra,ilmainen
2487451-1,Auto-Servis Oy,Osakeyhtiö,"Jäspilänkatu 28 A, 04250 Kerava",Kerava,ilmainen
2487482-9,TL Garage Ky,Kommandiittiyhtiö,"Kaartusentie 546, 62900 Alajärvi",Alajärvi,ilmainen
2487483-7,Bemator Oy,Osakeyhtiö,"Marttilantie 23, 04130 Sipoo",Sipoo,ilmainen
2487867-8,Björnwerks Oy,Osakeyhtiö,"Raishuhdantie 72, 07220 Kaarenkylä",Kaarenkylä,ilmainen
2487947-8,Auto- ja kolarikorjaamo M.Putz Oy,Osakeyhtiö,"Trikookuja 5, 61600 Jalasjärvi",Jalasjärvi,ilmainen
2488672-3,Roin Autohuolto Ky,Kommandiittiyhtiö,"Lampelankatu 6 H, 96320 Rovaniemi",Rovaniemi,ilmainen
2488716-0,Espoon autohuolto Ky,Kommandiittiyhtiö,"Friisinmäentie 5, 02600 Espoo",Espoo,ilmainen
2488881-7,Simon Auto Oy,Osakeyhtiö,"Viitasaarentie 93, 44800 Pihtipudas",Pihtipudas,ilmainen
2489185-6,NoCanPro Oy,Osakeyhtiö,"Palontie 3, 92120 Raahe",Raahe,ilmainen
2489286-7,Lapin Laatukorjaamo Ky,Avoin yhtiö,"Martinsaarentie 1, 95970 Äkäslompolo",Äkäslompolo,ilmainen
2489963-9,Kauklahden autohuolto Oy,Osakeyhtiö,"Myntinsyrjä 3, 02780 Espoo",Espoo,ilmainen
2490119-6,Lopen Auto ja Rengas LAR Oy,Osakeyhtiö,"Niittypellontie 10, 12540 Launonen",Launonen,ilmainen
2491199-2,Car Shower cs oy,Osakeyhtiö,"Tuomaantie 20, 65300 Vaasa",Vaasa,ilmainen
2491912-6,Poor Design Oy,Osakeyhtiö,"Lehtisentie 96, 60800 Ilmajoki",Ilmajoki,ilmainen
2493808-7,Pedetec öppet bolag,Avoin yhtiö,"Sandövägen 57, 68910 Pännäinen",Pännäinen,ilmainen
2493907-1,MW Autoservice Oy,Osakeyhtiö,"Yrittäjänkatu 9, 06150 Porvoo",Porvoo,ilmainen
2494201-9,Alumatic Oy,Osakeyhtiö,"Luottamusmiehentie 3, 36100 Kangasala As",Kangasala As,ilmainen
2494233-4,KK-AutoTeam Oy,Osakeyhtiö,"Kaukolantie 18, 23800 Laitila",Laitila,ilmainen
2495077-2,THS Service Oy,Osakeyhtiö,"Uhrilähteenkatu 2, 20250 Turku",Turku,ilmainen
2495345-5,Tiiriön Autohuolto Oy,Osakeyhtiö,"Auerpolku 6, 13500 Hämeenlinna",Hämeenlinna,ilmainen
2495400-1,TeKar Oy,Osakeyhtiö,"Terminaalitie 11-13, 13430 Hämeenlinna",Hämeenlinna,ilmainen
2495781-9,Sujuteam Oy,Osakeyhtiö,"Räisäläntie 5, 71800 Siilinjärvi",Siilinjärvi,ilmainen
2495991-0,Autohuolto CarFix Tampere Oy,Osakeyhtiö,"Eturuskonkatu 1 D, 33720 Tampere",Tampere,ilmainen
2496070-0,Sainio Group Oy,Osakeyhtiö,"Vadanvainiontie 76, 21270 Nousiainen",Nousiainen,ilmainen
2496432-2,HSV group Oy,Osakeyhtiö,"Hallikatu 4, 42100 Jämsä",Jämsä,ilmainen
2496523-7,Remala Oy,Osakeyhtiö,"Katsastajankatu 1, 37150 Nokia",Nokia,ilmainen
2497285-9,Härmän Traktorihuolto Oy,Osakeyhtiö,"Tuomisentie 6, 62300 Härmä",Härmä,ilmainen
2498636-1,JPT Kuljetus- ja huoltopalvelu Oy,Osakeyhtiö,"Hangontie 47 Q, 05840 Hyvinkää",Hyvinkää,ilmainen
2499255-0,Konekorjaamo Viitasaari Oy,Osakeyhtiö,"Vesilahdentie 205, 31900 Punkalaidun",Punkalaidun,ilmainen
2500141-3,Auto Craft Vauriokorjaukset Oy,Osakeyhtiö,"Åvikintie 21, 12540 Launonen",Launonen,ilmainen
2500437-4,Oy BD-Auto Ab,Osakeyhtiö,"Kråkholmen 2, 10600 Tammisaari",Tammisaari,ilmainen
2501101-3,Lilja Yhtiöt Oy,Osakeyhtiö,"Alakorkalontie 10, 96300 Rovaniemi",Rovaniemi,ilmainen
2502706-6,Iin Autohuolto Ky,Kommandiittiyhtiö,"Kauppatie 24, 91100 Ii",Ii,ilmainen
2502731-4,Vekagroup Ky,Kommandiittiyhtiö,"Koukkuvuorentie 16, 34600 Ruovesi",Ruovesi,ilmainen
2502756-8,Värirekka Oy,Osakeyhtiö,"Kissamäentie 250, 47200 Elimäki",Elimäki,ilmainen
2503202-5,KL Auto Service Oy,Osakeyhtiö,"Hannuksenpelto 2 A, 02270 Espoo",Espoo,ilmainen
2504091-4,Kilon Autofiksaus Oy,Osakeyhtiö,"Virkatie 7, 01510 Vantaa",Vantaa,ilmainen
2504967-9,Matvi Oy,Osakeyhtiö,"Tuulivuorentie 240, 61400 Ylistaro",Ylistaro,ilmainen
2505572-9,Veljekset Enbuska Oy,Osakeyhtiö,"Ajurintie 7, 95700 Pello",Pello,ilmainen
2507533-2,JP Painting Oy,Osakeyhtiö,"Urheilutie 8, 25130 Muurla",Muurla,ilmainen
2508593-6,Paja-auto Ky,Kommandiittiyhtiö,"Vuorimäentie 135, 44790 Kotvala",Kotvala,ilmainen
2508726-1,Verhoomo Sorsa Oy,Osakeyhtiö,"Tahkotie 6, 01740 Vantaa",Vantaa,ilmainen
2510236-1,123 Huolto Oy,Osakeyhtiö,"Kurriritie 19, 01510 Vantaa",Vantaa,ilmainen
2510564-2,AHV Europe Oy,Osakeyhtiö,00000 Osoite Tuntematon,Osoite Tuntematon,ilmainen
2510957-1,Jomala Bil & Lackservice Ab,Osakeyhtiö,"Östergårdsvägen 5, 22240 Hammarland",Hammarland,ilmainen
2510988-9,AUTOKORJAAMO UOTILA OY,Osakeyhtiö,"Tuulentie 26, 99100 Kittilä",Kittilä,ilmainen
2511560-5,TuNe Auto Oy,Osakeyhtiö,"Paanutie 1, 42700 Keuruu",Keuruu,ilmainen
2511814-4,Autokorjaamo Tähtihuolto Oy,Osakeyhtiö,"Hannikaisenkatu 22, 40100 Jyväskylä",Jyväskylä,ilmainen
2512121-2,Rahkion Laitehuolto Oy,Osakeyhtiö,"Järvenojantie 10, 21800 Kyrö",Kyrö,ilmainen
2514411-5,Ilmajoen kolarityöt Oy,Osakeyhtiö,"Yrittäjäntie 5, 60800 Ilmajoki",Ilmajoki,ilmainen
2514452-9,Autokorjaamo J. Koivuranta Oy,Osakeyhtiö,"Keskusväylä 23, 96910 Rovaniemi",Rovaniemi,ilmainen
2515410-2,OXEN AB,Osakeyhtiö,00000 Osoite Tuntematon,Osoite Tuntematon,ilmainen
2515754-9,VAGISERVICE OY,Osakeyhtiö,"Iskutie 1, 40320 Jyväskylä",Jyväskylä,ilmainen
2515874-4,Jymyn Caravanpalvelu Oy,Osakeyhtiö,"Nosturikatu 6 C, 37150 Nokia",Nokia,ilmainen
2516304-1,Oulun Autosähkö ja Huolto Oy,Osakeyhtiö,"Louhimontie 10, 90620 Oulu",Oulu,ilmainen
2516366-6,Konnun Paja avoin yhtiö,Avoin yhtiö,"Sorvasrannantie 150 A, 58550 Putikko",Putikko,ilmainen
2516965-4,Autohuolto Ilola Ky,Kommandiittiyhtiö,"Mehtäkyläntie 240, 86170 Yppäri",Yppäri,ilmainen
2517326-6,MadCar Ky,Kommandiittiyhtiö,"Saksalantie 25, 41310 Leppävesi",Leppävesi,ilmainen
2518369-1,AP Autopalvelu Oy,Osakeyhtiö,"Onnelantie 143, 41360 Valkola",Valkola,ilmainen
2518953-2,KC Henkilöstöhallinto Oy,Osakeyhtiö,"Hynnäntie 102, 33980 Pirkkala",Pirkkala,ilmainen
2519777-8,VIESKAN AUTOMAALAUS OY,Osakeyhtiö,"Kiekontie 108, 85500 Nivala",Nivala,ilmainen
2519810-5,Motor Mix Oy Ab,Osakeyhtiö,"Byträskvägen 12, 01180 Kalkkiranta",Kalkkiranta,ilmainen
2520525-6,Avep Oy,Osakeyhtiö,"Kontulankuja 5 D, 00940 Helsinki",Helsinki,ilmainen
2520828-9,Mivartek Ky,Kommandiittiyhtiö,"Läheviidantie 15, 41530 Veneranta",Veneranta,ilmainen
2521156-8,Suomen ProAutopalvelut Oy,Osakeyhtiö,"Ojalehdonkuja 1, 01400 Vantaa",Vantaa,ilmainen
2522237-1,L&M Autopesu Oy,Osakeyhtiö,"Teerimäentie 3, 37100 Nokia",Nokia,ilmainen
2522401-9,Leino yhtiöt Oy,Osakeyhtiö,"Poltinkuja 6, 55100 Imatra",Imatra,ilmainen
2523285-2,JP Fixing Oy,Osakeyhtiö,"Katinkuruntie 65, 28540 Pori",Pori,ilmainen
2523779-2,Autohuolto Aveko Avoin yhtiö,Avoin yhtiö,"Yrittäjäntie 3, 60800 Ilmajoki",Ilmajoki,ilmainen
2524442-3,Peiliauto Oy,Osakeyhtiö,00000 Osoite Tuntematon,Osoite Tuntematon,ilmainen
2524447-4,Niconen Oy,Osakeyhtiö,"Hirvikorventie 143, 04680 Hirvihaara",Hirvihaara,ilmainen
2524804-5,Esseli Oy,Osakeyhtiö,"Rajatie 14, 69600 Kaustinen",Kaustinen,ilmainen
2524948-6,Savitaipaleen Autokorjaamo Oy,Osakeyhtiö,"Urheilutie 25, 54800 Savitaipale",Savitaipale,ilmainen
2526422-1,Kujala-Piste Oy,Osakeyhtiö,"Laurilantie 3, 61500 Isokyrö",Isokyrö,ilmainen
2526688-4,Truck Service Kuopio Oy,Osakeyhtiö,"Hakekatu 12, 70800 Kuopio",Kuopio,ilmainen
2528148-6,P&P Autohuolto Ky,Kommandiittiyhtiö,"Rastaantie 1, 70340 Kuopio",Kuopio,ilmainen
2528317-4,TRIMI OY,Osakeyhtiö,"Keskuskatu 7, 00100 Helsinki",Helsinki,ilmainen
2532538-9,Portin Autohuolto Oy,Osakeyhtiö,"Pitkäkoskentie 2, 91900 Liminka",Liminka,ilmainen
2532678-7,SMH Carwash Oy,Osakeyhtiö,"Eerikinkatu 23 D, 00180 Helsinki",Helsinki,ilmainen
2532865-1,ArtoFix Oy,Osakeyhtiö,"Areenakatu 8, 37570 Lempäälä",Lempäälä,ilmainen
2533122-8,Pargas Ring och Service Ab - Paraisten Rengas ja Huolto Oy,Osakeyhtiö,"Industrigatan 22, 21600 Parainen",Parainen,ilmainen
2533982-8,Petori Oy,Osakeyhtiö,"Rantamäentie 6, 36240 Kangasala",Kangasala,ilmainen
2534070-6,SK Performance Oy,Osakeyhtiö,"Hernemäentie 36, 04330 Lahela",Lahela,ilmainen
2535604-6,TER-FIX Avoin yhtiö,Avoin yhtiö,"Huunankaarto 8 A, 12400 Tervakoski",Tervakoski,ilmainen
2535817-2,Autohuolto Tolonen Oy,Osakeyhtiö,"Putkinotkontie 3, 87250 Kajaani",Kajaani,ilmainen
2536980-8,AutoPalle Oy,Osakeyhtiö,"Tillinmäentie 3 B, 02330 Espoo",Espoo,ilmainen
2537334-8,Elerin Oy,Osakeyhtiö,"Aholantie 3b, 04500 Kellokoski",Kellokoski,ilmainen
2537734-9,Saitop Oy,Osakeyhtiö,"Isokuovintie 8, 31500 Koski Tl",Koski Tl,ilmainen
2538615-7,Viikin Autohuolto Oy,Osakeyhtiö,"Hernepellontie 15 D, 00710 Helsinki",Helsinki,ilmainen
2538649-9,KK Paint Oy,Osakeyhtiö,"Kärkitie 4, 40320 Jyväskylä",Jyväskylä,ilmainen
2538800-5,Mitara Oy,Osakeyhtiö,"Raiskiontie 164, 01900 Nurmijärvi",Nurmijärvi,ilmainen
2539143-1,Pesukatu Tampere Oy,Osakeyhtiö,"Vallikatu 9, 33240 Tampere",Tampere,ilmainen
2539148-2,Autopalvelu M Heikkilä Oy,Osakeyhtiö,"Kiipunmäentie 60, 31600 Jokioinen",Jokioinen,ilmainen
2540403-6,Bayerncar huolto Oy,Osakeyhtiö,"Akkutie 1, 60510 Hyllykallio",Hyllykallio,ilmainen
2540440-7,Niinivaaran Auto Oy,Osakeyhtiö,"Pamilonkatu 32, 80130 Joensuu",Joensuu,ilmainen
2540864-3,Turun Autolasi Oy,Osakeyhtiö,"Apilakatu 8, 20740 Turku",Turku,ilmainen
2541366-1,Autoenergy Oy,Osakeyhtiö,"Jokisuuntie 6, 00560 Helsinki",Helsinki,ilmainen
2542125-8,Forge Speed Shop Oy,Osakeyhtiö,"Mannisenkuja 5, 90820 Kello",Kello,ilmainen
2543427-8,SPBOX OY,Osakeyhtiö,"Mutterikatu 10, 48770 Kotka",Kotka,ilmainen
2543529-7,FUEL PATROL OY,Osakeyhtiö,"Hiojankuja 1, 02780 Espoo",Espoo,ilmainen
2543811-3,TP Autopalvelut Ky,Kommandiittiyhtiö,"Koritie 12, 15540 Villähde",Villähde,ilmainen
2544528-4,PowerTruck Punger AutoServices Oy,Osakeyhtiö,"Halmekuja 2, 01360 Vantaa",Vantaa,ilmainen
2545760-5,Huoltokeskus Lintonen Ky,Kommandiittiyhtiö,"Joutsentie 5, 84100 Ylivieska",Ylivieska,ilmainen
2546147-9,Carplus Oy,Osakeyhtiö,"Akselintie 9, 20200 Turku",Turku,ilmainen
2547092-2,Autohuolto Miskala Oy,Osakeyhtiö,"Korholantie 117 A, 77700 Rautalampi",Rautalampi,ilmainen
2548063-7,Vantaan Laatuauto Oy,Osakeyhtiö,"Nietostie 4, 01390 Vantaa",Vantaa,ilmainen
2949083-2,SUNVAUNU OY,Osakeyhtiö,"Huovisentie 4, 91500 Muhos",Muhos,ilmainen
2949206-1,Mingala Autopesu OY,Osakeyhtiö,"Mätästie 5 G, 00770 Helsinki",Helsinki,ilmainen
2949358-2,AA Help Oy,Osakeyhtiö,"Suonpääntie 69, 04740 Sälinkää",Sälinkää,ilmainen
2949495-6,"Sundom Bil-El Ab, Sundom Autosähkö Oy",Osakeyhtiö,"Myrgrundsvägen 410, 65410 Sundom",Sundom,ilmainen
2949556-1,RIK Bear Oy,Osakeyhtiö,"Poratie 14, 48400 Kotka",Kotka,ilmainen
2949625-7,LKJ-Huolto Oy,Osakeyhtiö,"Korventie 78, 16300 Orimattila",Orimattila,ilmainen
2950410-6,Konehuolto Hakala Oy,Osakeyhtiö,"Kellahdentie 666 A, 29570 Söörmarkku",Söörmarkku,ilmainen
2950759-3,HeVi Service avoin yhtiö,Avoin yhtiö,"Kapulasillantie 88, 05880 Hyvinkää",Hyvinkää,ilmainen
2951065-3,Lamminsivu Meretek Oy,Osakeyhtiö,"Nevakuja 7, 39100 Hämeenkyrö",Hämeenkyrö,ilmainen
2951485-7,Ferro Cervus Oy,Osakeyhtiö,"Palttankatu 13 B, 21100 Naantali",Naantali,ilmainen
2952052-8,Vantaanportin Autohuolto Oy,Osakeyhtiö,"Lohjanharjuntie 1109, 08500 Lohja",Lohja,ilmainen
2952384-1,Seinäjoen Ruosteenesto Oy,Osakeyhtiö,"Nurmontie 105, 60510 Hyllykallio",Hyllykallio,ilmainen
2952884-5,KM-Autohuolto Oy,Osakeyhtiö,"Karistonkatu 80, 15160 Lahti",Lahti,ilmainen
2952934-6,Sipoon Autopalvelu Oy,Osakeyhtiö,"Vaahteramäentie 13, 04150 Martinkylä",Martinkylä,ilmainen
2953007-2,AJ Autopalvelut Oy,Osakeyhtiö,"Tuotekatu 4, 21200 Raisio",Raisio,ilmainen
2953028-3,MJT Autohuolto Oy,Osakeyhtiö,"Kainuuntie 122, 88900 Kuhmo",Kuhmo,ilmainen
2953824-2,Autokorjaamo Erkki Kokkinen Ky,Kommandiittiyhtiö,"Kallioahontie 47, 44530 Ilmolahti",Ilmolahti,ilmainen
2954638-1,Hakamäen Autohuolto Oy,Osakeyhtiö,"Kankitie 3 B, 48400 Kotka",Kotka,ilmainen
2955247-4,GL Green Lines Oy,Osakeyhtiö,"Tyynylaavankuja 3 E, 00980 Helsinki",Helsinki,ilmainen
2955292-5,AUTOHUOLTO JUVIKA OY,Osakeyhtiö,"Hiojankatu 3, 15520 Lahti",Lahti,ilmainen
2955333-8,Varsinais-Suomen Konekauppa Oy,Osakeyhtiö,"Lukkosepänkatu 7, 20320 Turku",Turku,ilmainen
2955566-7,Suomen ekoauto Oy,Osakeyhtiö,"Palolantie 8 H, 90620 Oulu",Oulu,ilmainen
2956279-5,AutofiX Raahe Oy,Osakeyhtiö,"Antinkankaantie 28 G, 92130 Raahe",Raahe,ilmainen
2956475-8,KP Auto Oy,Osakeyhtiö,"Puinnintie 12, 28360 Pori",Pori,ilmainen
2956942-8,Hemminki Invest Oy,Osakeyhtiö,"Kylkkälänraitti 66, 66440 Tervajoki",Tervajoki,ilmainen
2957285-4,AMH Kotila Oy,Osakeyhtiö,"Kirkkotie 33a, 95210 Filpus",Filpus,ilmainen
2957808-4,Automaalaamo A. Lahtinen Oy,Osakeyhtiö,"Korjaamonkatu 11, 28600 Pori",Pori,ilmainen
2958039-5,Assistor Oy Ab,Osakeyhtiö,"Tikkurilantie 136, 01510 Vantaa",Vantaa,ilmainen
2959081-7,WORLD CONTAINER CARGO LTD OY,Osakeyhtiö,"Tehdastie 2, 31400 Somero",Somero,ilmainen
2959123-8,Crazy Valhalla Club Oy,Osakeyhtiö,00000 Osoite Tuntematon,Osoite Tuntematon,ilmainen
2959150-2,Kemin Rengaspalvelu Oy,Osakeyhtiö,"Teollisuuskylänraitti 21, 94450 Keminmaa",Keminmaa,ilmainen
2959533-5,Lasimatic Oy,Osakeyhtiö,00000 Osoite Tuntematon,Osoite Tuntematon,ilmainen
2959839-2,Sun Huolto Oy,Osakeyhtiö,"Vaittintie 9 B, 33960 Pirkkala",Pirkkala,ilmainen
2960103-7,Kolarikorjaamo L. Simola Oy,Osakeyhtiö,"Ylinen Viipurintie 2 A, 16900 Lammi",Lammi,ilmainen
2960549-2,Varkauden Konehuolto Karvonen & Rautiainen Ky,Kommandiittiyhtiö,"Kuvansintie 23, 78850 Varkaus",Varkaus,ilmainen
2960608-1,Oravais mekaniska Ab,Osakeyhtiö,"Dalvägen 21, 66830 Oravaisten Tehdas",Oravaisten Tehdas,ilmainen
2960637-2,Top Partner Oy,Osakeyhtiö,"Kolmenkulmantie 16, 33430 Vuorentausta",Vuorentausta,ilmainen
2961395-1,Virtain Raskasasennus Oy,Osakeyhtiö,"Puttostie 13, 34800 Virrat",Virrat,ilmainen
2961883-2,Stenlunds Service Oy Ab,Osakeyhtiö,"Granskogsvägen 12 E, 64100 Kristiinankaupunki",Kristiinankaupunki,ilmainen
2961997-4,AV konex Oy,Osakeyhtiö,"Vuori-Mokantie 275, 31860 Tursa",Tursa,ilmainen
2962008-6,TSI-Korjaus Oy,Osakeyhtiö,"Perkiöntie 27, 33960 Pirkkala",Pirkkala,ilmainen
2962199-4,Isoasia OY,Osakeyhtiö,"Rahtarinkatu 1, 00980 Helsinki",Helsinki,ilmainen
2962682-4,Autohuolto Linnanmäki Oy,Osakeyhtiö,"Ilveskuja 10, 01900 Nurmijärvi",Nurmijärvi,ilmainen
2963095-4,Autofix Team Oy,Osakeyhtiö,"Rieskalähteentie 71, 20300 Turku",Turku,ilmainen
2963605-3,Satakunnan Kärry ja Ajoneuvoasennus Oy,Kommandiittiyhtiö,"Mikaelintie 18, 29250 Nakkila",Nakkila,ilmainen
2963608-8,STROM ky,Kommandiittiyhtiö,"Palomiehentie 4, 02750 Espoo",Espoo,ilmainen
2964657-7,Jussi & Co Oy,Osakeyhtiö,"Kielokatu 114 B, 28120 Pori",Pori,ilmainen
2965182-7,Arctic Powersports Oy,Osakeyhtiö,"Ratsutie 1 A, 99600 Sodankylä",Sodankylä,ilmainen
2965249-1,Raision Autohuolto Oy,Osakeyhtiö,"Varppeenkatu 20, 21200 Raisio",Raisio,ilmainen
2966356-1,GS Auto- ja Konehuolto Oy,Osakeyhtiö,"Vanha Tampereentie 205, 20380 Turku",Turku,ilmainen
2966550-8,Elezi Oy,Osakeyhtiö,"Yrittäjänkatu 7, 11710 Riihimäki",Riihimäki,ilmainen
2966957-6,Automaalaamo Autokori Oy,Osakeyhtiö,"Sepänrinne 2, 41310 Leppävesi",Leppävesi,ilmainen
2968040-9,Pesuhalli Pajuvesi Oy,Osakeyhtiö,"Linnalantie 64, 54500 Taavetti",Taavetti,ilmainen
2968044-1,Hallifix Oy,Osakeyhtiö,00000 Osoite Tuntematon,Osoite Tuntematon,ilmainen
2969297-9,CWK Group Oy,Osakeyhtiö,"Direktörsvägen 3, 25700 Kemiö",Kemiö,ilmainen
2969460-8,Taitolan Konetyö ja Huolto Oy,Osakeyhtiö,"Taitolantie 5, 89140 Kotila",Kotila,ilmainen
2971000-6,ATS Autohuolto Pirkkala Oy,Osakeyhtiö,"Kenkätie 6, 33950 Pirkkala",Pirkkala,ilmainen
2971034-8,Antin Ajoneuvohuolto Oy,Osakeyhtiö,"Ruonantie 86, 21570 Sauvo",Sauvo,ilmainen
2971399-5,OptiCar Oy,Osakeyhtiö,"Latonevantie 1, 68230 Lohtaja",Lohtaja,ilmainen
2973685-5,Pikkalan Autokorjaamo Oy,Osakeyhtiö,"Munkinkuja 7, 02400 Kirkkonummi",Kirkkonummi,ilmainen
2974056-3,Autokorjaamo Himanka Oy,Osakeyhtiö,"Ymmyrkäisentie 12, 85100 Kalajoki",Kalajoki,ilmainen
2974454-8,Kone Kokkoset Oy,Osakeyhtiö,"Rovaniementie 1147, 95315 Törmä",Törmä,ilmainen
2974924-2,Suomen Autoasema Oy,Osakeyhtiö,"Sinikalliontie 2, 02630 Espoo",Espoo,ilmainen
2977087-7,LABCO OY,Osakeyhtiö,"Kruununvoudinpolku 5a, 21500 Piikkiö",Piikkiö,ilmainen
2977816-6,SHERA AUTOPESULA / RENGASPALVELU OY,Osakeyhtiö,"Seponkatu 8, 15140 Lahti",Lahti,ilmainen
2977817-4,Raskas Nieminen Oy,Osakeyhtiö,"Isokivi 35, 15230 Lahti",Lahti,ilmainen
2978004-7,Ohjelmointi- ja Tehomittauspalvelu Leppänen Oy,Osakeyhtiö,"Jousitie 2, 20760 Piispanristi",Piispanristi,ilmainen
2978197-1,Autovalve Oy,Osakeyhtiö,"Teollisuustie 6 C, 33960 Pirkkala",Pirkkala,ilmainen
2979360-6,Rekkapesu Naantali Oy,Osakeyhtiö,"Patenttikatu 10, 21100 Naantali",Naantali,ilmainen
2981406-7,AutoJevi Oy,Osakeyhtiö,"Kastakaisenkatu 10a, 20300 Turku",Turku,ilmainen
2982148-6,Lazy Car Wash Oy,Osakeyhtiö,"Niemenkatu 73, 15140 Lahti",Lahti,ilmainen
2982398-3,TM Custom Works Oy,Osakeyhtiö,"Teollisuustie 11, 31610 Vaulammi",Vaulammi,ilmainen
2983227-3,Helsingin Autopalvelu Oy,Osakeyhtiö,"Hernepellonkuja 12, 00560 Helsinki",Helsinki,ilmainen
2984271-1,Autohuolto Uusitupa Oy,Osakeyhtiö,"Maneesintie 11, 62600 Lappajärvi",Lappajärvi,ilmainen
2984687-8,Autonpesu Latva Oy,Osakeyhtiö,"Aku Korhosen Tie 2, 00400 Helsinki",Helsinki,ilmainen
2984724-8,Autovelhot Oy,Osakeyhtiö,"Kahvimaantie 107, 03100 Nummela",Nummela,ilmainen
2985052-7,Kivenlahden Autopesu Oy,Osakeyhtiö,"Tillinmäentie 3, 02330 Espoo",Espoo,ilmainen
2985618-7,Suomen Vaurioapu Oy,Osakeyhtiö,"Ormuspellontie 12, 00700 Helsinki",Helsinki,ilmainen
2986132-2,American Power Oy,Osakeyhtiö,"Peltorinne 5, 13300 Hämeenlinna",Hämeenlinna,ilmainen
2986732-9,Soukan Autokorjaamo ja Autotarvike Oy,Osakeyhtiö,"Soukantie 13, 02360 Espoo",Espoo,ilmainen
2987380-9,Autohuolto H. Kinnunen Oy,Osakeyhtiö,"Hujakkolammentie 65, 44160 Huutomäki",Huutomäki,ilmainen
2988340-9,NC-Kolarikorjaus Oy,Osakeyhtiö,"Ravurinkatu 13, 20380 Turku",Turku,ilmainen
2988778-4,Hundulasit Oy,Osakeyhtiö,"Multiojankatu 30 D, 33850 Tampere",Tampere,ilmainen
2989090-8,Smart Autokorjaamo Oy,Osakeyhtiö,"Heteniityntie 5 A, 00960 Helsinki",Helsinki,ilmainen
2989116-9,Autopeltikorjaamo Leskinen Oy,Osakeyhtiö,"Juuritie 6, 03100 Nummela",Nummela,ilmainen
2989519-4,TH - Lasi ja Huolto Oy,Osakeyhtiö,"Palokankaantie 7, 40320 Jyväskylä",Jyväskylä,ilmainen
2989650-9,Auran autohuolto K&H Oy,Osakeyhtiö,"Keihäskoskentie 337a, 32560 Virttaa",Virttaa,ilmainen
2990041-6,Uudenmaan Puhallus ja Maalaus Oy,Osakeyhtiö,"Toivolantie 5, 04600 Mäntsälä",Mäntsälä,ilmainen
2990099-3,OM-Huolto Oy,Osakeyhtiö,"Tervaskuja 5, 04440 Järvenpää",Järvenpää,ilmainen
2990199-6,AMMAS OY,Osakeyhtiö,"Penttilänaukio 5, 00740 Helsinki",Helsinki,ilmainen
2990523-3,1769 Performance Oy,Osakeyhtiö,"Keskiruskonkatu 3, 33720 Tampere",Tampere,ilmainen
2990580-7,MäkiAuto Oy,Osakeyhtiö,"Rautasuontie 71, 31640 Humppila",Humppila,ilmainen
2990834-6,Forssan Laitepesu Oy,Osakeyhtiö,"Tapolankauja 62, 31630 Minkiö",Minkiö,ilmainen
2991381-5,Ruskon Autofix OY,Osakeyhtiö,"Sammaltie 68, 90620 Oulu",Oulu,ilmainen
2991545-8,Tahto Works Oy,Osakeyhtiö,"Koiravuorentie 8, 19650 Joutsa",Joutsa,ilmainen
2991597-6,Suomen AutoCare Center Oy,Osakeyhtiö,"Käpälämäenkatu 10-12, 11710 Riihimäki",Riihimäki,ilmainen
2991663-7,Swappers Oy,Osakeyhtiö,"Haapanatie 35 B, 90150 Oulu",Oulu,ilmainen
2991950-4,Autokorjaamo Nipuli Oy,Osakeyhtiö,"Vuohkalliontie 8, 18200 Heinola",Heinola,ilmainen
2991996-9,CabCo Solutions Oy,Osakeyhtiö,"Teollisuustie 6, 07800 Lapinjärvi",Lapinjärvi,ilmainen
2992158-3,North Kustom Fabrication Oy,Osakeyhtiö,"Nikkilän Koivukuja 20, 36220 Kangasala",Kangasala,ilmainen
2993147-4,Työkonehuolto Mukkala Oy,Osakeyhtiö,"Könnintie 285, 60800 Ilmajoki",Ilmajoki,ilmainen
2993810-7,NA Group Oy,Osakeyhtiö,"Rattitie 2, 00770 Helsinki",Helsinki,ilmainen
2994814-5,Multikaara Huolto Oy,Osakeyhtiö,"Kaukolantie 6, 37830 Akaa",Akaa,ilmainen
2994850-8,KKL-Service Ky,Kommandiittiyhtiö,"Onnelantie 8 D, 90230 Oulu",Oulu,ilmainen
2995261-1,Rinter Oy,Osakeyhtiö,"Suupohjantie 144, 60320 Seinäjoki",Seinäjoki,ilmainen
2995276-9,Raahen Motoservice Oy,Osakeyhtiö,"Jokelantie 1, 92140 Pattijoki",Pattijoki,ilmainen
2995807-9,Kirkkonummen Autopalvelu Oy,Osakeyhtiö,"Asentajantie 3, 02400 Kirkkonummi",Kirkkonummi,ilmainen
2996085-7,K. Car & Service Oy,Osakeyhtiö,"Heittoniitynkuja 5 C, 33720 Tampere",Tampere,ilmainen
2996611-6,Huippupesu Oy,Osakeyhtiö,"Oritkarintie 1, 90120 Oulu",Oulu,ilmainen
2996650-3,Carwash PLUS Oy,Osakeyhtiö,"Maalinauhantie 7 C, 01280 Vantaa",Vantaa,ilmainen
2996873-6,Ruskon Autopesu Ky,Kommandiittiyhtiö,"Voimatie 2, 90620 Oulu",Oulu,ilmainen
2997745-6,Iisalmen Rekkapiste Oy,Osakeyhtiö,"Teollisuuskatu 10, 74120 Iisalmi",Iisalmi,ilmainen
2998553-6,Idän Rengas Oy,Osakeyhtiö,"Laippatie 17, 00880 Helsinki",Helsinki,ilmainen
2999235-7,L.Ylimartimo Oy,Osakeyhtiö,"Ahmasjärventie 20, 91300 Ylikiiminki",Ylikiiminki,ilmainen
2999709-4,Fixtra Oy,Osakeyhtiö,"Telekatu 1, 20360 Turku",Turku,ilmainen
3000613-9,Jojamont Oy,Osakeyhtiö,"Tampionkatu 16, 38700 Kankaanpää",Kankaanpää,ilmainen
3002115-2,Kanesa Oy,Osakeyhtiö,"Pietolankuja 20, 37850 Metsäkansa",Metsäkansa,ilmainen
3002334-2,UpSteam Oy,Osakeyhtiö,00000 Osoite Tuntematon,Osoite Tuntematon,ilmainen
3002454-8,OA Loimaa Oy,Osakeyhtiö,"Lamminkatu 23, 32200 Loimaa",Loimaa,ilmainen
3002465-2,DND Design and Detail Oy,Osakeyhtiö,"Mirjantie 11, 61800 Kauhajoki",Kauhajoki,ilmainen
3003062-2,Kolarikorjaamo Toom Oy,Osakeyhtiö,"Jaspiskuja 1 B, 01700 Vantaa",Vantaa,ilmainen
3003080-9,Autotalo Elo avoin yhtiö,Avoin yhtiö,"Vehmaantie 14, 33470 Ylöjärvi",Ylöjärvi,ilmainen
3003648-5,AutoDX Oy,Osakeyhtiö,"Lastikankatu 3, 33730 Tampere",Tampere,ilmainen
3003855-2,Luottokone oy,Osakeyhtiö,"Lahnakoskentie 403, 67500 Kokkola",Kokkola,ilmainen
3004193-8,Uudenmaan Autolasi Asennus Oy,Osakeyhtiö,"Metsämäentie 22, 01800 Klaukkala",Klaukkala,ilmainen
3004298-1,Autopesula Rissanen Ky,Kommandiittiyhtiö,"Jännekuja 32, 70940 Jännevirta",Jännevirta,ilmainen
3004729-9,M. Knip Ab Oy,Osakeyhtiö,"Industrivägen 21, 65610 Mustasaari",Mustasaari,ilmainen
3005872-1,S & M Brothers avoin yhtiö,Avoin yhtiö,"Kaukoilantie 8 A, 03100 Nummela",Nummela,ilmainen
3006054-9,Karhulan Autohuolto Oy,Osakeyhtiö,"Muuralankuja 4, 48600 Kotka",Kotka,ilmainen
3006203-4,M3 Auto Oy,Osakeyhtiö,"Lastikankatu 3 T, 33730 Tampere",Tampere,ilmainen
3006903-3,Autokorjaamo Horttana Oy,Osakeyhtiö,"Teollisuustie 3, 65610 Mustasaari",Mustasaari,ilmainen
3007261-1,Valokaari Autopalvelu Oy,Osakeyhtiö,"Kulkurinmäki 4 B, 02770 Espoo",Espoo,ilmainen
3008475-1,"Cummins Sweden AB, Suomen sivuliike",Sivuliike,,,ilmainen
3009311-3,Rs-Motor Oy,Osakeyhtiö,"Asematie 2, 76850 Naarajärvi",Naarajärvi,ilmainen
3009419-1,auto danmax Oy,Osakeyhtiö,"Tuulilasintie 31 A, 00770 Helsinki",Helsinki,ilmainen
3009535-4,Toivalan Väri Oy,Osakeyhtiö,"Sammontie 9, 70900 Toivala",Toivala,ilmainen
3009881-1,EMS Maskinservice Ab,Osakeyhtiö,"Västerbyvägen 193, 68560 Eugmo",Eugmo,ilmainen
3010325-4,Auto- ja pienkonekorjaamo Jolma Oy,Osakeyhtiö,"Linjatie 2, 95700 Pello",Pello,ilmainen
3010457-2,VeeWorks Oy,Osakeyhtiö,"Ruokosmetsänkatu 19 L, 37570 Lempäälä",Lempäälä,ilmainen
3010529-2,Autoni Paikka Oy,Osakeyhtiö,"Äyhönjärventie 2, 26100 Rauma",Rauma,ilmainen
3010561-2,Jätech OY,Osakeyhtiö,"Tehdaskylänkatu 1, 11710 Riihimäki",Riihimäki,ilmainen
3011388-2,Movemeko Oy,Osakeyhtiö,"Ahmatie 9 B, 01900 Nurmijärvi",Nurmijärvi,ilmainen
3011604-7,JKN Group Oy,Osakeyhtiö,"Hovitie 23 C, 02940 Espoo",Espoo,ilmainen
3012397-6,OK Trading & Service Oy,Osakeyhtiö,"Asematie 2, 14200 Turenki",Turenki,ilmainen
3012426-6,Harjurannan kone ja kuljetus oy,Osakeyhtiö,"Hakakatu 9, 37600 Valkeakoski",Valkeakoski,ilmainen
3012679-8,SUOMEN RASKASPESUT OY,Osakeyhtiö,"Nääjärventie 44, 37570 Lempäälä",Lempäälä,ilmainen
3013183-7,Toejoen Autohuolto Oy,Osakeyhtiö,"Peräsimentie 13 H, 28200 Pori",Pori,ilmainen
3013249-3,Antti Hotakainen Oy,Osakeyhtiö,"Herttolantie 60, 62940 Hoisko",Hoisko,ilmainen
3013584-6,Matin Dieselpaja Oy,Osakeyhtiö,"Vuokatintie 161, 87950 Kuluntalahti",Kuluntalahti,ilmainen
3013657-4,Kotkan Auto-ja Venehuolto Oy,Osakeyhtiö,"Runeberginkatu 15, 48200 Kotka",Kotka,ilmainen
3014780-4,Ruuthin Paja Oy,Osakeyhtiö,"Kyyhkyläntie 21, 19430 Pertunmaa",Pertunmaa,ilmainen
3014820-9,RhinoX oy,Osakeyhtiö,"Rentukantie 14, 45610 Koria",Koria,ilmainen
3015167-8,Mäntsälän Autolasi Oy,Osakeyhtiö,"Jokihuhdantie 13, 04600 Mäntsälä",Mäntsälä,ilmainen
3015242-7,Noumoor Oy,Osakeyhtiö,"Purasentie 4, 39150 Pinsiö",Pinsiö,ilmainen
3015253-1,Autohuolto J.Sauvola oy,Osakeyhtiö,"Jokisentie 175, 05200 Rajamäki",Rajamäki,ilmainen
3015288-1,Vilin Venehuolto Oy,Osakeyhtiö,"Rautatiekuja 4, 01150 Söderkulla",Söderkulla,ilmainen
3015403-5,Taxi Verdad Järvenpää Oy,Osakeyhtiö,00000 Osoite Tuntematon,Osoite Tuntematon,ilmainen
3015878-1,Green Car Finland Oy,Osakeyhtiö,"Porvarinpolku 8, 45610 Koria",Koria,ilmainen
3015958-1,Syvtech Oy,Osakeyhtiö,"Oravinharjuntie 3 B, 50170 Mikkeli",Mikkeli,ilmainen
3016341-7,Kyrönmaan Konehuolto Oy,Osakeyhtiö,"Tuuralantie 285, 61500 Isokyrö",Isokyrö,ilmainen
3016421-7,KorjaamoPlus Oy,Osakeyhtiö,"Alkulankatu 1, 44200 Suolahti",Suolahti,ilmainen
3017251-6,Moniala Palvelut Nurminen Oy,Osakeyhtiö,"Tukkitie 1, 15270 Kukkila",Kukkila,ilmainen
3017319-9,Autohuolto Litja Oy,Osakeyhtiö,"Pajakatu 2, 03620 Karkkila",Karkkila,ilmainen
3017723-7,Need For Service Oy,Osakeyhtiö,"Korvenrannantie 17, 04320 Tuusula",Tuusula,ilmainen
3017812-5,GlassLife Oy,Osakeyhtiö,"Ideaparkinkatu 4, 37570 Lempäälä",Lempäälä,ilmainen
3017835-2,Faunix Oy,Osakeyhtiö,"Ojoistenkatu 9 C, 13600 Hämeenlinna",Hämeenlinna,ilmainen
3018096-2,Eliitti Maalaus Oy,Osakeyhtiö,"Muuntoasemantie 5, 21420 Lieto",Lieto,ilmainen
3018235-1,Keilaniemen Autopesu Oy,Osakeyhtiö,"Sepetlahdentie 14 A, 02230 Espoo",Espoo,ilmainen
3018262-6,A cm2 Company Oy,Osakeyhtiö,"Vanjärventie 654, 03400 Vihti",Vihti,ilmainen
3018799-6,Porin Konepojat Oy,Osakeyhtiö,"Rydöntie, 29600 Noormarkku",Noormarkku,ilmainen
3018903-5,Autohuolto Aritin Oy,Osakeyhtiö,"Hankasuontie 4, 00390 Helsinki",Helsinki,ilmainen
3019200-7,Nyberg Services Oy,Osakeyhtiö,"Jusslansuora 3, 04360 Tuusula",Tuusula,ilmainen
3019545-1,Servall Oy,Osakeyhtiö,"Puistokuja 3 C, 05200 Rajamäki",Rajamäki,ilmainen
3019779-9,Hima Group Oy,Osakeyhtiö,"Oinaslammentie 19, 70900 Toivala",Toivala,ilmainen
3019949-5,JJS Asennus Oy,Osakeyhtiö,"Nesteentie 38, 21200 Raisio",Raisio,ilmainen
3020068-7,Autohuolto Susiraja Oy,Osakeyhtiö,"Susiraja 7, 80230 Joensuu",Joensuu,ilmainen
3021009-2,Oy Råberg Group Ab,Osakeyhtiö,10211 Inkoo,Inkoo,ilmainen
3021695-3,Genböle Åkeri Ab Oy,Osakeyhtiö,"Lautkankareentie 2, 21570 Sauvo",Sauvo,ilmainen
3021842-2,Turun Kolarikorjaamo Oy,Osakeyhtiö,"Valurinkatu 1, 20360 Turku",Turku,ilmainen
3022317-6,PR CUSTOM & SERVICE OY,Osakeyhtiö,"Rantapuistontie 4, 04500 Kellokoski",Kellokoski,ilmainen
3022355-5,YH Works Oy,Osakeyhtiö,"Kurikantie 847, 61860 Harja",Harja,ilmainen
3085233-5,Itä Automaalari Oy,Osakeyhtiö,"Linnanherrankuja 7 A, 00950 Helsinki",Helsinki,ilmainen
3086198-7,JMC autohuolto Oy,Osakeyhtiö,"Vanha Kylätie 7, 12310 Ryttylä",Ryttylä,ilmainen
3086299-8,Autolikavex Oy,Osakeyhtiö,"Sinilatvantie 18, 01350 Vantaa",Vantaa,ilmainen
3086944-4,Klassik service Oy,Osakeyhtiö,"Ideaparkinkatu 4, 37570 Lempäälä",Lempäälä,ilmainen
3087958-9,Serville Oy,Osakeyhtiö,"Boxintie 803, 01190 Box",Box,ilmainen
3088047-5,Ålands Fordonsskadecenter Ab,Osakeyhtiö,"Vikingagränd 2b, 22100 Mariehamn",Mariehamn,ilmainen
3088094-2,Autokorjaamo Olin Oy,Osakeyhtiö,"Rahtikatu 15, 80100 Joensuu",Joensuu,ilmainen
3088129-1,Ab E-Mek Petalax Oy,Osakeyhtiö,"Norrvägen 339, 66240 Petolahti",Petolahti,ilmainen
3088206-7,Huoltopalvelu Honkuri Oy,Osakeyhtiö,"Alkkulanraitti 123, 95600 Ylitornio",Ylitornio,ilmainen
3088359-6,L-S Raskashuolto Oy,Osakeyhtiö,"Vuoritie 6, 20320 Turku",Turku,ilmainen
3088587-4,Brovest Oy,Osakeyhtiö,"Kaltimontie 5, 80100 Joensuu",Joensuu,ilmainen
3088734-3,Oy B - Universum Ab,Osakeyhtiö,00000 Osoite Tuntematon,Osoite Tuntematon,ilmainen
3088735-1,JAP-Palvelu Oy,Osakeyhtiö,00000 Osoite Tuntematon,Osoite Tuntematon,ilmainen
3088942-9,SaPe Car's Oy,Osakeyhtiö,"Piilinkatu 4, 33820 Tampere",Tampere,ilmainen
3089035-8,Autopesu Kamppi Oy,Osakeyhtiö,00000 Osoite Tuntematon,Osoite Tuntematon,ilmainen
3089110-7,Premium Mobile OY,Osakeyhtiö,"Kaasutintie 9, 00770 Helsinki",Helsinki,ilmainen
3089111-5,Flo Auto Oy,Osakeyhtiö,"Nils Westermarckin Kuja 18 E, 00790 Helsinki",Helsinki,ilmainen
3089211-8,KerTom Oy,Osakeyhtiö,"Metsätuomistontie 13, 26510 Rauma",Rauma,ilmainen
3089226-5,M.T.Motorworks Oy,Osakeyhtiö,"Mutalantie 25, 45910 Voikkaa",Voikkaa,ilmainen
3089281-2,DynoGate Oy,Osakeyhtiö,"Huunantie 35, 12400 Tervakoski",Tervakoski,ilmainen
3089769-9,RK Garage Oy,Osakeyhtiö,"Harjannetie 20, 84540 Ylivieska",Ylivieska,ilmainen
3090651-6,Toivakan Rengas ja Autohuolto Oy,Osakeyhtiö,"Toivakantie 27, 41660 Toivakka",Toivakka,ilmainen
3090709-2,Autohuolto Aaltonen Oy,Osakeyhtiö,"Siltakatu 47-49, 18100 Heinola",Heinola,ilmainen
3090820-4,Bemu huolto Kanerva avoin yhtiö,Avoin yhtiö,"Kankitie 3 B, 48400 Kotka",Kotka,ilmainen
3090840-7,Autohuolto Teho Oy,Osakeyhtiö,"Tammirinteentie 1, 08500 Lohja",Lohja,ilmainen
3091006-4,Arina & Yan Oy,Osakeyhtiö,"Ohrakatu 7 A, 05880 Hyvinkää",Hyvinkää,ilmainen
3091159-3,Hood Autopalvelu Oy,Osakeyhtiö,"Malmin Raitti 30 B, 00700 Helsinki",Helsinki,ilmainen
3091188-4,Carshape Oy,Osakeyhtiö,"Kivikaari 3, 01840 Klaukkala",Klaukkala,ilmainen
3091205-1,Suomen Autokoripaja Oy,Osakeyhtiö,00000 Osoite Tuntematon,Osoite Tuntematon,ilmainen
3091458-3,MRO Service Oy,Osakeyhtiö,"Korvenrannantie 17 A, 04300 Tuusula",Tuusula,ilmainen
3091568-2,AJ Service Oy,Osakeyhtiö,"Kettuperäntie 2, 86900 Pyhäkumpu",Pyhäkumpu,ilmainen
3091916-5,Lampinen group Oy,Osakeyhtiö,"Kaarantie 13, 60100 Seinäjoki",Seinäjoki,ilmainen
3091922-9,JMJ TRUCK SERVICE OY,Osakeyhtiö,"Vesankajärventie 249, 41940 Vesanka",Vesanka,ilmainen
3092359-4,Nordic Garage Oy,Osakeyhtiö,"Seutulanrinne 3, 96800 Rovaniemi",Rovaniemi,ilmainen
3092739-2,AlphaFix Oy,Osakeyhtiö,"Isokäpälä 2 D, 60510 Hyllykallio",Hyllykallio,ilmainen
3093006-5,Matias Verkstad Ab,Osakeyhtiö,"Lövsund 427, 66640 Maksamaa",Maksamaa,ilmainen
3093262-6,Auto- ja Konekorjaamo Uusimaa Oy,Osakeyhtiö,"Pellontie 277b, 95800 Sieppijärvi",Sieppijärvi,ilmainen
3093331-1,HeavyWash Oy,Osakeyhtiö,"Kuriirintie 16, 28430 Pori",Pori,ilmainen
3093512-2,Luumäen Rengaspalvelu Oy,Osakeyhtiö,"Sepänkuja 3, 54500 Taavetti",Taavetti,ilmainen
3093573-9,Pajarisi Oy,Osakeyhtiö,"Lähdepolku 9, 40950 Muurame",Muurame,ilmainen
3093750-7,ML-Korjaamo Oy,Osakeyhtiö,"Kässälänkatu 6, 33560 Tampere",Tampere,ilmainen
3093760-3,Pohjoisen raskaskonehuolto Oy,Osakeyhtiö,"Sälpätie 16, 90620 Oulu",Oulu,ilmainen
3094286-7,ision Oy,Osakeyhtiö,"Puskiaistentie 22, 37560 Lempäälä",Lempäälä,ilmainen
3094665-7,Pielaveden Auto- ja Pienkonehuolto Oy,Osakeyhtiö,"Puustellintie 27 B, 72400 Pielavesi",Pielavesi,ilmainen
3094787-9,KovA AutoService Ky,Kommandiittiyhtiö,"Keskikankaantie 26, 15860 Hollola",Hollola,ilmainen
3094921-7,JOKOFIX OY,Osakeyhtiö,"Porvoontie 383, 07150 Laukkoski",Laukkoski,ilmainen
3095162-4,PITSTOP Järvenpää Oy,Osakeyhtiö,"Nuijatie 5 B, 01650 Vantaa",Vantaa,ilmainen
3095234-4,E.Kallioinen Oy,Osakeyhtiö,"Paulakankaantie 75, 29940 Kuvaskangas",Kuvaskangas,ilmainen
3095246-7,M-B Osa Ylivieska Oy,Osakeyhtiö,"Hakatie 1, 84100 Ylivieska",Ylivieska,ilmainen
3095360-3,MSI autopiste Oy,Osakeyhtiö,"Väärävarsi 1 C, 04400 Järvenpää",Järvenpää,ilmainen
3095737-2,Eliano clean Oy,Osakeyhtiö,"Rintamäentanhua 6 A, 02770 Espoo",Espoo,ilmainen
3096069-4,TK-Autohuolto Oy,Osakeyhtiö,"Varastokatu 10 A, 54100 Joutseno",Joutseno,ilmainen
3096145-1,Viniara Motorcompany Oy,Osakeyhtiö,"Jussilankatu 11 D, 05880 Hyvinkää",Hyvinkää,ilmainen
3096632-4,Hattulan Autopesu Oy,Osakeyhtiö,00000 Osoite Tuntematon,Osoite Tuntematon,ilmainen
3096657-8,Maikkulan Autohuolto Oy,Osakeyhtiö,"Haaransuonkuja 4, 90240 Oulu",Oulu,ilmainen
3096919-7,Silvermark Oy,Osakeyhtiö,"Purorinne 2, 01200 Vantaa",Vantaa,ilmainen
3097205-4,Putaan Auto ja Varaosa Oy,Osakeyhtiö,"Savelantie 1, 44800 Pihtipudas",Pihtipudas,ilmainen
3097363-9,Pirkkalan Lavage Oy,Osakeyhtiö,"Vesalantie 9, 33960 Pirkkala",Pirkkala,ilmainen
3097597-6,Autohuolto S.Kartano Oy,Osakeyhtiö,"Metallitie 5b, 26100 Rauma",Rauma,ilmainen
3097646-9,Automaalaamo Kalliomaalaus Ky,Kommandiittiyhtiö,"Kanavantie 319, 19160 Huutotöyry",Huutotöyry,ilmainen
3097795-5,Pohjanmaan Moottorikoneistus Oy,Osakeyhtiö,"Oivaltajantie 1 A, 60100 Seinäjoki",Seinäjoki,ilmainen
3097900-2,Heinäveden Pienkonekorjaamo Oy,Osakeyhtiö,"Vahvalahdentie 12, 79700 Heinävesi",Heinävesi,ilmainen
3097980-3,Autofiksaamo Clean Line Oy,Osakeyhtiö,"Harjulantie 19 B, 01840 Klaukkala",Klaukkala,ilmainen
3098182-3,Van Cars Factory Oy,Osakeyhtiö,"Nosturintie 2 O, 60550 Nurmo",Nurmo,ilmainen
3098304-4,CD Beraf Oy,Osakeyhtiö,"Kanahaukantie 17 F, 49220 Siltakylä",Siltakylä,ilmainen
3098312-4,Modi Oy,Osakeyhtiö,"Kivenhakkaajankatu 4 L, 24100 Salo",Salo,ilmainen
3098663-2,Vieskan Caravanhuolto Oy,Osakeyhtiö,"Jokiniittytie 35, 84540 Ylivieska",Ylivieska,ilmainen
3098695-8,GP Huolto Oy,Osakeyhtiö,"Teollisuustie 10, 34600 Ruovesi",Ruovesi,ilmainen
3098797-7,Automaalaus Pasi Seppänen Oy,Osakeyhtiö,"Hallikatu 2, 61300 Kurikka",Kurikka,ilmainen
3098906-7,JH Shine Oy,Osakeyhtiö,"Mäkilehdontie 6, 67600 Kokkola",Kokkola,ilmainen
3099474-7,ATL Asennus Oy,Osakeyhtiö,"Rammasnoorintie 22, 62520 Kautiainen",Kautiainen,ilmainen
3099497-4,Automaalaamo Salmi Oy,Osakeyhtiö,"Liekakatu 4, 20380 Turku",Turku,ilmainen
3099868-4,TK Monitoimi OY,Osakeyhtiö,"Ratakatu 7, 78850 Varkaus",Varkaus,ilmainen
3100235-9,Hellman Pro Oy,Osakeyhtiö,"Viljontie 5, 14200 Turenki",Turenki,ilmainen
3100296-5,P.K-Racing avoin yhtiö,Avoin yhtiö,"Möykkysentie 30, 95980 Ylläsjärvi",Ylläsjärvi,ilmainen
3100479-2,LJK AutoFix Oy,Osakeyhtiö,"Hannisentie 2 A, 05830 Hyvinkää",Hyvinkää,ilmainen
3100640-5,Nightshine Oy,Osakeyhtiö,"Oppipojankuja 8, 70780 Kuopio",Kuopio,ilmainen
3101231-1,Boss & Queen Oy,Osakeyhtiö,"Junkkarinkaari 7 B, 01510 Vantaa",Vantaa,ilmainen
3101473-9,TeKald Spray Oy,Osakeyhtiö,"Kaskiahonkatu 5, 24280 Salo",Salo,ilmainen
3101571-5,TehoWelho Trading Oy,Osakeyhtiö,"Lammasahontie 240, 42700 Keuruu",Keuruu,ilmainen
3101728-6,Evenko Oy,Osakeyhtiö,"Kaivokselantie 5 B, 01610 Vantaa",Vantaa,ilmainen
3102093-6,4x4parts-Garage Oy,Osakeyhtiö,"Uranuksenkuja 18 B, 01480 Vantaa",Vantaa,ilmainen
3102594-8,Joel Hirsikangas Service Oy,Osakeyhtiö,"Mykkälänranta 45, 95470 Tornio",Tornio,ilmainen
3102612-3,Rollon Autofiksarit Oy,Osakeyhtiö,"Sairaalatie 1 as., 97700 Ranua",Ranua,ilmainen
3102652-9,A & A Service Oy,Osakeyhtiö,"Aspitie 1, 80100 Joensuu",Joensuu,ilmainen
3103893-3,"Savkor auto OÜ, Suomen sivuliike",Sivuliike,"Kauriinkatu 7, 55420 Imatra",Imatra,ilmainen
3103900-4,Autotalo Elias Oy,Osakeyhtiö,"Ojakatu 2, 21200 Raisio",Raisio,ilmainen
3104295-9,Vaasan AutoService Oy,Osakeyhtiö,"Ahmantie 16 B, 65480 Vikby",Vikby,ilmainen
3104328-1,Fast Tech Oy,Osakeyhtiö,"Erstantie 8, 15540 Villähde",Villähde,ilmainen
3104330-2,Paint-X Oy,Osakeyhtiö,"Kansantie 35 D, 00680 Helsinki",Helsinki,ilmainen
3104693-3,Tommy's garage Ab Oy,Osakeyhtiö,"Gottbölevägen 70, 64200 Närpiö",Närpiö,ilmainen
3105079-9,Träskman Yhtiöt Oy,Osakeyhtiö,"Turuntie 3, 37830 Akaa",Akaa,ilmainen
3105220-9,Automaalaus S.Saari Oy,Osakeyhtiö,"Juurakkotie 22, 37150 Nokia",Nokia,ilmainen
3105331-6,SVS autohuolto Oy,Osakeyhtiö,"Läntinen Teollisuuskatu 23 B, 02920 Espoo",Espoo,ilmainen
3105586-4,Finmodi Oy,Osakeyhtiö,"Ratastie 14, 40950 Muurame",Muurame,ilmainen
3106143-9,Autokorjaamo M. Lindholm Oy,Osakeyhtiö,"Seppolantie 2, 03320 Selki",Selki,ilmainen
3106237-8,M-B Osa Kemi Oy,Osakeyhtiö,"Teollisuuskylänraitti 10, 94450 Keminmaa",Keminmaa,ilmainen
3106851-8,Nosturiklinikka Oy,Osakeyhtiö,"Nybyntie 74, 06850 Kulloo",Kulloo,ilmainen
3107534-7,AS Autokorjaamo Oy,Osakeyhtiö,"Hiilloskuja 5, 00370 Helsinki",Helsinki,ilmainen
3107625-1,AutoTenttula Oy,Osakeyhtiö,"Jylpyntie 6, 48220 Kotka",Kotka,ilmainen
3107630-7,Nurminen Carpaint Oy,Osakeyhtiö,"Heinikontie 1, 33470 Ylöjärvi",Ylöjärvi,ilmainen
3107935-6,Kiimingin Autofiksaamo Oy,Osakeyhtiö,"Kallisenkaarre 5, 90400 Oulu",Oulu,ilmainen
3108226-4,Weldrox Oy,Osakeyhtiö,"Marttilankatu 28 A, 04260 Kerava",Kerava,ilmainen
3108584-4,8 Motors Oy,Osakeyhtiö,"Kääpätie 6 F, 00760 Helsinki",Helsinki,ilmainen
3108617-7,Sonkajärven Auto- ja Pienkonehuolto Oy,Kommandiittiyhtiö,"Lähdetie 2, 74300 Sonkajärvi",Sonkajärvi,ilmainen
3108678-3,DD-Fix's Oy,Osakeyhtiö,"Rintamäentanhua 5, 02770 Espoo",Espoo,ilmainen
3108755-9,Oulunseudun Autohuolto Oy,Osakeyhtiö,"Eteläsuomentie 210, 90440 Kempele",Kempele,ilmainen
3109205-9,Remixi Oy,Osakeyhtiö,"Lumparlankatu 16 B, 21200 Raisio",Raisio,ilmainen
3109413-4,Turbotehoa Oy,Osakeyhtiö,"Jäkärlänpolku 3, 13720 Parola",Parola,ilmainen
3109424-9,Auto-Vasenius Oy,Osakeyhtiö,"Somerontie 1117, 09810 Nummi",Nummi,ilmainen
3109434-5,Suomen Tuulilasimestarit Oy,Osakeyhtiö,"Verstastie 2, 33470 Ylöjärvi",Ylöjärvi,ilmainen
3109502-2,Ropsufix Oy,Osakeyhtiö,00000 Osoite Tuntematon,Osoite Tuntematon,ilmainen
3109863-7,TES-Autopalvelu.Oy,Osakeyhtiö,"Kaarenjalka 5a as., 00940 Helsinki",Helsinki,ilmainen
3109868-8,JJ Custom Oy,Osakeyhtiö,"Lyijykatu 1, 05800 Hyvinkää",Hyvinkää,ilmainen
3109944-5,Venepalvelu Virta avoin yhtiö,Avoin yhtiö,"Källvikintie 82, 21630 Lielahti Tl",Lielahti Tl,ilmainen
3110419-5,Kims Reklam & Lack Ab,Osakeyhtiö,22101 Mariehamn,Mariehamn,ilmainen
3110492-9,Konehuolto Hurmerinta oy,Osakeyhtiö,"Salpausseläntie 4 B, 05840 Hyvinkää",Hyvinkää,ilmainen
3110496-1,ApuParts Oy,Osakeyhtiö,"Imatrantie 13, 41900 Petäjävesi",Petäjävesi,ilmainen
3110500-8,Tupoksen autohuolto Oy,Osakeyhtiö,"Laukkakuja 2, 91910 Tupos",Tupos,ilmainen
3110711-8,SJ-Huolto Oy,Osakeyhtiö,"Parrutie 23, 80100 Joensuu",Joensuu,ilmainen
3110823-3,Romuliiteri OY,Osakeyhtiö,"Sarkiankatu 10, 38200 Sastamala",Sastamala,ilmainen
3110975-4,FirMark Oy,Osakeyhtiö,"Harjunalustankatu 16, 15800 Lahti",Lahti,ilmainen
3110976-2,MekoAuto Kokkola Ab Oy,Osakeyhtiö,"Mestarintie 4, 67600 Kokkola",Kokkola,ilmainen
3111661-2,VS Autohuolto&Autopesu Oy,Osakeyhtiö,,,ilmainen
3112087-3,Auto Alanko Oy,Osakeyhtiö,"Louhelantie 2, 16600 Järvelä",Järvelä,ilmainen
3113125-7,MaxSpeed Service Oy,Osakeyhtiö,"Rysäkatu 15, 20900 Turku",Turku,ilmainen
3113258-3,Gearhead Ky,Kommandiittiyhtiö,"Mestarintie 14, 60100 Seinäjoki",Seinäjoki,ilmainen
3113373-8,Modata Oy,Osakeyhtiö,"Vasaraistentie 46, 26740 Vasarainen",Vasarainen,ilmainen
3113750-1,Workson Oy,Osakeyhtiö,"Makkaralahdenkatu 29, 74120 Iisalmi",Iisalmi,ilmainen
3113777-1,Moniurakointi Vanhatalo Oy,Osakeyhtiö,"Alakylänraitti 40, 46110 Tuohikotti",Tuohikotti,ilmainen
3114174-6,Hallimäki oy,Osakeyhtiö,"Amerintie 50, 04320 Tuusula",Tuusula,ilmainen
3114432-2,Pohjanmaan Autosuojaus Ky,Kommandiittiyhtiö,"Loukontie 10 C, 66440 Tervajoki",Tervajoki,ilmainen
3114940-6,JR Huolto- ja Logistiikkapalvelut Oy,Osakeyhtiö,"Lammasniementie 9, 43800 Kivijärvi",Kivijärvi,ilmainen
3115197-9,Truck Paint Center Oy,Osakeyhtiö,00281 Helsinki,Helsinki,ilmainen
3115229-3,Pasilan Autohuolto Oy,Osakeyhtiö,"Veikkarinkatu 1, 05840 Hyvinkää",Hyvinkää,ilmainen
3115331-7,Konehuolto Silmäri Oy,Osakeyhtiö,"Lepintie 93, 58830 Parkumäki",Parkumäki,ilmainen
3116291-8,Huoltokorjaamo Vemmi Oy,Osakeyhtiö,"Tulotie 2, 33470 Ylöjärvi",Ylöjärvi,ilmainen
3116440-3,Veikkarin autopesu oy,Osakeyhtiö,"Veikkarinkatu 1, 05840 Hyvinkää",Hyvinkää,ilmainen
3116595-9,Art EM OÜ sivuliike Suomessa,Sivuliike,"Työpajatie 15, 06150 Porvoo",Porvoo,ilmainen
3117109-9,Suomen D-I Group Oy,Osakeyhtiö,"Kyyhkysmäki 9 C, 02650 Espoo",Espoo,ilmainen
3117404-6,Joen autovärit oy,Osakeyhtiö,"Lylykoskentie 19 F, 80130 Joensuu",Joensuu,ilmainen
3117831-1,MV Konehuolto Oy,Osakeyhtiö,"Joutsenentie 31, 04320 Tuusula",Tuusula,ilmainen
3118048-9,Autohuolto Lipponen Oy,Osakeyhtiö,"Lehtolantie 1, 03850 Pusula",Pusula,ilmainen
3118265-2,Pyry Takkunen Oy,Osakeyhtiö,"Takkavihtantie 1, 85100 Kalajoki",Kalajoki,ilmainen
3118449-8,Marevax Ab Oy,Osakeyhtiö,"Moottorikatu 2, 10960 Hanko Pohjoinen",Hanko Pohjoinen,ilmainen
3118969-4,Rak-huolto oy,Osakeyhtiö,"Kuusimäentie 1, 01900 Nurmijärvi",Nurmijärvi,ilmainen
3119246-3,Kainuun Autotex Oy,Osakeyhtiö,"Nuaskatu 9, 87400 Kajaani",Kajaani,ilmainen
3119564-8,Tojoko Oy,Osakeyhtiö,"Aspitie 16, 80100 Joensuu",Joensuu,ilmainen
3119698-2,ProCustom Oy,Osakeyhtiö,"Tekijänkuja 3 B, 33960 Pirkkala",Pirkkala,ilmainen
3119825-9,Ajokaksikko Huolto Oy,Osakeyhtiö,"Mustamäentie 232, 41520 Hankasalmi",Hankasalmi,ilmainen
3120963-2,Calveter Oy,Osakeyhtiö,"Yrittäjänkuja 3 B, 01800 Klaukkala",Klaukkala,ilmainen
3121309-2,United Auto OY,Osakeyhtiö,"Karjalankatu 21, 08150 Lohja",Lohja,ilmainen
3121424-7,uudenmaan moto- ja autopalvelu oy,Osakeyhtiö,"Kilterinkaari 2 B, 01600 Vantaa",Vantaa,ilmainen
3121732-5,KONETUPA Oy,Osakeyhtiö,"Mattilantie 9, 63700 Ähtäri",Ähtäri,ilmainen
3121749-9,Detailing Point Oy,Osakeyhtiö,"Peuraniitty 5 B, 02750 Espoo",Espoo,ilmainen
3122328-2,K Forsbacka Oy,Osakeyhtiö,"Kolamvägen 52, 68700 Teerijärvi",Teerijärvi,ilmainen
3122576-3,RK Moottorihuolto Oy,Osakeyhtiö,"Ahtelantie 1, 25500 Perniö",Perniö,ilmainen
3122614-1,Pajatie 73 Oy,Osakeyhtiö,"Pajatie 73, 54850 Kuukanniemi",Kuukanniemi,ilmainen
3123667-3,AH Peltonen Oy,Osakeyhtiö,"Teollisuustie 6, 14500 Iittala",Iittala,ilmainen
3123881-2,Acombi oy,Osakeyhtiö,"Komeetankatu 1, 02210 Espoo",Espoo,ilmainen
3124468-1,PDR-palvelut Nieminen Oy,Osakeyhtiö,"Kuhatie 10, 08500 Lohja",Lohja,ilmainen
3124707-3,JM Autolasi Oy,Osakeyhtiö,"Lepolantie 4, 03600 Karkkila",Karkkila,ilmainen
3124824-4,Imatran Autokulma Oy,Osakeyhtiö,"Anssinkatu 4, 55100 Imatra",Imatra,ilmainen
3125190-2,Monihuolto JT Oy,Osakeyhtiö,"Mestarintie 19, 04500 Kellokoski",Kellokoski,ilmainen
3125470-8,Auto- ja Konekorjaus Esala Oy,Osakeyhtiö,"Lepistönkatu 59, 38700 Kankaanpää",Kankaanpää,ilmainen
3125606-8,Autohuolto Avas Oy,Osakeyhtiö,"Sinikellonkuja 3, 01300 Vantaa",Vantaa,ilmainen
3125815-1,Limingantullin Autopesu Oy,Osakeyhtiö,"Alasintie 1, 90400 Oulu",Oulu,ilmainen
3125902-3,Tikkurilan autokorjaamo Oy,Osakeyhtiö,"Kellokukantie 8, 01300 Vantaa",Vantaa,ilmainen
3126010-4,PuuhakasPaja Oy,Osakeyhtiö,"Mommilantie 2206, 12170 Hietoinen",Hietoinen,ilmainen
3126028-6,PD-Services Oy,Osakeyhtiö,"Kuitinmäentie 29, 02240 Espoo",Espoo,ilmainen
3126113-1,Koiviston Könttäpaja Oy,Osakeyhtiö,"Haavistontie 2, 61850 Kauhajoki As",Kauhajoki As,ilmainen
3126412-1,Memo Design Oy,Osakeyhtiö,"Jussintie 15, 85410 Sievi",Sievi,ilmainen
3126728-5,Kalz Palvelut Oy,Osakeyhtiö,"Eino Leinon Katu 24, 13130 Hämeenlinna",Hämeenlinna,ilmainen
3127137-2,Autoliidi Oy,Osakeyhtiö,"Leipomonkuja 3, 40320 Jyväskylä",Jyväskylä,ilmainen
3127257-8,Moto Systems Helsinki Oy,Osakeyhtiö,"Harjunreuna 12 A, 01230 Vantaa",Vantaa,ilmainen
3127292-2,7 Autopesu Oy,Osakeyhtiö,"Mekaanikonkatu 9, 00880 Helsinki",Helsinki,ilmainen
3127640-5,RG Revontuli Oy,Osakeyhtiö,"Koskikatu 27 B, 96200 Rovaniemi",Rovaniemi,ilmainen
3128088-5,Nina-Motors Oy,Osakeyhtiö,"Långinkuja 10, 45360 Valkeala",Valkeala,ilmainen
3128163-4,MPL Autopalvelu Oy,Osakeyhtiö,"Pilaritie 3, 84100 Ylivieska",Ylivieska,ilmainen
3128207-1,Truckwell Oy,Osakeyhtiö,"Ojamäentie 116, 03400 Vihti",Vihti,ilmainen
3128225-8,Angelina Finland Oy,Osakeyhtiö,"Laakavuorentie 7 A, 00970 Helsinki",Helsinki,ilmainen
3128369-9,WW Trucks Oy,Osakeyhtiö,"Teerihalmeentie 17, 38800 Jämijärvi",Jämijärvi,ilmainen
3128561-9,Pietarintien Autohuolto Oy,Osakeyhtiö,"Poltinkuja 6, 55100 Imatra",Imatra,ilmainen
3128565-1,Petteri Palvelu Oy,Osakeyhtiö,"Puurtajankuja 3 B, 04440 Järvenpää",Järvenpää,ilmainen
3128743-8,Ålands Servicecenter Ab,Osakeyhtiö,"Slantgränd 3, 22100 Mariehamn",Mariehamn,ilmainen
3128808-6,V-S huolto Oy,Osakeyhtiö,"Valurinkatu 11, 20360 Turku",Turku,ilmainen
3129034-6,MDJA Autokorjaamo Oy,Osakeyhtiö,"Polunmäenkatu 25 B, 33720 Tampere",Tampere,ilmainen
3129552-6,TF Service Oy,Osakeyhtiö,"Stoppesvägen 79, 67500 Kokkola",Kokkola,ilmainen
3129684-4,Autohuoltosi MJ Oy,Osakeyhtiö,"Palkkikuja 5, 04300 Tuusula",Tuusula,ilmainen
3129949-8,JKN Service Oy,Osakeyhtiö,"Jokihaantie 29, 85500 Nivala",Nivala,ilmainen
3129955-1,EuroNord Service Oy,Osakeyhtiö,"Alaniitynkatu 19b, 53550 Lappeenranta",Lappeenranta,ilmainen
3130194-9,Autohuolto Tervan Veljekset Oy,Osakeyhtiö,"Mäkirinteentie 21, 36220 Kangasala",Kangasala,ilmainen
3130490-4,AW EAST Oy,Osakeyhtiö,"Hirvijahdintie 32, 80710 Lehmo",Lehmo,ilmainen
3130571-2,Keikyän Kone ja Laite Oy,Osakeyhtiö,"Villiläntie 406, 32710 Sampu",Sampu,ilmainen
3130702-1,Hakkila-Steel Oy,Osakeyhtiö,"Hakkilankaari 1/17, 01380 Vantaa",Vantaa,ilmainen
3130821-9,WF Car Care Oy,Osakeyhtiö,"Leinikkitie 3, 67400 Kokkola",Kokkola,ilmainen
3130967-6,Kiinteistökalvokeskus Oy,Osakeyhtiö,"Särkilahdentie 203, 82350 Tikkala",Tikkala,ilmainen
3131222-6,WW Detailing Oy,Osakeyhtiö,"Eestinlaakso 9 A, 02280 Espoo",Espoo,ilmainen
3131384-3,AutoJones Oy,Osakeyhtiö,"Vuolteenmäentie 6 E, 04600 Mäntsälä",Mäntsälä,ilmainen
3131509-9,Garage Kokkola Oy,Osakeyhtiö,"Latojankatu 2 B, 67700 Kokkola",Kokkola,ilmainen
3131966-3,Optimointipalvelut Loimaa Oy,Osakeyhtiö,"Lamminkatu 23, 32200 Loimaa",Loimaa,ilmainen
3132018-9,Auto Clean Center Nina Oy,Osakeyhtiö,"Koskelontie 14 C, 02920 Espoo",Espoo,ilmainen
3132197-4,Fixi-Team Oy,Osakeyhtiö,"Lasitie 20, 15820 Lahti",Lahti,ilmainen
3132451-8,Autobest Oy,Osakeyhtiö,"Muottipojankuja 3 C, 02780 Espoo",Espoo,ilmainen
3132461-4,Kantonen Group Oy,Osakeyhtiö,"Länsiraitti 1, 52550 Hirvensalmi",Hirvensalmi,ilmainen
3132538-5,Kuopion LasiTiimi Oy,Osakeyhtiö,"Volttikatu 12, 70700 Kuopio",Kuopio,ilmainen
3133480-4,JE Customs Oy,Osakeyhtiö,"Vesitie 9, 37200 Siuro",Siuro,ilmainen
3133616-4,JaMiKone Oy,Osakeyhtiö,"Ajurinkatu 4, 53500 Lappeenranta",Lappeenranta,ilmainen
3133905-8,Jyväs Car Oy,Osakeyhtiö,"Akkalankuja 5, 40800 Vaajakoski",Vaajakoski,ilmainen
3134086-8,Sillankorvan Monitoimi Oy,Osakeyhtiö,"Sillankorva 6, 82675 Niirala",Niirala,ilmainen
3134161-7,PGF Autokorjaamo Oy,Osakeyhtiö,"Ahjotie 3, 96320 Rovaniemi",Rovaniemi,ilmainen
3135282-6,Someron Rengas Oy,Osakeyhtiö,"Liiketie 1, 31400 Somero",Somero,ilmainen
3136008-4,Pro Coating Finland Oy,Osakeyhtiö,"Pahkalahdentie 191, 71200 Tuusniemi",Tuusniemi,ilmainen
3136113-2,JEE Works Oy,Osakeyhtiö,"Kalamäentie 7, 21130 Poikko",Poikko,ilmainen
3136308-2,Autopesula Lielahti Oy,Osakeyhtiö,"Asemakatu 9, 40100 Jyväskylä",Jyväskylä,ilmainen
3136951-3,Kiiltoauto Oy,Osakeyhtiö,"Yrjönkatu 4, 48200 Kotka",Kotka,ilmainen
3137017-8,Konehuolto Koski Oy,Osakeyhtiö,"Ojankulmantie 225, 04660 Numminen",Numminen,ilmainen
3137522-7,Tammeko Oy,Osakeyhtiö,"Maatullinkuja 6 E, 00750 Helsinki",Helsinki,ilmainen
3137638-5,TN Pultti ja Mutteri OY,Osakeyhtiö,"Rajamaankaari 19 H, 02970 Espoo",Espoo,ilmainen
3137927-9,Bilja Oy,Osakeyhtiö,00000 Osoite Tuntematon,Osoite Tuntematon,ilmainen
3138761-5,Huoltoset Oy,Osakeyhtiö,"Varastotie 6, 33470 Ylöjärvi",Ylöjärvi,ilmainen
3138896-8,Koivujärven Huoltopalvelu Oy,Osakeyhtiö,"Valtakatu 3, 74700 Kiuruvesi",Kiuruvesi,ilmainen
3138923-1,Outogroup Carcare Oy,Osakeyhtiö,"Ratatie 4, 21250 Masku",Masku,ilmainen
3139004-8,Autohuolto Lehtonen Oy,Osakeyhtiö,"Kangasniementie 252, 19650 Joutsa",Joutsa,ilmainen
3139009-9,Oy Vaskiluodon Autohuolto - Vasklot Bilservice Ab,Osakeyhtiö,"Moottorikatu 11, 65170 Vaasa",Vaasa,ilmainen
3140007-4,Akaan Verhoomo OY,Osakeyhtiö,"Satamatie 37, 37800 Akaa",Akaa,ilmainen
3140058-4,Diesellandia Oy,Osakeyhtiö,"Uusi Teollisuustie 4, 68300 Kälviä",Kälviä,ilmainen
3140131-7,NTB Services Oy,Osakeyhtiö,"Tiemestarinkatu 2, 06100 Porvoo",Porvoo,ilmainen
3140379-3,Hämeen automaalaus Oy,Osakeyhtiö,"Harkkotie 2, 15560 Nastola",Nastola,ilmainen
3140501-9,Vanikor oy,Osakeyhtiö,"Sulantie 10, 04300 Tuusula",Tuusula,ilmainen
3141032-8,RMR Autohuolto Pornainen Oy,Osakeyhtiö,"Moreenitie 2, 07170 Pornainen",Pornainen,ilmainen
3141042-4,OV-Group Oy,Osakeyhtiö,"Hulikanmutka 6 H, 37570 Lempäälä",Lempäälä,ilmainen
3141198-8,KosLa Pesula Oy,Osakeyhtiö,"Teollisuustie 2, 14500 Iittala",Iittala,ilmainen
3141455-6,Shengle Oy,Osakeyhtiö,00000 Osoite Tuntematon,Osoite Tuntematon,ilmainen
3141601-7,Leppävirran Kolarityökeskus Oy,Osakeyhtiö,"Pohjukansalontie 5, 79100 Leppävirta",Leppävirta,ilmainen
3141737-8,JA-TI TRANS OY,Osakeyhtiö,"Pisantie 662, 97140 Muurola",Muurola,ilmainen
3141934-9,Pikkiksen paja Oy,Osakeyhtiö,"Satukaari 6, 15550 Nastola",Nastola,ilmainen
3141965-6,Mossea Raskashuolto Oy,Osakeyhtiö,"Kirkkopolku 18, 83500 Outokumpu",Outokumpu,ilmainen
3142121-1,Korjaamo Autotoveri Oy,Osakeyhtiö,00000 Osoite Tuntematon,Osoite Tuntematon,ilmainen
3142754-1,Harkkotien Auto Oy,Osakeyhtiö,"Harkkotie 2, 15560 Nastola",Nastola,ilmainen
3143240-4,Kilpeläinen Racing Oy,Osakeyhtiö,"Pellonpääntie 44, 78480 Timola",Timola,ilmainen
3143489-9,JT Skandic Autokorjaamo Oy,Osakeyhtiö,00000 Osoite Tuntematon,Osoite Tuntematon,ilmainen
3143494-4,K & K Autohuolto Oy,Osakeyhtiö,"Liekonkuja 5 A, 04300 Tuusula",Tuusula,ilmainen
3143724-8,Sarka Caravan Oy,Osakeyhtiö,"Peitturinkatu 6, 21260 Raisio",Raisio,ilmainen
3143740-8,Vasarakadun autopesu & huolto Oy,Osakeyhtiö,"Vasarakatu 7, 40320 Jyväskylä",Jyväskylä,ilmainen
3143805-6,Seijari Group Oy,Osakeyhtiö,"Viitavuorentie 150, 63300 Alavus",Alavus,ilmainen
3143935-8,Pure Drive Autokorjaamo Oy,Osakeyhtiö,00000 Osoite Tuntematon,Osoite Tuntematon,ilmainen
3144060-7,Määtän paja Oy,Osakeyhtiö,"Patastenmäentie 7, 11130 Riihimäki",Riihimäki,ilmainen
3144166-9,Rassaamo Oy,Osakeyhtiö,"Kalkkikiventie 2, 04300 Tuusula",Tuusula,ilmainen
3144287-2,JerJoa Service Oy,Osakeyhtiö,"Seisakkeenkatu 1, 29200 Harjavalta",Harjavalta,ilmainen
3144572-3,Kone ja Autohuolto Eskola Oy,Osakeyhtiö,"Koivusyrjä 5, 02130 Espoo",Espoo,ilmainen
3145060-2,TM Huolto ja Kuljetus Oy,Osakeyhtiö,"Liinalamminkatu 2, 41160 Tikkakoski",Tikkakoski,ilmainen
3145129-3,Protek-Service Oy,Osakeyhtiö,"Leppäojantie 225, 19650 Joutsa",Joutsa,ilmainen
3145427-5,Ylläs Garage Oy,Osakeyhtiö,"Kangosjärventie 199, 99360 Kangosjärvi",Kangosjärvi,ilmainen
3146140-8,K-Autopesu Oy,Osakeyhtiö,"Marjamäentie 21, 37550 Lempäälä",Lempäälä,ilmainen
3146277-7,JRV - Center Oy,Osakeyhtiö,"Kiviniementie 25, 32730 Sastamala",Sastamala,ilmainen
3146751-9,Garace Oy,Osakeyhtiö,00000 Osoite Tuntematon,Osoite Tuntematon,ilmainen
3146754-3,Autofix Keuruu Oy,Osakeyhtiö,"Hallikuja 1 B, 42800 Haapamäki",Haapamäki,ilmainen
3146810-8,renkailla.com oy,Osakeyhtiö,"Saarnikatu 15, 74130 Iisalmi",Iisalmi,ilmainen
3146993-6,Future Rusty Company Oy,Osakeyhtiö,"Tanikansaarentie 7, 78710 Varkaus",Varkaus,ilmainen
3147017-9,Tampereen Tehopesu Oy,Osakeyhtiö,"Keskuvainionkatu 6, 33720 Tampere",Tampere,ilmainen
3147048-6,AST Autohuolto Oy Forssa,Osakeyhtiö,"Yrittäjänkaari 7, 30420 Forssa",Forssa,ilmainen
3147063-8,Autopesu MOK Oy,Osakeyhtiö,"Hitsaajantie 7 B, 06450 Porvoo",Porvoo,ilmainen
3147201-9,Tjm korjaamo oy,Osakeyhtiö,"Keskiruskonkatu 8 B, 33720 Tampere",Tampere,ilmainen
3147314-2,MOS Autohuolto Oy,Osakeyhtiö,"Rengastie 2 B, 60120 Seinäjoki",Seinäjoki,ilmainen
3147602-8,Muijalan auto ja konekorjaamo Oy,Osakeyhtiö,"Mustalahdentie 21, 08680 Lohja",Lohja,ilmainen
3147603-6,Juvan Autohuolto Oy,Osakeyhtiö,"Pyydystie 1, 51900 Juva",Juva,ilmainen
3147836-5,PlanetGarage Finland Oy,Osakeyhtiö,"Ekohaka 8, 90440 Kempele",Kempele,ilmainen
3148424-7,JPL Works Oy,Osakeyhtiö,"Laajamäentie 9, 13430 Hämeenlinna",Hämeenlinna,ilmainen
3148484-5,MiJa Service Oy,Osakeyhtiö,"Säräisniementie 524, 91760 Säräisniemi",Säräisniemi,ilmainen
3148579-2,Meterok Oy,Osakeyhtiö,"Pinotie 15 B, 33470 Ylöjärvi",Ylöjärvi,ilmainen
3148739-2,LE Saarivirta Oy,Osakeyhtiö,"Myöntäjäntie 613, 38600 Lavia",Lavia,ilmainen
3149108-4,Lokal Autokorjaamo oy,Osakeyhtiö,"Simonkalliontie 9 D, 01350 Vantaa",Vantaa,ilmainen
3149293-3,Motax Ab,Osakeyhtiö,"Varvsvägen 4, 22100 Mariehamn",Mariehamn,ilmainen
3149304-7,King Car Wash Turku Oy,Osakeyhtiö,"Kuninkojankaari 5, 20320 Turku",Turku,ilmainen
3149525-3,Nick's garage Oy,Osakeyhtiö,"Jalavatie 6, 04130 Sipoo",Sipoo,ilmainen
3149835-8,West Tuning Cars Oy,Osakeyhtiö,00000 Osoite Tuntematon,Osoite Tuntematon,ilmainen
3149997-5,Autohuolto T. Luoma Oy,Osakeyhtiö,"Pirkantie 22, 34800 Virrat",Virrat,ilmainen
3150177-2,Autohuolto Tihmola Oy,Osakeyhtiö,"Sorastajantie 4, 40320 Jyväskylä",Jyväskylä,ilmainen
3150488-5,Wuppe Palvelut Oy,Osakeyhtiö,"Porttiniityntie 14 H, 02180 Espoo",Espoo,ilmainen
3150606-3,CarCorner Oy,Kommandiittiyhtiö,"Rattitie 26 B, 00770 Helsinki",Helsinki,ilmainen
3150716-2,Tonsal Oy,Osakeyhtiö,"Hiirenpolku 9 A, 03400 Vihti",Vihti,ilmainen
3150806-9,W Repair & Rental Oy,Osakeyhtiö,"Sillantaantie 92, 23800 Laitila",Laitila,ilmainen
3150879-8,racinGPalvelu Finland Oy,Osakeyhtiö,"Moreenitie 2, 07170 Pornainen",Pornainen,ilmainen
3150955-5,DT-Service Oy,Osakeyhtiö,"Tarinantie 4, 71800 Siilinjärvi",Siilinjärvi,ilmainen
3150969-4,Bunker Garage Oy,Osakeyhtiö,"Puusepänkatu 11, 00880 Helsinki",Helsinki,ilmainen
3151108-1,Autosta Oy,Osakeyhtiö,"Ritarikuja 5b, 01700 Vantaa",Vantaa,ilmainen
3151386-1,AutoFixed Oy,Osakeyhtiö,"Koskelontie 19, 02920 Espoo",Espoo,ilmainen
3151472-5,Antikan Korjaamo Oy,Osakeyhtiö,"Matosaarentie 274, 86300 Oulainen",Oulainen,ilmainen
3151913-9,EK Nyblom Oy,Osakeyhtiö,"Hiidentaival 7, 37120 Nokia",Nokia,ilmainen
3152381-6,AT-Brothers Oy,Osakeyhtiö,00000 Osoite Tuntematon,Osoite Tuntematon,ilmainen
3152447-2,SNG-auto Oy,Osakeyhtiö,"Käpälämäki 2, 50670 Otava",Otava,ilmainen
3153165-6,AutoFix Joensuu Oy,Osakeyhtiö,"Parrutie 23, 80100 Joensuu",Joensuu,ilmainen
3153215-7,Kukaekario Oy,Osakeyhtiö,"Nikintie 2 D, 90820 Kello",Kello,ilmainen
3153308-8,AH-Clean Oy,Osakeyhtiö,00000 Osoite Tuntematon,Osoite Tuntematon,ilmainen
3153692-4,Mejaku Consultant Oy,Osakeyhtiö,00000 Osoite Tuntematon,Osoite Tuntematon,ilmainen
3153727-3,Miniko Oy,Osakeyhtiö,"Karjakatu 30 B, 20540 Turku",Turku,ilmainen
3153902-5,Arif Frank Oy,Osakeyhtiö,00000 Osoite Tuntematon,Osoite Tuntematon,ilmainen
3154740-4,Safija Ltd Oy,Osakeyhtiö,"Huurrekuja 7 A, 04360 Tuusula",Tuusula,ilmainen
3154985-6,Autopalvelu T. Virtanen Oy,Osakeyhtiö,"Myllyojantie 169, 18600 Myllyoja",Myllyoja,ilmainen
3155181-7,Mikkelin auto ja konepalvelu Oy,Osakeyhtiö,"Joki-Sairilantie 21, 50180 Mikkeli",Mikkeli,ilmainen
3155210-7,KOS saari Oy,Osakeyhtiö,"Vanainkatu 1, 13200 Hämeenlinna",Hämeenlinna,ilmainen
3155469-8,Karhulan Autokorjaamo Oy,Osakeyhtiö,"Karhulankyläntie 60, 32200 Loimaa",Loimaa,ilmainen
3155897-1,Elon Autospa Oy,Osakeyhtiö,"Vehmaantie 10, 33470 Ylöjärvi",Ylöjärvi,ilmainen
3155910-6,HP Autohuolto Oy,Osakeyhtiö,"Teollisuustie 19, 96320 Rovaniemi",Rovaniemi,ilmainen
3156454-6,DMX Autofix ja Maalaus Oy,Osakeyhtiö,"Harkkoraudantie 6, 00700 Helsinki",Helsinki,ilmainen
3156820-5,Bahasht Oy,Osakeyhtiö,"Takomotie 1-3, 00380 Helsinki",Helsinki,ilmainen
3157102-5,Element 5 Oy,Osakeyhtiö,"Nahkurinkatu 3 B, 08100 Lohja",Lohja,ilmainen
3157648-3,Keihäsniemen palvelut Oy,Osakeyhtiö,"Keihäsniementie 58, 41410 Kankainen",Kankainen,ilmainen
3157751-5,Savihaka Oy,Osakeyhtiö,"Vanattarantie 80, 37560 Lempäälä",Lempäälä,ilmainen
3158097-6,Autokorjaamo Kauhava Oy,Osakeyhtiö,"Viitalankuja 2, 62200 Kauhava",Kauhava,ilmainen
3158656-9,Star Kulak Oy,Osakeyhtiö,"Olkkalantie 244, 03400 Vihti",Vihti,ilmainen
3158776-4,Tope-Tech Oy,Osakeyhtiö,"Lehtomäentie 123, 42330 Haavisto",Haavisto,ilmainen
3159124-5,Jussin Ajoneuvopalvelu Oy,Osakeyhtiö,"Haapaniementie 40, 37630 Valkeakoski",Valkeakoski,ilmainen
3159621-4,Arin Autopalvelu Oy,Osakeyhtiö,"Suotie 16, 05200 Rajamäki",Rajamäki,ilmainen
3159677-5,AB Zemice Oy,Osakeyhtiö,"Lehtimäentie 16, 33960 Pirkkala",Pirkkala,ilmainen
3160107-9,JJ Fix&Color Oy,Osakeyhtiö,"Niementie 80, 69600 Kaustinen",Kaustinen,ilmainen
3160262-9,Möykky Oy,Osakeyhtiö,"Simunankoskentie 5 as., 41325 Laukkavirta",Laukkavirta,ilmainen
3160328-5,Humaloja Oy,Osakeyhtiö,"Haapatie 8, 74700 Kiuruvesi",Kiuruvesi,ilmainen
3160447-2,AutoMeediot Oy,Osakeyhtiö,"Porvoontie 432, 07740 Pernajan Vanhakylä",Pernajan Vanhakylä,ilmainen
3160487-8,DPF Clean Oy,Osakeyhtiö,"Puurtajantie 13 C, 60100 Seinäjoki",Seinäjoki,ilmainen
3160716-3,Lapin Auto- ja Konekorjaus Oy,Osakeyhtiö,"Saarensivuntie 53, 97110 Rautiosaari",Rautiosaari,ilmainen
3160942-5,Carnova Oy,Osakeyhtiö,"Päiväläisentie 2, 00290 Helsinki",Helsinki,ilmainen
3161055-7,SHB Autohuolto Oy,Osakeyhtiö,"Lyhtytie 13, 00740 Helsinki",Helsinki,ilmainen
3161445-1,MJH Racing Oy,Osakeyhtiö,"Yritystie 3, 90940 Jääli",Jääli,ilmainen
3161801-4,Lotun fixi Oy,Osakeyhtiö,"Töpinätie 4, 13500 Hämeenlinna",Hämeenlinna,ilmainen
3161885-8,JTT Asennus oy,Osakeyhtiö,"Ketunniementie 12, 50130 Mikkeli",Mikkeli,ilmainen
3161895-4,Autohuolto VolFix Oy,Osakeyhtiö,"Kytkintie 12, 00770 Helsinki",Helsinki,ilmainen
3161912-1,Aitohuolto Oy,Osakeyhtiö,"Sähkömestarintie 8, 13130 Hämeenlinna",Hämeenlinna,ilmainen
3161954-3,AutohuoltoE18 Bilverkstad Oy,Osakeyhtiö,,,ilmainen
3161994-9,PP Hi-Tech Oy,Osakeyhtiö,00981 Helsinki,Helsinki,ilmainen
3162125-6,MTN Palvelut Oy,Osakeyhtiö,"Liinakkokuja 1 A, 01200 Vantaa",Vantaa,ilmainen
3162268-9,RT Tuning Oy,Osakeyhtiö,"Vedenottamontie 8 A, 00980 Helsinki",Helsinki,ilmainen
3162442-2,HECTOR VOIMA OY,Osakeyhtiö,"Skanssinkatu 110, 20730 Turku",Turku,ilmainen
3162506-2,Autohuolto Mäenpää Oy,Osakeyhtiö,"Vihdintie 7, 03100 Nummela",Nummela,ilmainen
3162816-7,ATA- autohuolto Oy,Osakeyhtiö,"Lautamiehentie 2, 02770 Espoo",Espoo,ilmainen
3162966-1,Omapesu Oy,Osakeyhtiö,"Tulemantie 1 B, 70800 Kuopio",Kuopio,ilmainen
3163042-7,S&V Vuokraus- ja kuljetuspalvelu Oy,Osakeyhtiö,"Apilakatu 8, 20740 Turku",Turku,ilmainen
3163093-7,Performance Tuning & Styling Oy,Osakeyhtiö,00000 Osoite Tuntematon,Osoite Tuntematon,ilmainen
3163494-6,Autokorjaamo AVUCAR OY,Osakeyhtiö,"Karkumaantie 14, 90900 Kiiminki",Kiiminki,ilmainen
3163509-2,Seinäjoen Raskashuolto Oy,Osakeyhtiö,"Kiskoväylä 1, 60100 Seinäjoki",Seinäjoki,ilmainen
3163609-5,Tali Leno Oy,Osakeyhtiö,"Masalantie 397 B, 02430 Masala",Masala,ilmainen
3164084-4,JP Service Oy,Osakeyhtiö,"Kuonomäentie 593, 01830 Lepsämä",Lepsämä,ilmainen
3164282-3,Sata-Color Oy,Osakeyhtiö,"Räikänkatu 23, 29200 Harjavalta",Harjavalta,ilmainen
3164375-4,M. FIXERS OY,Osakeyhtiö,"Paloniementie 17 as., 40250 Jyväskylä",Jyväskylä,ilmainen
3164424-7,The DynoLab Ab,Osakeyhtiö,"Petsmovägen 139, 66530 Koivulahti",Koivulahti,ilmainen
3164802-9,M.J. Garage Oy,Osakeyhtiö,"Tolppatörmäntie 64, 90830 Haukipudas",Haukipudas,ilmainen
3164961-1,Hälls Garage Ab Oy,Osakeyhtiö,"Bråtövägen 74, 68500 Kruunupyy",Kruunupyy,ilmainen
3165881-7,MJV-Huolto Oy,Osakeyhtiö,"Lempiäläntie 39, 53300 Lappeenranta",Lappeenranta,ilmainen
3165959-6,BB-Huolto Oy,Osakeyhtiö,"Niuhalanraitti 9, 03400 Vihti",Vihti,ilmainen
3166007-9,PLC Truck Service Oy,Osakeyhtiö,"Kiilaniityntie 10, 02920 Espoo",Espoo,ilmainen
3166019-1,Lempolan autohuolto Oy,Osakeyhtiö,"Lehmijärventie 8, 08500 Lohja",Lohja,ilmainen
3166625-1,J. Saarinen Oy,Osakeyhtiö,"Vähäkyläntie 8, 27150 Eurajoki",Eurajoki,ilmainen
3167016-2,GS Autokorjaamot Oy,Osakeyhtiö,00000 Osoite Tuntematon,Osoite Tuntematon,ilmainen
3167563-3,Come&go Oy,Osakeyhtiö,"Opistonkatu 4, 38700 Kankaanpää",Kankaanpää,ilmainen
3167779-4,M&R Vuorinen Oy,Osakeyhtiö,"Högberginhaara 1, 04360 Tuusula",Tuusula,ilmainen
3168030-1,AlevCarWash Oy,Osakeyhtiö,00000 Osoite Tuntematon,Osoite Tuntematon,ilmainen
3168041-6,Bilstop Oy,Osakeyhtiö,"Sahaajankatu 43, 00880 Helsinki",Helsinki,ilmainen
3168346-5,Karjalohjan Autoasennus Oy,Osakeyhtiö,"Veistämöntie 5, 09120 Karjalohja",Karjalohja,ilmainen
3168794-1,Mysinge Verkstad Ab,Osakeyhtiö,"Europavägen 445, 68910 Pännäinen",Pännäinen,ilmainen
3168843-4,Enos Serwice Oy,Osakeyhtiö,"Untolantie 20, 39100 Hämeenkyrö",Hämeenkyrö,ilmainen
3168869-6,IB- Ajoneuvojen pesupalvelut Oy,Osakeyhtiö,"Postintaival 5, 00230 Helsinki",Helsinki,ilmainen
3169227-3,Palon Kone & Rengas Oy,Osakeyhtiö,"Ukko-Huhdantie 102, 27640 Honkilahti Kk",Honkilahti Kk,ilmainen
3169334-8,Hakahuolto Oy,Osakeyhtiö,"Puomikuja 5, 49400 Hamina",Hamina,ilmainen
3169598-4,Lännen auto&venekorjaamo Oy,Osakeyhtiö,"Hillintie 41 A, 26740 Vasarainen",Vasarainen,ilmainen
3169826-1,Kaasmarkun KK-Huolto Oy,Osakeyhtiö,"Kiviaidantie 15, 28800 Pori",Pori,ilmainen
3169883-5,Autohuolto Lehtisalo Oy,Osakeyhtiö,"Hopianpolku 6, 21270 Nousiainen",Nousiainen,ilmainen
3170324-3,KAP-TIP OY,Osakeyhtiö,"Voiniementie 24, 82200 Hammaslahti",Hammaslahti,ilmainen
3170601-4,Pesu Kenraalit Oy,Osakeyhtiö,"Piilipuuntie 12 B, 02250 Espoo",Espoo,ilmainen
3170850-3,J Huolto Oy,Osakeyhtiö,"Prosessikatu 8 B, 21100 Naantali",Naantali,ilmainen
3170874-9,F-Service Oy,Osakeyhtiö,"Teollisuustie 1, 04300 Tuusula",Tuusula,ilmainen
3171271-3,Rks-Car Oy,Osakeyhtiö,"Ylivieskantie 189 B, 85500 Nivala",Nivala,ilmainen
3171582-6,Poikonen-atp oy,Osakeyhtiö,"Pohjantähdentie 1-3 B, 39200 Kyröskoski",Kyröskoski,ilmainen
3171611-6,KJ Autohuolto Oy,Osakeyhtiö,"Puutarhatie 26 A, 01300 Vantaa",Vantaa,ilmainen
3172243-6,Rikun Autofix Oy,Osakeyhtiö,"Radanvarsitie 99, 13720 Parola",Parola,ilmainen
3172252-4,Kukotec Oy,Osakeyhtiö,"Katajakatu 8, 39700 Parkano",Parkano,ilmainen
3172447-4,HMHelp Oy,Osakeyhtiö,"Toivantie 193, 12450 Vähikkälä",Vähikkälä,ilmainen
3172883-8,NYK Autopalvelu Oy,Osakeyhtiö,"Tiilipojanlenkki 6, 01720 Vantaa",Vantaa,ilmainen
3172999-6,K&T Vaihteistohuolto Oy,Osakeyhtiö,"Haatalantie 217 B, 71745 Haatala",Haatala,ilmainen
3173215-9,Autohuolto 247 Oy,Osakeyhtiö,"Lampputie 12 C, 00740 Helsinki",Helsinki,ilmainen
3173303-9,Martin Asennusapu Oy,Osakeyhtiö,"Haarniskatie 9 B, 00910 Helsinki",Helsinki,ilmainen
3173431-4,TKA-TYÖ Oy,Osakeyhtiö,"Katissuontie 64, 42100 Jämsä",Jämsä,ilmainen
3173800-8,DRD Finland Oy,Osakeyhtiö,"Asesepänkuja 2, 00620 Helsinki",Helsinki,ilmainen
3174139-7,Kaarahuolto oy,Osakeyhtiö,"Laakeritie 20b, 90620 Oulu",Oulu,ilmainen
3174373-9,Autohuolto Kannisto Oy,Osakeyhtiö,"Linnanherrankatu 9, 32700 Huittinen",Huittinen,ilmainen
3174396-6,KH Sata Oy,Osakeyhtiö,"Sepänpellontie 10, 28430 Pori",Pori,ilmainen
3174644-6,Itä-Helsingin Autokorjaamo Oy,Osakeyhtiö,"Linnanherrankuja 2, 00950 Helsinki",Helsinki,ilmainen
3174942-8,Kamitec Oy,Osakeyhtiö,"Tuulensuu 22, 08500 Lohja",Lohja,ilmainen
3175182-7,FiCarEst Service Oy,Osakeyhtiö,"Vainiontie 4 B, 33470 Ylöjärvi",Ylöjärvi,ilmainen
3175235-2,Askon Auto Oy,Osakeyhtiö,"Metsätie 14, 85340 Sievi",Sievi,ilmainen
3175322-4,ReadyGo Palvelut Oy,Osakeyhtiö,"Hermannin Rantatie 5, 00580 Helsinki",Helsinki,ilmainen
3175336-3,Oulun Kärryhuolto Oy,Osakeyhtiö,"Vesalantie 2, 90410 Oulu",Oulu,ilmainen
3175448-9,TM-Apumies Oy,Osakeyhtiö,"Ruuvikatu 6, 48770 Kotka",Kotka,ilmainen
3175555-3,Repair Wizards Oy,Osakeyhtiö,"Tuomaalantie 57, 55100 Imatra",Imatra,ilmainen
3175561-7,MTH Huolto Oy,Osakeyhtiö,"Kolkonrannantie 90, 51940 Härkälä",Härkälä,ilmainen
3175772-7,NORTHWESTPRO Oy,Osakeyhtiö,"Hakalantie 23, 29600 Noormarkku",Noormarkku,ilmainen
3175798-9,Otso Oksanen Oy,Osakeyhtiö,"Maurizintie 7 A, 21530 Paimio",Paimio,ilmainen
3176223-5,Nordic Motors Oy,Osakeyhtiö,"Marttiinintie 6, 96300 Rovaniemi",Rovaniemi,ilmainen
3176359-6,Avdiu Oy,Osakeyhtiö,"Marsinkuja 4 A, 01480 Vantaa",Vantaa,ilmainen
3176625-2,Lion Team Oy,Osakeyhtiö,04301 Tuusula,Tuusula,ilmainen
3176838-9,Autohuolto Tarmo Lepp Oy,Osakeyhtiö,"Teollisuuskatu 6, 11130 Riihimäki",Riihimäki,ilmainen
3176923-4,ER Truck Service Oy,Osakeyhtiö,"Kontulankuja 3 D, 00940 Helsinki",Helsinki,ilmainen
3176996-3,PM Autohuolto oy,Osakeyhtiö,"Yrittäjäntie 10, 19650 Joutsa",Joutsa,ilmainen
3177233-7,Gearbox huolto Oy,Osakeyhtiö,"Hunninsuonkatu 7, 33560 Tampere",Tampere,ilmainen
3177250-5,Porin Autohuolto Oy,Osakeyhtiö,"Ojantie 30, 28130 Pori",Pori,ilmainen
3177321-7,UA Huolto Oy,Osakeyhtiö,00000 Osoite Tuntematon,Osoite Tuntematon,ilmainen
3177324-1,Kolhuvex Oy,Osakeyhtiö,"Puurtajantie 14, 60100 Seinäjoki",Seinäjoki,ilmainen
3177339-9,AutOulu Oy,Osakeyhtiö,"Varsitie 26, 90530 Oulu",Oulu,ilmainen
3177481-8,TNJ-Invest Oy,Osakeyhtiö,"Avantintie 24, 21420 Lieto",Lieto,ilmainen
3177546-6,Seppälän Autopesu Oy,Osakeyhtiö,"Vasarakatu 7, 40320 Jyväskylä",Jyväskylä,ilmainen
3178006-2,SV AUTO OY,Osakeyhtiö,"Syväojankatu 11, 15700 Lahti",Lahti,ilmainen
3178086-3,Mateko Invest Oy,Osakeyhtiö,"Turkkirata 31, 33960 Pirkkala",Pirkkala,ilmainen
3178118-8,Carlix Ab,Osakeyhtiö,"Zinkvägen 4 H, 68570 Luoto",Luoto,ilmainen
3178263-1,Kellokosken Woimalaitos oy,Osakeyhtiö,"Oppipojantie 6 F, 04500 Kellokoski",Kellokoski,ilmainen
3178537-3,Vihdin Palvelut Oy,Osakeyhtiö,"Kuormakuja 6, 03100 Nummela",Nummela,ilmainen
3178606-9,Bilarmek Oy,Osakeyhtiö,"Puulaakintie 6, 40320 Jyväskylä",Jyväskylä,ilmainen
3178722-1,Päivärinta Power Oy,Osakeyhtiö,"Höyläkatu 2, 53500 Lappeenranta",Lappeenranta,ilmainen
3178725-6,Tomi Pirkkanen Oy,Osakeyhtiö,"Havulankankaantie 15, 41660 Toivakka",Toivakka,ilmainen
3178893-7,Autohuolto Vehikles Oy,Osakeyhtiö,"Teollisuustie 1, 73200 Varpaisjärvi",Varpaisjärvi,ilmainen
3179143-1,AutoKatara Oy,Osakeyhtiö,"Rajakoskentie 21, 39820 Kihniö",Kihniö,ilmainen
3179477-1,Hangon Autohuolto Oy,Osakeyhtiö,"Hemming Elfvingin Tie 6, 10960 Hanko Pohjoinen",Hanko Pohjoinen,ilmainen
3179749-7,AutoDent Raisio Oy,Osakeyhtiö,"Vähäntuvantie 1a lh., 00390 Helsinki",Helsinki,ilmainen
3180055-3,Gasthaus Vaala Oy,Osakeyhtiö,"Vaalantie 13, 91700 Vaala",Vaala,ilmainen
3180304-1,Auto-Alarm Finland Oy,Osakeyhtiö,"Hirsimetsäntie 10, 15200 Lahti",Lahti,ilmainen
3180363-1,Moottori & Vaihteisto Manninen Oy,Osakeyhtiö,"Tallitie 7, 88470 Kontiomäki",Kontiomäki,ilmainen
3180878-2,Finnorax Oy,Osakeyhtiö,"Porvoonkatu 4 A, 04200 Kerava",Kerava,ilmainen
3180884-6,Busix Oy,Osakeyhtiö,"Hakkilankaari 7 B, 01380 Vantaa",Vantaa,ilmainen
3180981-4,Autokorjaamo Ysom Oy,Osakeyhtiö,"Paasivaarankatu 5, 00810 Helsinki",Helsinki,ilmainen
3181408-2,HT Garage Oy,Osakeyhtiö,"Myllykatu 6, 76100 Pieksämäki",Pieksämäki,ilmainen
3181451-7,Nurmisen Auto Oy,Osakeyhtiö,"Ajokatu 65, 15500 Lahti",Lahti,ilmainen
3181934-2,Suomen Takuuhuolto oy,Osakeyhtiö,"Karjalankatu 21, 08150 Lohja",Lohja,ilmainen
3182162-9,ER Autopuhdistus Oy,Osakeyhtiö,00000 Osoite Tuntematon,Osoite Tuntematon,ilmainen
3182580-6,Kolarikorjaamo Mattila Oy,Osakeyhtiö,"Hirsimoisiontie 5, 33680 Tampere",Tampere,ilmainen
3182731-8,Washmasters Oy,Osakeyhtiö,"Kaanaanpolku 7, 67300 Kokkola",Kokkola,ilmainen
3183179-8,Lapin DPF Pesu Oy,Osakeyhtiö,"Ulakatu 8, 96300 Rovaniemi",Rovaniemi,ilmainen
3183444-6,Oma Autohuolto Oy,Osakeyhtiö,"Friisinmäentie 5, 02600 Espoo",Espoo,ilmainen
3183526-2,SC Detailing Finland Oy,Osakeyhtiö,"Malminhaankuja 5 G, 02280 Espoo",Espoo,ilmainen
3183552-9,Möykkä Oy,Osakeyhtiö,00000 Osoite Tuntematon,Osoite Tuntematon,ilmainen
3183572-1,Nitrotruck Ab Oy,Osakeyhtiö,"Bottenviksvägen 53, 68600 Pietarsaari",Pietarsaari,ilmainen
3183743-6,TTRS Cars & Services Oy,Osakeyhtiö,"Asentajantie 7 A, 02400 Kirkkonummi",Kirkkonummi,ilmainen
3183825-2,Pirkanmaan Konetekniikka Oy,Osakeyhtiö,"Rantatie 1, 39100 Hämeenkyrö",Hämeenkyrö,ilmainen
3184231-5,Auto ja Tuulilasipalvelu Lehtisaari Oy,Osakeyhtiö,"Rounionkatu 100, 37150 Nokia",Nokia,ilmainen
3184289-2,MB Autoservice Oy,Osakeyhtiö,"Mestarintie 2, 21500 Piikkiö",Piikkiö,ilmainen
3184513-7,MT-Konepalvelu Oy,Osakeyhtiö,"Matinkatu 3, 29200 Harjavalta",Harjavalta,ilmainen
3184561-2,Car City Oy,Osakeyhtiö,"Purokatu 2 A, 21200 Raisio",Raisio,ilmainen
3184620-1,Uronkankaan Huolto Oy,Osakeyhtiö,"Uronkangas 23, 54510 Uro",Uro,ilmainen
3184747-4,Hotmotor huolto Oy,Osakeyhtiö,"Asulansuora 5b, 61400 Ylistaro",Ylistaro,ilmainen
3184907-4,Keltainen Koira Oy,Osakeyhtiö,"Rajamaankaari 9, 02970 Espoo",Espoo,ilmainen
3185079-6,K.A.M.A Service Oy,Osakeyhtiö,"Vallarsvedjantie 8 A, 10300 Karjaa",Karjaa,ilmainen
3185083-3,Silver Auto Invest Oy,Osakeyhtiö,"Kurvolanranta 3, 37800 Akaa",Akaa,ilmainen
3185388-2,MTS Kone&Metalli Oy,Osakeyhtiö,"Kumpontie 53, 85180 Rahja",Rahja,ilmainen
3186182-3,Helsinki Autokorjaus Päiväläisentie Oy,Osakeyhtiö,"Päiväläisentie 2, 00390 Helsinki",Helsinki,ilmainen
3186291-4,Jobdan Oy,Osakeyhtiö,"Kantokuja 13, 01360 Vantaa",Vantaa,ilmainen
3186546-1,Simon pienkone Oy,Osakeyhtiö,"Ranuantie 355 A, 95260 Tainionjoki",Tainionjoki,ilmainen
3186946-2,Huoltoservice M Rajala Oy,Osakeyhtiö,"Malmikuja 7, 29320 Leineperi",Leineperi,ilmainen
3187293-6,Moose Finance Oy,Osakeyhtiö,"Oripääntie 976, 32410 Niinijoki",Niinijoki,ilmainen
3187342-9,Helsinki Customs Oy,Osakeyhtiö,"Jokisuunkuja 2, 00560 Helsinki",Helsinki,ilmainen
3187623-2,ATS Autohuolto Lielahti Oy,Osakeyhtiö,"Alimaantie 183, 14200 Turenki",Turenki,ilmainen
3188224-5,AAD Oy,Osakeyhtiö,"Niittylänpolku 7 H, 00620 Helsinki",Helsinki,ilmainen
3188916-4,Moi Carwash Oy,Osakeyhtiö,"Valimotie 19, 00380 Helsinki",Helsinki,ilmainen
3188924-4,Nila Motors Oy,Osakeyhtiö,"Kirjapainontie 119, 43100 Saarijärvi",Saarijärvi,ilmainen
3188971-1,BARKKO OY,Osakeyhtiö,00000 Osoite Tuntematon,Osoite Tuntematon,ilmainen
3189652-4,Autopalvelu Järvinen OY,Osakeyhtiö,"Pitkäniityntie 41, 21270 Nousiainen",Nousiainen,ilmainen
3190075-7,Autopesu 5/5 Oy,Osakeyhtiö,"Hatanpään Valtatie 1, 33100 Tampere",Tampere,ilmainen
3190645-4,Kuusamon autofiksaus&huolto oy,Osakeyhtiö,"Torangintaival 3, 93600 Kuusamo",Kuusamo,ilmainen
3190731-8,HARTUS WORKS OY,Osakeyhtiö,"Raitoontie 830, 31110 Matku",Matku,ilmainen
3191108-5,Jankotech Oy,Osakeyhtiö,"Hongisojantie 93, 01860 Perttula",Perttula,ilmainen
3191159-5,Autokorjaamo Metsämäki Oy,Osakeyhtiö,"Korvenkyläntie 547, 32700 Huittinen",Huittinen,ilmainen
3191269-4,Pajunen Motorsport Oy,Osakeyhtiö,"Joupinpuisto 1 F, 02760 Espoo",Espoo,ilmainen
3191427-8,Kolkan Konehuolto ja Kuljetus Oy,Osakeyhtiö,"Kolkantie 65, 51540 Kalvitsa",Kalvitsa,ilmainen
3191575-6,MAJORCAR Oy,Osakeyhtiö,"Lehtolantie 51 C, 11910 Riihimäki",Riihimäki,ilmainen
3191634-5,PB&JB Group Oy,Osakeyhtiö,"Jasperintie 270 B, 33960 Pirkkala",Pirkkala,ilmainen
3191707-3,Arvans Oy,Osakeyhtiö,"Keskuskatu 34 A, 37550 Lempäälä",Lempäälä,ilmainen
3191775-1,OBG-Tuote Oy,Osakeyhtiö,"Halikonkatu 12, 20400 Turku",Turku,ilmainen
3192050-4,Vesami Oy,Osakeyhtiö,"Akselikuja 2, 90440 Kempele",Kempele,ilmainen
3192092-6,Dikra Oy,Osakeyhtiö,"Kirstinmäki 15 A, 02760 Espoo",Espoo,ilmainen
3192143-5,Krockreparation Jung Ab,Osakeyhtiö,"Mästarvägen 10, 10600 Tammisaari",Tammisaari,ilmainen
3192179-3,DiagCan Oy,Osakeyhtiö,"Rajamaankuja 4 E, 02970 Espoo",Espoo,ilmainen
3192418-5,JAK-auto Oy,Osakeyhtiö,"Varpukuja 2, 70420 Kuopio",Kuopio,ilmainen
3193402-5,MERDIAG Oy,Osakeyhtiö,"Kilonkallio 5 B, 02610 Espoo",Espoo,ilmainen
3193911-7,Oy Lahela Customs Ltd,Osakeyhtiö,"Urakkakuja 1 A, 05400 Jokela",Jokela,ilmainen
3194193-8,MK-Fix Oy,Osakeyhtiö,"Koivulantie 17, 01800 Klaukkala",Klaukkala,ilmainen
3194473-3,Korjaamopalvelu Danielsson Oy,Osakeyhtiö,"Jousitie 2 B, 20760 Piispanristi",Piispanristi,ilmainen
3195107-9,Supreme Detailing Oy,Osakeyhtiö,"Jarrutie 12, 00770 Helsinki",Helsinki,ilmainen
3195220-7,Suomen-ID Oy,Osakeyhtiö,00000 Osoite Tuntematon,Osoite Tuntematon,ilmainen
3195227-4,JME-Autohuolto Oy,Osakeyhtiö,"Kärjenkuja 5, 32700 Huittinen",Huittinen,ilmainen
3195236-2,Koneenkadun Auto Oy,Osakeyhtiö,"Koneenkatu 19-21, 05830 Hyvinkää",Hyvinkää,ilmainen
3195249-3,Kaakon Autokorjaamo Oy,Osakeyhtiö,"Vehkapolku 1, 49420 Hamina",Hamina,ilmainen
3195387-5,Anttila motors Oy,Osakeyhtiö,"Ajajantie 10, 70780 Kuopio",Kuopio,ilmainen
3195554-7,Mikan Ahertamo Oy,Osakeyhtiö,"Misukankuja 2, 40800 Vaajakoski",Vaajakoski,ilmainen
3195629-1,Autokorjaamo Metsälä Oy,Osakeyhtiö,"Sahaajankatu 26, 00880 Helsinki",Helsinki,ilmainen
3195724-3,HC ResQ Oy,Osakeyhtiö,"Haapalammentie 17 A, 40800 Vaajakoski",Vaajakoski,ilmainen
3195737-4,Antsun Paja Oy,Osakeyhtiö,00000 Osoite Tuntematon,Osoite Tuntematon,ilmainen
3196161-3,Pankon Paja Oy,Osakeyhtiö,"Pörhöläntie 59, 94450 Keminmaa",Keminmaa,ilmainen
3196209-3,ValKar Oy,Osakeyhtiö,"Niementie 2, 52200 Puumala",Puumala,ilmainen
3196597-2,Asennuspalvelu N&K Oy,Osakeyhtiö,"Hautahuhdantie 462, 12750 Pilpala",Pilpala,ilmainen
3197796-5,Lehtovalli Oy,Osakeyhtiö,"Koulukatu 9, 10900 Hanko",Hanko,ilmainen
3198111-2,Brisal Racing Oy,Osakeyhtiö,"Sompakuja 2 B, 01280 Vantaa",Vantaa,ilmainen
3198127-8,Puuhapeikot Oy,Osakeyhtiö,"Ukinmäentie 30, 74150 Iisalmi",Iisalmi,ilmainen
3198377-5,Raahen Pikahuolto Oy,Osakeyhtiö,"Antinkankaantie 20, 92130 Raahe",Raahe,ilmainen
3198664-2,Allu Paja Oy,Osakeyhtiö,"Suomenkyläntie 650, 06530 Kerkkoo",Kerkkoo,ilmainen
3198806-6,Kiinteistö Kuurnankatu 42 Oy,Osakeyhtiö,"Pankakoskentie 6, 80130 Joensuu",Joensuu,ilmainen
3198861-3,Leepu Garage Drift Team Oy,Osakeyhtiö,"Tengantie 57, 82600 Tohmajärvi",Tohmajärvi,ilmainen
3198915-7,Eleglans Ab,Osakeyhtiö,"Kirkkopuistikko 5 C, 65100 Vaasa",Vaasa,ilmainen
3199223-3,Tehopaja Oy,Osakeyhtiö,"Vintturikatu 12, 20540 Turku",Turku,ilmainen
3199260-4,LFS Services Oy,Osakeyhtiö,"Kollarintie 27, 04390 Jäniksenlinna",Jäniksenlinna,ilmainen
3199496-8,SST-Maalaus Oy,Osakeyhtiö,"Mietoistenkuja 4, 21270 Nousiainen",Nousiainen,ilmainen
3199580-5,Carhuolto Oy,Osakeyhtiö,"Pihlajatie 3 A, 04480 Haarajoki",Haarajoki,ilmainen
3199607-4,Profido Oy,Osakeyhtiö,"Teollisuustie 1, 35300 Orivesi",Orivesi,ilmainen
3199680-8,Finest Solutions Oy,Osakeyhtiö,"Kalasvahantie 2 B, 21120 Raisio",Raisio,ilmainen
3199697-1,Auto- ja konehuolto A&J Oy,Osakeyhtiö,"Joentaustankatu 18, 33330 Tampere",Tampere,ilmainen
3200020-8,Asennuspalvelu J.Karvinen Oy,Osakeyhtiö,"Rokkakankaantie 10, 41350 Laukaa As",Laukaa As,ilmainen
3200028-3,Jyväskylän Ruoste-Esto Oy,Osakeyhtiö,"Pääskyntie 3, 40320 Jyväskylä",Jyväskylä,ilmainen
3200081-4,Autokorjaamo Veljekset Mäkelä Oy,Osakeyhtiö,"Hallitie 6, 32700 Huittinen",Huittinen,ilmainen
3200363-6,OTS Konehuolto Oy,Osakeyhtiö,"Kortestie 9, 02970 Espoo",Espoo,ilmainen
3200445-2,Koneenkadun huolto Oy,Osakeyhtiö,"Koneenkatu 19-21, 05830 Hyvinkää",Hyvinkää,ilmainen
3200481-5,WiAsKone Oy,Osakeyhtiö,"Raiviontie 20, 35320 Hirsilä",Hirsilä,ilmainen
3200506-8,Autohuolto Rami Hiltunen Oy,Osakeyhtiö,"Ketomaankatu 3, 24100 Salo",Salo,ilmainen
3200591-4,Auran pikahuolto Oy,Osakeyhtiö,"Portinkaari 3 B, 21380 Aura",Aura,ilmainen
3201219-6,Wasa Royal Motors OY,Osakeyhtiö,"Konttoritie 10, 65610 Mustasaari",Mustasaari,ilmainen
3201499-2,BCL Service Ab,Osakeyhtiö,"Socklotvägen 504, 66910 Sokaluoto",Sokaluoto,ilmainen
3201511-9,Etelä-karjalan asennuspalvelu Oy,Osakeyhtiö,"Muuressuonkatu 27, 55610 Imatra",Imatra,ilmainen
3201538-9,Kärjen Korjaamo Oy,Osakeyhtiö,"Summakoskentie 170, 43100 Saarijärvi",Saarijärvi,ilmainen
3201674-4,Inobo Asennus Oy,Osakeyhtiö,"Kuoriaisenkuja 1, 55700 Imatra",Imatra,ilmainen
3202288-8,Automaalaamo Rex Oy,Osakeyhtiö,"Ristipellontie 17, 00390 Helsinki",Helsinki,ilmainen
3202358-1,Vehmaspesut Oy,Osakeyhtiö,"Aukionkatu 2, 33730 Tampere",Tampere,ilmainen
3202659-8,Vaisaton Oy,Osakeyhtiö,"Astreankatu 27 A, 05900 Hyvinkää",Hyvinkää,ilmainen
3202683-8,Hietakari Detail Oy,Osakeyhtiö,"Tammimäenkatu 2, 20320 Turku",Turku,ilmainen
3202777-7,JM Garage Oy,Osakeyhtiö,"Betonitie 10 C, 33470 Ylöjärvi",Ylöjärvi,ilmainen
3202868-1,Finstabil Oy,Osakeyhtiö,"Lossikuja 2 A, 90500 Oulu",Oulu,ilmainen
3203266-4,Bad Bee Fix Oy,Osakeyhtiö,"Nyyrikinkatu 38, 80260 Joensuu",Joensuu,ilmainen
3204256-3,KR Rekkahuolto Oy,Osakeyhtiö,"Lakalaivankatu 12, 33840 Tampere",Tampere,ilmainen
3204345-1,RimpulaWheels Oy,Osakeyhtiö,"Läpimurrontie 2 A, 07170 Pornainen",Pornainen,ilmainen
3204628-1,ARK Autopalvelu Oy,Osakeyhtiö,"Esikontie 3, 04300 Tuusula",Tuusula,ilmainen
3204660-1,Autofix Elo Ylöjärvi Oy,Osakeyhtiö,"Teollisuustie 4, 33470 Ylöjärvi",Ylöjärvi,ilmainen
3204926-3,Autohuolto Korpikorjaamo Oy,Osakeyhtiö,"Korvenojantie 55, 60550 Nurmo",Nurmo,ilmainen
3205022-1,Joni Koski Oy,Osakeyhtiö,"Ristinpaltankatu 9 B, 20360 Turku",Turku,ilmainen
3205152-3,T&D Car Service Oy,Osakeyhtiö,00000 Osoite Tuntematon,Osoite Tuntematon,ilmainen
3205480-4,The Main Engine Oy,Osakeyhtiö,"Ravurinkatu 31 A, 20380 Turku",Turku,ilmainen
3205768-5,Automint Oy,Osakeyhtiö,"Ylöstalontie 7, 07600 Myrskylä",Myrskylä,ilmainen
3205844-2,Auto Sky Oy,Osakeyhtiö,"Viikintie 21, 00560 Helsinki",Helsinki,ilmainen
3205911-1,JTM cars oy,Osakeyhtiö,"Auvilanperä 3 B, 40740 Jyväskylä",Jyväskylä,ilmainen
3206430-8,Kuurnan Autokorjaamo Oy,Osakeyhtiö,"Wahlforssinkatu 2, 80100 Joensuu",Joensuu,ilmainen
3206648-5,Konepalvelu Kankaansyrjä oy,Osakeyhtiö,"Linnantie 45, 61410 Ylistaro As",Ylistaro As,ilmainen
3207134-8,Korjaamokaverit Oy,Osakeyhtiö,"Vanha Helsingintie 36, 13430 Hämeenlinna",Hämeenlinna,ilmainen
3207246-3,Kolarin Pesu ja Huolto Oy,Osakeyhtiö,,,ilmainen
3207482-1,Kankaanpään Autohuolto Oy,Osakeyhtiö,"Haanpäänkatu 9, 38710 Kankaanpää",Kankaanpää,ilmainen
3207594-7,Auto Fix III Oy,Osakeyhtiö,"Petikontie 3, 01720 Vantaa",Vantaa,ilmainen
3208247-7,Landraamo Oy,Osakeyhtiö,"Vilikkalantie 82, 25460 Kisko",Kisko,ilmainen
3208416-5,ZM Group Oy,Osakeyhtiö,"Vetokuja 4 A, 01610 Vantaa",Vantaa,ilmainen
3208613-6,Korela Works Oy,Osakeyhtiö,"Hirventie 16, 48230 Kotka",Kotka,ilmainen
3208748-9,Asennus- ja huoltopalvelu Koivukangas Oy,Osakeyhtiö,"Sumatie 6, 96900 Saarenkylä",Saarenkylä,ilmainen
3209207-7,NilsErik Service Oy,Osakeyhtiö,"Kärsämäentie 42 B, 20360 Turku",Turku,ilmainen
3209700-3,Suomen Kalustekunnostus Oy,Osakeyhtiö,00000 Osoite Tuntematon,Osoite Tuntematon,ilmainen
3209736-1,Lasiorava Oy,Osakeyhtiö,"Mestarinkatu 16, 15800 Lahti",Lahti,ilmainen
3210010-2,HL Custom Garage Ky,Kommandiittiyhtiö,"Kirkkotie 427 D, 82600 Tohmajärvi",Tohmajärvi,ilmainen
3210334-6,KaijoMent Oy,Osakeyhtiö,01301 Vantaa,Vantaa,ilmainen
3210617-6,Autoset Finland Oy,Osakeyhtiö,"Ruotsinkyläntie 90, 04360 Tuusula",Tuusula,ilmainen
3210946-5,Kolarikorjaamo Hellman Oy,Osakeyhtiö,"Valurinkatu 1, 20360 Turku",Turku,ilmainen
3210991-6,Autopesu Grönstrand Oy,Osakeyhtiö,"Tehdastie 4, 29100 Luvia",Luvia,ilmainen
3211106-3,Hc-tuning oy,Osakeyhtiö,"Tuotekuja 2, 90410 Oulu",Oulu,ilmainen
3211168-8,Pirkanmaan Carservice Oy,Osakeyhtiö,"Koiranojanrinne 3, 33880 Lempäälä",Lempäälä,ilmainen
3211261-3,Conwise Oy,Osakeyhtiö,"Palkkikuja 4, 04300 Tuusula",Tuusula,ilmainen
3212112-2,Balad Oy,Osakeyhtiö,"Varuskuja 2 A, 01280 Vantaa",Vantaa,ilmainen
3212722-5,HR Rent Oy,Osakeyhtiö,"Tehdastie 2, 31400 Somero",Somero,ilmainen
3212888-5,IPP Itsepalvelupesu Oy,Osakeyhtiö,"Haapakorventie 362, 01900 Nurmijärvi",Nurmijärvi,ilmainen
3213068-6,JCMalin Oy,Osakeyhtiö,"Varastotie 4, 40250 Jyväskylä",Jyväskylä,ilmainen
3213106-4,Autohuolto Auterinen Oy,Osakeyhtiö,"Rekitie 10, 42300 Jämsänkoski",Jämsänkoski,ilmainen
3213655-1,Lupiksen Koneasennus Avoin yhtiö,Avoin yhtiö,"Salahmintie 1149, 74840 Koppeloharju",Koppeloharju,ilmainen
3213715-9,AutoCartel Oy,Osakeyhtiö,"Wärtsilänkatu 12, 04410 Järvenpää",Järvenpää,ilmainen
3213906-6,Spotpaint Oy,Osakeyhtiö,"Laturinkatu 4, 45130 Kouvola",Kouvola,ilmainen
3214035-8,Mamba time Oy,Osakeyhtiö,00000 Osoite Tuntematon,Osoite Tuntematon,ilmainen
3214048-9,Seven Mod Oy,Osakeyhtiö,"Ruokosmetsänkatu 15, 37570 Lempäälä",Lempäälä,ilmainen
3214297-8,Holms marine & granit Ab Oy,Osakeyhtiö,"Plantskolevägen 38, 10660 Tammisaari",Tammisaari,ilmainen
3214969-4,HMA Huolto Oy,Osakeyhtiö,"Puhdistamontie 21, 69100 Kannus",Kannus,ilmainen
3215030-2,Autokorjaamo Tom Jerry Oy,Osakeyhtiö,"Hiiskanaukeantie 12, 20660 Littoinen",Littoinen,ilmainen
3215169-8,Propit Oy,Osakeyhtiö,"Miilutie 6, 42700 Keuruu",Keuruu,ilmainen
3215268-2,Full House Service Oy,Osakeyhtiö,"Rantalantie 55, 79600 Joroinen",Joroinen,ilmainen
3215421-5,Crash Car Oy,Osakeyhtiö,"Tietotaajamankehä 23 A, 04300 Tuusula",Tuusula,ilmainen
3215560-5,Diva -auto Oy,Osakeyhtiö,"Leppäviita 1 A, 02600 Espoo",Espoo,ilmainen
3215602-6,RV-Works Oy,Osakeyhtiö,"Koivurinteentie 8, 39530 Kilvakkala",Kilvakkala,ilmainen
3215698-2,AutoRaj Oy,Osakeyhtiö,00000 Osoite Tuntematon,Osoite Tuntematon,ilmainen
3215786-2,Automaalaus Kallio Oy,Osakeyhtiö,"Karhusuontie 238, 27800 Säkylä",Säkylä,ilmainen
3216143-1,EUROFIX OY,Osakeyhtiö,"Raudikkokuja 10 A, 01200 Vantaa",Vantaa,ilmainen
3216715-5,HRK Huolto Oy,Osakeyhtiö,"Korjaamotie 5, 49400 Hamina",Hamina,ilmainen
3217297-4,J&B Alfthan oy,Osakeyhtiö,"Satulinnantie 5, 34150 Kyrönlahti",Kyrönlahti,ilmainen
3217679-9,Oulun auto- ja rengashuolto oy,Osakeyhtiö,"Sienikuja 8, 90650 Oulu",Oulu,ilmainen
3218218-7,ArsCa Oy,Osakeyhtiö,"Tukkipuuntie 27, 90420 Oulu",Oulu,ilmainen
3218296-1,U-Drive Finland Oy,Osakeyhtiö,"Niementie 5, 39100 Hämeenkyrö",Hämeenkyrö,ilmainen
3218432-6,Kokkolan pikahuolto Oy,Osakeyhtiö,"Koppisentie 6, 67600 Kokkola",Kokkola,ilmainen
3218698-9,Kiiltopiste Oy,Osakeyhtiö,"Ratakatu 20, 84100 Ylivieska",Ylivieska,ilmainen
3219197-2,UC-Motors Oy,Osakeyhtiö,"Vanha Pornaistentie 5, 04660 Numminen",Numminen,ilmainen
3219689-6,Carspot Oy,Osakeyhtiö,"Rantakatu 5, 04400 Järvenpää",Järvenpää,ilmainen
3219936-8,Haapajärven Autopaja Oy,Osakeyhtiö,"Puistokatu 66, 85800 Haapajärvi",Haapajärvi,ilmainen
3220879-7,Arin AutoFix Oy,Osakeyhtiö,"Rantatie 1 B, 41900 Petäjävesi",Petäjävesi,ilmainen
3221238-2,Helsingin Juridinen Oikeudellinen Apu Oy,Osakeyhtiö,"Ohitustie 7, 58900 Rantasalmi",Rantasalmi,ilmainen
3221556-7,VT Motors Ab,Osakeyhtiö,"Norrhedsvägen 22, 68840 Nederlappfors",Nederlappfors,ilmainen
3221727-1,Pesuparkki Oy,Osakeyhtiö,"Teollisuuskatu 5, 53600 Lappeenranta",Lappeenranta,ilmainen
3221858-1,Moniapu J&V Oy,Osakeyhtiö,00000 Osoite Tuntematon,Osoite Tuntematon,ilmainen
3222073-7,Refrigo Oy,Osakeyhtiö,"Vesankajärventie 91 B, 41940 Vesanka",Vesanka,ilmainen
3222524-7,Haidari Invest Oy,Osakeyhtiö,"Luhtimäki 2 H, 01660 Vantaa",Vantaa,ilmainen
3222946-7,Vuokatin Autohuolto oy,Osakeyhtiö,"Vuokatintie 64, 88610 Vuokatti",Vuokatti,ilmainen
3223403-9,AUTO-Akuutti Oy,Osakeyhtiö,"Koivulehdontie 5, 01510 Vantaa",Vantaa,ilmainen
3223657-9,H-Pro Oy,Osakeyhtiö,"Yrityspuistontie 9, 90940 Jääli",Jääli,ilmainen
3223848-6,Automaalaamo H.Haapoja Oy,Osakeyhtiö,"Kotametsäntie 15, 62100 Lapua",Lapua,ilmainen
3224314-6,Janju Ky,Kommandiittiyhtiö,"Anttilanrannantie 11 A, 96900 Saarenkylä",Saarenkylä,ilmainen
3224905-4,Kohinax Oy,Osakeyhtiö,"Keltinkatu 5 A, 33530 Tampere",Tampere,ilmainen
3224987-1,Juha Service Oy,Osakeyhtiö,"Tukkireentie 12, 96460 Rovaniemi",Rovaniemi,ilmainen
3225027-4,ITC Consulting Finland Oy,Osakeyhtiö,"Kauriinkatu 2, 53850 Lappeenranta",Lappeenranta,ilmainen
3225415-2,Kone- ja ajoneuvohuolto Nieminen Oy,Osakeyhtiö,"Loiskekuja 2 C, 01600 Vantaa",Vantaa,ilmainen
3225624-6,Suutarilan Autohuoltopiste Oy,Osakeyhtiö,00000 Osoite Tuntematon,Osoite Tuntematon,ilmainen
3225648-1,JL Performance Solutions Oy,Osakeyhtiö,"Revontie 4 G, 38200 Sastamala",Sastamala,ilmainen
3225815-3,Autohuolto Hakanen Oy,Osakeyhtiö,"Länsitie 25 C, 11120 Riihimäki",Riihimäki,ilmainen
3225861-2,Wentinauto Oy,Osakeyhtiö,"Launeenkatu 8, 15100 Lahti",Lahti,ilmainen
3226375-3,KPT Service Oy,Osakeyhtiö,"Pulkonrannantie 138 B, 71680 Pulkonkoski",Pulkonkoski,ilmainen
3226556-4,Mekosta Oy,Osakeyhtiö,"Muuntotie 3, 01510 Vantaa",Vantaa,ilmainen
3226673-5,Charge Up Oy,Osakeyhtiö,"Humalniementie 20 A, 00840 Helsinki",Helsinki,ilmainen
3226807-9,ApupoikaAntero Oy,Osakeyhtiö,"Ediksentie 2 G, 02460 Kantvik",Kantvik,ilmainen
3226942-6,Viisi Valoa Oy,Osakeyhtiö,"Riihikuja 3, 01720 Vantaa",Vantaa,ilmainen
3227226-2,AutoLap Oy,Osakeyhtiö,"Yläniitynkatu 22 C, 53550 Lappeenranta",Lappeenranta,ilmainen
3227376-7,Erikoispaja Oy,Osakeyhtiö,"Louhoksentie 22 D, 01860 Perttula",Perttula,ilmainen
3227416-1,Keravan autofix oy,Osakeyhtiö,"Terästie 5, 04220 Kerava",Kerava,ilmainen
3227693-3,Vulko Automotive Oy,Osakeyhtiö,"Porvoonkatu 8, 07900 Loviisa",Loviisa,ilmainen
3228071-3,Auto- ja konekorjaamo J. Marjakoski Oy,Osakeyhtiö,"Korjaamonkatu 6, 28610 Pori",Pori,ilmainen
3228277-8,Konekorjaamo Tuovinen oy,Osakeyhtiö,"Petäjälahdentie 18, 73200 Varpaisjärvi",Varpaisjärvi,ilmainen
3228546-9,Autohuolto Railway Garage Oy,Osakeyhtiö,"Radantaus 1, 45910 Voikkaa",Voikkaa,ilmainen
3228571-7,iVolkak Oy,Osakeyhtiö,"Ruhankatu 4, 38710 Kankaanpää",Kankaanpää,ilmainen
3228586-4,Tigers cars oy,Osakeyhtiö,00000 Osoite Tuntematon,Osoite Tuntematon,ilmainen
3228635-7,Vegas Car Detailing Oy,Osakeyhtiö,"Keimolanmäentie 11 B, 01700 Vantaa",Vantaa,ilmainen
3228971-8,Proxfi Oy,Osakeyhtiö,"Kankaistonkatu 14 E, 38710 Kankaanpää",Kankaanpää,ilmainen
3229369-6,ht-autohuolto oy,Osakeyhtiö,"Puistomäenkatu 57, 20810 Turku",Turku,ilmainen
3229407-4,Autohuolto Sarre Oy,Osakeyhtiö,00000 Osoite Tuntematon,Osoite Tuntematon,ilmainen
3229968-4,Hämeen Autopalvelu Oy,Osakeyhtiö,"Hämeentie 39, 30100 Forssa",Forssa,ilmainen
3230024-3,AH-Autoservice Oy,Osakeyhtiö,"Laaksotie 8, 01390 Vantaa",Vantaa,ilmainen
3230631-1,Koskisen Autokeskus Oy,Osakeyhtiö,"Kollinkuja 1, 39700 Parkano",Parkano,ilmainen
3231063-6,Kersten Service Oy,Osakeyhtiö,"Metsämaankuja 15, 04300 Tuusula",Tuusula,ilmainen
3231110-2,JZ-Motors Oy,Osakeyhtiö,"Läkkisepäntie 15, 00620 Helsinki",Helsinki,ilmainen
3231131-3,MintWerkz Oy,Osakeyhtiö,"Varikkotie 4, 06150 Porvoo",Porvoo,ilmainen
3231346-6,Mr.A Wash Oy,Osakeyhtiö,"Pääskyntie 3, 40320 Jyväskylä",Jyväskylä,ilmainen
3231642-1,SMG Autohuolto Oy,Osakeyhtiö,"Pyhtäänkorvenkuja 6 C, 01530 Vantaa",Vantaa,ilmainen
3232332-2,NASER OY,Osakeyhtiö,00000 Osoite Tuntematon,Osoite Tuntematon,ilmainen
3232637-1,JV Auto Works Oy,Osakeyhtiö,"Saarenlahdentie 9, 40950 Muurame",Muurame,ilmainen
3232668-9,Hero Agency Oy,Osakeyhtiö,"Pihapiiri 14, 75500 Nurmes",Nurmes,ilmainen
3232797-2,Jedi Autopesula Oy,Osakeyhtiö,"Yliskylän Puistokatu 4, 00840 Helsinki",Helsinki,ilmainen
3233095-2,Jussin Kone ja Auto Oy,Osakeyhtiö,"Saunakorventie 6, 14300 Renko",Renko,ilmainen
3233250-1,Mekanitek Oy,Osakeyhtiö,"Pyrynkatu 5, 33900 Tampere",Tampere,ilmainen
3233376-6,Viikerin Autopaja Oy,Osakeyhtiö,"Ahteentie 720, 28220 Pori",Pori,ilmainen
3233806-5,Autoavain ja ohjelmointi Oy,Osakeyhtiö,"Majavapolku 2, 39200 Kyröskoski",Kyröskoski,ilmainen
3234165-1,Premium AutoClean Oy,Osakeyhtiö,"Myyntimiehenkuja 12, 90410 Oulu",Oulu,ilmainen
3234518-5,ANNICO-AAG Oy,Osakeyhtiö,"Palokärjentie 3 lt., 02660 Espoo",Espoo,ilmainen
3234632-1,Sunshark Oy,Osakeyhtiö,"Kapteeninaukio 3 A, 15140 Lahti",Lahti,ilmainen
3234698-9,Hein Service Oy,Osakeyhtiö,"Rahkolantie 177, 29250 Nakkila",Nakkila,ilmainen
3234728-7,KHA-Group Oy,Osakeyhtiö,00000 Osoite Tuntematon,Osoite Tuntematon,ilmainen
3234824-7,Vidacar Group Oy,Osakeyhtiö,"Hallitie 5 A, 37140 Nokia",Nokia,ilmainen
3235014-4,Supertune Oy,Osakeyhtiö,"Talvialantie 4, 42100 Jämsä",Jämsä,ilmainen
3235088-1,Nivalan Autoasennus oy,Osakeyhtiö,"Veikonväylä 2, 85500 Nivala",Nivala,ilmainen
3235095-3,Auto ReSet Oy,Osakeyhtiö,"Ahjotie 20, 96320 Rovaniemi",Rovaniemi,ilmainen
3235453-2,YDR Group Oy,Osakeyhtiö,"Sulantie 19 F, 04300 Tuusula",Tuusula,ilmainen
3235974-7,Tuusulan Autopesu Oy,Osakeyhtiö,"Hiekkamäentie 9, 04300 Tuusula",Tuusula,ilmainen
3236013-1,Mulvagen Oy,Osakeyhtiö,"Kuohunharjuntie 10 A, 36200 Kangasala",Kangasala,ilmainen
3236273-5,MG Verhoilu Oy,Osakeyhtiö,"Joutsentie 8, 84100 Ylivieska",Ylivieska,ilmainen
3236618-9,Autoranta Oy,Osakeyhtiö,"Tampsintie 83, 16610 Kärkölä",Kärkölä,ilmainen
3236666-4,TL-Motors Oy,Osakeyhtiö,"Vehnätie 17, 21200 Raisio",Raisio,ilmainen
3236760-8,Lauritsalan Autohuolto Oy,Osakeyhtiö,"Seponkatu 6, 53300 Lappeenranta",Lappeenranta,ilmainen
3236762-4,Imax Autokorjaamo ja Pesula Oy,Osakeyhtiö,"Kytkintie 7, 00770 Helsinki",Helsinki,ilmainen
3236795-8,Gearset Oy,Osakeyhtiö,"Tiilitehtaantie 20, 12540 Launonen",Launonen,ilmainen
3236990-2,Helppokauppa Oy,Osakeyhtiö,,,ilmainen
3237423-4,Fen's Nest Oy,Osakeyhtiö,"Honkakatu 14 F, 33820 Tampere",Tampere,ilmainen
3238302-6,Bettahar Oy,Osakeyhtiö,"Itäkaari 28, 20750 Turku",Turku,ilmainen
3238324-5,V&H Service OY,Osakeyhtiö,"Hulikanmutka 4 B, 37570 Lempäälä",Lempäälä,ilmainen
3238584-9,Bilström Oy,Osakeyhtiö,"Jäspilänkatu 18, 04250 Kerava",Kerava,ilmainen
3238593-7,Backfälts Bilservice Ab,Osakeyhtiö,"Salobackavägen 4, 68410 Alaveteli",Alaveteli,ilmainen
3238594-5,Backfälts Bildemontering Ab,Osakeyhtiö,"Salobackavägen 4, 68410 Alaveteli",Alaveteli,ilmainen
3238838-8,Autohuolto Kotila Oy,Osakeyhtiö,"Käsityökatu 38 A, 78210 Varkaus",Varkaus,ilmainen
3238953-2,Krisstal Oy,Osakeyhtiö,"Kievarinkaari 4 B, 04300 Tuusula",Tuusula,ilmainen
3239226-4,Korjaamo Metso Oy,Osakeyhtiö,"Ylöstalontie 1, 07600 Myrskylä",Myrskylä,ilmainen
3239561-7,Ideel Oy,Osakeyhtiö,"Lehtokurpantie 10, 39160 Julkujärvi",Julkujärvi,ilmainen
3239624-9,Vannäsmeck Ab,Osakeyhtiö,"Vannäsbackavägen 115, 66930 Kovjoki",Kovjoki,ilmainen
3239648-4,Lukas Automaalaamo Oy,Osakeyhtiö,00000 Osoite Tuntematon,Osoite Tuntematon,ilmainen
3239780-7,RM Maalaus Oy,Osakeyhtiö,"Verstaskatu 10, 20360 Turku",Turku,ilmainen
3239862-3,Autopesula Mix Oy,Osakeyhtiö,"Itsenäisyydentie 15, 38200 Sastamala",Sastamala,ilmainen
3240505-3,Keski-Suomen Auto-ja Kolarikorjaamo Oy,Osakeyhtiö,"Konttisentie 8, 40800 Vaajakoski",Vaajakoski,ilmainen
3240668-9,Värivaunu Oy,Osakeyhtiö,"Laidunpolku 7, 47520 Iitti",Iitti,ilmainen
3240879-9,IH Autotalo Oy,Osakeyhtiö,"Krakantie 6 A, 01510 Vantaa",Vantaa,ilmainen
3240964-4,Klants Oy,Osakeyhtiö,"Karakalliontie 5 H, 02620 Espoo",Espoo,ilmainen
3241252-8,J&J Hirsikangas Oy,Osakeyhtiö,"Särkinäräntie 75, 95410 Tornio",Tornio,ilmainen
3241371-5,Tuoppi's Garage Oy,Osakeyhtiö,"Kiilakivenkuja 4, 90250 Oulu",Oulu,ilmainen
3241372-3,Royal Auto Clean Oy,Osakeyhtiö,"Leikkikuja 2a E, 00940 Helsinki",Helsinki,ilmainen
3241949-8,Vetokoukku Tampere Oy,Osakeyhtiö,"Säälänkatu 2, 33710 Tampere",Tampere,ilmainen
3242482-8,Azadi PDK Oy,Osakeyhtiö,"Pajamäentie 14 C, 00360 Helsinki",Helsinki,ilmainen
3242741-2,Midnight Glow Oy,Osakeyhtiö,"Metsämäentie 4 M, 01510 Vantaa",Vantaa,ilmainen
3242753-5,MB Huolto Nopanen Oy,Osakeyhtiö,"Vesalantie 8a, 33960 Pirkkala",Pirkkala,ilmainen
3243078-5,CarVolt Oy,Osakeyhtiö,"Säkäjärventie 1243, 49900 Virolahti",Virolahti,ilmainen
3243277-2,EV IMPEX Oy,Osakeyhtiö,"Aarteenetsijäntie 4 N, 00970 Helsinki",Helsinki,ilmainen
3244550-6,Suomen Öljynvaihto Oy,Osakeyhtiö,"Mursketie 17, 36220 Kangasala",Kangasala,ilmainen
3244552-2,AaPee-Auto Oy,Osakeyhtiö,"Kaakkovuorentie 5, 40320 Jyväskylä",Jyväskylä,ilmainen
3244725-3,IS-Autopaint Oy,Osakeyhtiö,"Tervamäentie 179, 05840 Hyvinkää",Hyvinkää,ilmainen
3245051-6,Laapotin Paja Oy,Osakeyhtiö,"Haavikkokuja 8, 01810 Luhtajoki",Luhtajoki,ilmainen
3245282-9,All In Autopalvelu Oy,Osakeyhtiö,"Inkalantie 91, 13500 Hämeenlinna",Hämeenlinna,ilmainen
3245390-1,Karppanen Service Oy,Osakeyhtiö,"Suonpääntie 672, 31700 Urjala As",Urjala As,ilmainen
3245408-2,Tapion Autopesu Oy,Osakeyhtiö,"Tanhuantie 32, 31700 Urjala As",Urjala As,ilmainen
3245678-2,ProAaHoo Työt Oy,Osakeyhtiö,"Mastotie 2, 61800 Kauhajoki",Kauhajoki,ilmainen
3245806-7,ELD Diginäyttö Oy,Osakeyhtiö,"Tiilenvalajantie 6, 02330 Espoo",Espoo,ilmainen
3246166-1,MaiTec OY,Osakeyhtiö,"Kalliomaantie 15, 91620 Sanginkylä",Sanginkylä,ilmainen
3246248-8,SR Works Oy,Osakeyhtiö,"Asesepänkuja 2, 00620 Helsinki",Helsinki,ilmainen
3246362-4,L&L dyno oy,Osakeyhtiö,"Kartanontie 41, 79100 Leppävirta",Leppävirta,ilmainen
3246920-9,iWorkz Oy,Osakeyhtiö,"Tenavankatu 6, 15170 Lahti",Lahti,ilmainen
3246937-2,Allday autopalvelu +2 Oy,Osakeyhtiö,"Palomiehentie 6, 02750 Espoo",Espoo,ilmainen
3246991-1,BC Works Oy Ab,Osakeyhtiö,"Pitkäniityntie 1 A, 07910 Valko",Valko,ilmainen
3247013-8,DimAuto Oy,Osakeyhtiö,"Käärtipolku 1 A, 00390 Helsinki",Helsinki,ilmainen
3247036-5,BBR Performance Ab,Osakeyhtiö,00000 Osoite Tuntematon,Osoite Tuntematon,ilmainen
3247254-7,Autohuolto Aakenus Oy,Osakeyhtiö,"Tunturitie 2, 99130 Sirkka",Sirkka,ilmainen
3247267-8,Top.Service Autokorjaamo Oy,Osakeyhtiö,"Kalevantie 25, 20520 Turku",Turku,ilmainen
3247641-7,Pasi Piirainen Ky,Kommandiittiyhtiö,"Kiiltomäentie 671 A, 63640 Ritola",Ritola,ilmainen
3247887-7,Sigges Verkstad Ab,Osakeyhtiö,"Skogshyddsvägen 12, 22100 Mariehamn",Mariehamn,ilmainen
3247950-3,Gee-Voimaa oy,Osakeyhtiö,"Kytkinkatu 1, 20380 Turku",Turku,ilmainen
3248254-2,Final Clean Solutions Oy,Osakeyhtiö,"Autoilijankatu 26, 20780 Kaarina",Kaarina,ilmainen
3248476-7,ASR Graphics Oy,Osakeyhtiö,"Säkkissuontie 2 B, 21450 Tarvasjoki",Tarvasjoki,ilmainen
3248601-7,K.Kosolan Huolto Oy,Osakeyhtiö,"Vehkosillantie 239, 15560 Nastola",Nastola,ilmainen
3249248-4,Garage A.S.A Oy,Osakeyhtiö,"Indolantie 7, 67600 Kokkola",Kokkola,ilmainen
3249262-8,ATS Autohuolto Hyvinkää Oy,Osakeyhtiö,"Alimaantie 183, 14200 Turenki",Turenki,ilmainen
3249753-3,Auto Vantaankoski Oy,Osakeyhtiö,"Uutiskuja 1 B, 01770 Vantaa",Vantaa,ilmainen
3249757-6,Karhio Works Oy,Osakeyhtiö,"Jaakonkuja 77, 28400 Ulvila",Ulvila,ilmainen
3249939-5,DS Autofiksaus Oy,Osakeyhtiö,"Rajatie 36, 60120 Seinäjoki",Seinäjoki,ilmainen
3250060-8,Ajoneuvohuolto MT Oy,Osakeyhtiö,"Tervatie 1, 15560 Nastola",Nastola,ilmainen
3250249-4,JJ Remontti oy,Osakeyhtiö,"Kanervapolku 4, 99300 Muonio",Muonio,ilmainen
3250264-6,DMX Rekka- ja Autopesu Oy,Osakeyhtiö,"Takoraudantie 1, 00700 Helsinki",Helsinki,ilmainen
3250660-4,Lapin Moottorihiomo Oy,Osakeyhtiö,"Marttiinintie 6, 96300 Rovaniemi",Rovaniemi,ilmainen
3250831-9,Aronkylän Autokorjaamo Oy,Osakeyhtiö,"Enontie 3, 61850 Kauhajoki As",Kauhajoki As,ilmainen
3251158-5,Texas Motors Oy,Osakeyhtiö,"Juurikorventie 533, 49300 Tavastila",Tavastila,ilmainen
3251663-4,Toinen Maailma Oy,Osakeyhtiö,00000 Osoite Tuntematon,Osoite Tuntematon,ilmainen
3252214-5,Ralrent Oy,Osakeyhtiö,"Ruusalantie 23, 40270 Palokka",Palokka,ilmainen
3252378-9,TTK Asennus Oy,Osakeyhtiö,"Hansuntie 12, 29250 Nakkila",Nakkila,ilmainen
3252493-3,Jyri Bister Oy,Osakeyhtiö,"Pajalahdentie 23, 00200 Helsinki",Helsinki,ilmainen
3252572-5,Trucktek Oy,Osakeyhtiö,"Haravakyläntie 9, 15540 Villähde",Villähde,ilmainen
3252688-3,Ekatoka Oy,Osakeyhtiö,"Moottorikatu 13-15 W, 65170 Vaasa",Vaasa,ilmainen
3252757-9,North Service Oy,Osakeyhtiö,"Kevättuulenkuja 3, 96190 Rovaniemi",Rovaniemi,ilmainen
3252925-9,Ojala Motors Oy,Osakeyhtiö,"Vaasantie 114, 60420 Seinäjoki",Seinäjoki,ilmainen
3252965-4,Power KS OY,Osakeyhtiö,"Sulantie 28 B, 04300 Tuusula",Tuusula,ilmainen
3253006-5,Autohuolto Jeki Oy,Osakeyhtiö,"Rajamaankaari 21, 02970 Espoo",Espoo,ilmainen
3253298-4,GD-Marina Oy,Osakeyhtiö,00000 Osoite Tuntematon,Osoite Tuntematon,ilmainen
3253588-6,Express Wash Oy,Osakeyhtiö,"Merivalkama 8 D, 02320 Espoo",Espoo,ilmainen
3253627-2,"FinnTexUs Oy, Ltd",Osakeyhtiö,"Munkkisaarenkatu 4 A, 00150 Helsinki",Helsinki,ilmainen
3253694-2,Laitilan Motormek Oy,Osakeyhtiö,"Pilppulantie 4 A, 23800 Laitila",Laitila,ilmainen
3253828-6,Garage Brothers Oy,Osakeyhtiö,"Ruokosmetsänkatu 13 A, 37570 Lempäälä",Lempäälä,ilmainen
3253993-2,NORDSKANDIC MV Oy,Osakeyhtiö,"Lammaskuja 3 B, 20460 Turku",Turku,ilmainen
3254449-1,Gremi Oy,Osakeyhtiö,"Vuokonkuja 2, 66440 Tervajoki",Tervajoki,ilmainen
3254496-9,Speedwash365 Oy,Osakeyhtiö,"Harjakoskenraitti 24, 61360 Mieto",Mieto,ilmainen
3254645-4,SamppaSport Ky,Kommandiittiyhtiö,"Yrittäjänkatu 10 A, 04440 Järvenpää",Järvenpää,ilmainen
3254894-3,Bylykbashi Oy,Avoin yhtiö,"Asematie 4, 01300 Vantaa",Vantaa,ilmainen
3255265-1,wow Autotalo Oy,Osakeyhtiö,"Kylänalustantie 3, 13430 Hämeenlinna",Hämeenlinna,ilmainen
3255306-4,Autohuolto Tolmatsov Oy,Osakeyhtiö,"Marsuntie 3, 04320 Tuusula",Tuusula,ilmainen
3255525-4,TTM Factory Oy,Osakeyhtiö,"Somerontie 206, 30100 Forssa",Forssa,ilmainen
3255547-3,Autokorjaamo K. Peltoniemi Oy,Osakeyhtiö,"Höykkyläntie 4, 62710 Kurejoki",Kurejoki,ilmainen
3255689-8,Järvenperän Autoasema Oy,Osakeyhtiö,"Kylänportti 4, 02940 Espoo",Espoo,ilmainen
3255747-9,Auto-Cleanfix OY,Osakeyhtiö,"Gneissitie 18, 90620 Oulu",Oulu,ilmainen
3255772-7,KF Autopesupalvelut Oy,Osakeyhtiö,"Porttikuja 5 A, 00940 Helsinki",Helsinki,ilmainen
3256114-4,EVDoctor Oy,Osakeyhtiö,"Pitkäkoskentie 2, 91900 Liminka",Liminka,ilmainen
3256134-7,Ates auton käsinpesu Oy,Osakeyhtiö,"Nurmikatu 7 C, 60320 Seinäjoki",Seinäjoki,ilmainen
3256145-1,KMR Motors Oy,Osakeyhtiö,"Sulankaari 8 A, 04320 Tuusula",Tuusula,ilmainen
3256164-6,Jiiam Tech Oy,Osakeyhtiö,"Järvitie 8, 75500 Nurmes",Nurmes,ilmainen
3256337-7,T.A Performance Oy,Osakeyhtiö,"Viskaalintie 3 G, 68630 Pietarsaari",Pietarsaari,ilmainen
3256479-1,RM Motorservice Ab,Osakeyhtiö,"Hällskärsvägen 36, 66530 Koivulahti",Koivulahti,ilmainen
3256615-6,Oulun Autokare Oy,Osakeyhtiö,"Moreenitie 6, 90620 Oulu",Oulu,ilmainen
3257009-1,Wathik Group Oy,Osakeyhtiö,00000 Osoite Tuntematon,Osoite Tuntematon,ilmainen
3257374-3,Konekorjaamo Honkonen Oy,Osakeyhtiö,"Teollisuustie 8, 58700 Sulkava",Sulkava,ilmainen
3257415-6,H. Tamminen Oy,Osakeyhtiö,"Heinäjoentie 379, 12350 Turkhauta",Turkhauta,ilmainen
3257458-6,Dagen Works Ky,Kommandiittiyhtiö,"Asentajankatu 4, 95450 Tornio",Tornio,ilmainen
3257580-2,Fixi-Pojat Oy,Osakeyhtiö,"Isojoenrannantie 93, 28240 Pori",Pori,ilmainen
3257591-7,KPC KEILANIEMI OY,Osakeyhtiö,"Keilaniementie 1, 02150 Espoo",Espoo,ilmainen
3257716-2,Ranni Car Service Oy,Osakeyhtiö,"Kallas 1, 44150 Äänekoski",Äänekoski,ilmainen
3257866-7,Autotalo Hämäläinen Oy,Osakeyhtiö,"Hopearinne 4 D, 02410 Kirkkonummi",Kirkkonummi,ilmainen
3258425-8,Kärkölän autokorjaamo Oy,Osakeyhtiö,"Sampolantie 6, 16600 Järvelä",Järvelä,ilmainen
3259153-8,Arcticshine Oy,Osakeyhtiö,"Herukkaojantie 3, 90800 Oulu",Oulu,ilmainen
3259382-4,Error's Garage Oy,Osakeyhtiö,"Peltotie 7, 36600 Pälkäne",Pälkäne,ilmainen
3259960-1,Autohuolto Treier Oy,Osakeyhtiö,"Suurpellon Puistokatu 14 A, 02250 Espoo",Espoo,ilmainen
3260024-6,Jagman Oy,Osakeyhtiö,00000 Osoite Tuntematon,Osoite Tuntematon,ilmainen
3260135-3,Korjaamo Salmela Oy,Osakeyhtiö,"Kujatie 13, 69980 Möttönen",Möttönen,ilmainen
3261351-4,1-Wowautopesu,Osakeyhtiö,"Riihimäenkatu 85 H, 05880 Hyvinkää",Hyvinkää,ilmainen
3261614-1,Hinauspaja Vaasa Oy,Osakeyhtiö,"Mannerheimintie 29, 65320 Vaasa",Vaasa,ilmainen
3261862-2,HM Autokorjaamo Oy,Osakeyhtiö,"Högberginhaara 1 D, 04360 Tuusula",Tuusula,ilmainen
3262103-9,Ice 2bg Oy,Osakeyhtiö,"Aholeinikintie 3, 85100 Kalajoki",Kalajoki,ilmainen
3262111-9,Speed N Shine Oy,Osakeyhtiö,"Satakunnankatu 40, 28130 Pori",Pori,ilmainen
3262259-2,Kusamba Oy,Osakeyhtiö,"Marsinkuja 6 A, 01480 Vantaa",Vantaa,ilmainen
3262387-8,VPH Group Oy,Osakeyhtiö,"Koivikkokuja 14, 04660 Numminen",Numminen,ilmainen
3262470-7,Konehuolto Järvelä Oy,Osakeyhtiö,"Kultalantie 23, 92220 Piehinki",Piehinki,ilmainen
3262533-9,Asirac Oy,Osakeyhtiö,"Pyyläntie 5, 07600 Myrskylä",Myrskylä,ilmainen
3262785-2,CarFix YY Oy,Osakeyhtiö,"Läntinen Teollisuuskatu 23, 02920 Espoo",Espoo,ilmainen
3262884-7,Eimarin Autohuolto Oy,Osakeyhtiö,"Karjarannantie 16, 28100 Pori",Pori,ilmainen
3263074-4,Hyd-Nordic Oy,Osakeyhtiö,"Putikankuja 13, 03400 Vihti",Vihti,ilmainen
3263320-8,SHA Service Oy,Osakeyhtiö,"Kaivostie 8, 71470 Oravikoski",Oravikoski,ilmainen
3263891-4,Savon Tuulilasi Oy,Osakeyhtiö,"Teräskatu 8, 70150 Kuopio",Kuopio,ilmainen
3263986-1,Ari Tupamäki Oy,Osakeyhtiö,"Tarhiantie 12, 42700 Keuruu",Keuruu,ilmainen
3264037-9,A.Sorsa Oy,Osakeyhtiö,"Turvekatu 4 D, 15810 Lahti",Lahti,ilmainen
3264524-1,Kameravarustelu JK Oy,Osakeyhtiö,"Otsokatu 6 as., 15950 Lahti",Lahti,ilmainen
3264526-8,AutoSpa Kasarmintori Oy,Osakeyhtiö,"Yrjönkatu 8-10, 00120 Helsinki",Helsinki,ilmainen
3264531-3,OULUTEC OY,Osakeyhtiö,"Heinäsuolankuja 14, 90460 Oulunsalo",Oulunsalo,ilmainen
3264603-3,Hit Service Oy,Osakeyhtiö,"Kalkkikiventie 12, 04300 Tuusula",Tuusula,ilmainen
3264882-1,Madisson Holding Oy,Osakeyhtiö,"Louhikkotie 15c E, 00770 Helsinki",Helsinki,ilmainen
3265133-4,Vancar Oy,Osakeyhtiö,"Koivupurontie 9, 40320 Jyväskylä",Jyväskylä,ilmainen
3265680-5,OHM-Store Oy,Osakeyhtiö,"Kalliorinne 6, 04360 Tuusula",Tuusula,ilmainen
3265770-1,Oy MotoHot Mechanics Ab,Osakeyhtiö,"Bergstadsvägen 144, 02480 Kirkkonummi",Kirkkonummi,ilmainen
3266035-3,Norristek Oy,Osakeyhtiö,"Tarhatie 6, 45700 Kuusankoski",Kuusankoski,ilmainen
3266303-6,SR Performance Oy,Osakeyhtiö,"Haapaniitynkatu 1, 04230 Kerava",Kerava,ilmainen
3266458-1,R-Service Oy,Osakeyhtiö,"Verstastie 2, 33330 Tampere",Tampere,ilmainen
3266495-2,Halkian autohuolto Oy,Osakeyhtiö,"Sinikellontie 49, 07190 Halkia",Halkia,ilmainen
3266564-8,Autotyö JooKo Oy,Osakeyhtiö,"Muuntoasemantie 5, 21420 Lieto",Lieto,ilmainen
3266712-5,Carrax Oy,Osakeyhtiö,"Kannaksenkatu 22, 60120 Seinäjoki",Seinäjoki,ilmainen
3266853-1,Autopaja Olkkonen Oy,Osakeyhtiö,"Peltotie 2, 19600 Hartola",Hartola,ilmainen
3267025-2,Pitmik oy,Osakeyhtiö,"Vaasantie 138, 33470 Ylöjärvi",Ylöjärvi,ilmainen
3267087-7,Korjaamo Toivanen Oy,Osakeyhtiö,"Ainontie 1, 54100 Joutseno",Joutseno,ilmainen
3267120-4,Takahikiä Oy,Osakeyhtiö,"Sammalvaarantie 136b, 82170 Uskali",Uskali,ilmainen
3267249-3,Kaizen 369 Oy,Osakeyhtiö,"Malminkatu 22 E, 00100 Helsinki",Helsinki,ilmainen
3267380-8,KonePakka Oy,Osakeyhtiö,"Koivutie 5 C, 60550 Nurmo",Nurmo,ilmainen
3267452-8,Autopesu Ejona Oy,Osakeyhtiö,"Huurrekuja 9, 04360 Tuusula",Tuusula,ilmainen
3267577-4,Suomen Pesuväylä Oy,Osakeyhtiö,"Vellamontie 21 as., 04230 Kerava",Kerava,ilmainen
3267627-5,UpWash Oy,Osakeyhtiö,"Flätbackantie 1, 04150 Martinkylä",Martinkylä,ilmainen
3268004-7,Soll Suomi Oy,Osakeyhtiö,"Mäkitalonkatu 42, 32200 Loimaa",Loimaa,ilmainen
3268129-3,Autopesula Manninen Oy,Osakeyhtiö,"Korjuuntie 26, 28360 Pori",Pori,ilmainen
3268806-5,Auton Ohjelmointi Oy,Osakeyhtiö,"Jyrätie 5 A, 11130 Riihimäki",Riihimäki,ilmainen
3268900-9,VS Car Oy,Osakeyhtiö,"Sulkavantie 6, 71800 Siilinjärvi",Siilinjärvi,ilmainen
3269161-9,MB Garage Oy,Osakeyhtiö,"Betonitie 5 B, 33470 Ylöjärvi",Ylöjärvi,ilmainen
3269328-6,Auto- ja konekorjaamo R&R oy,Osakeyhtiö,"Suivalantie 195, 12600 Läyliäinen",Läyliäinen,ilmainen
3269584-7,Alma-Janna Palvelut Oy,Osakeyhtiö,"Laajakorvenkuja 8 B, 01620 Vantaa",Vantaa,ilmainen
3269824-7,Autohenri Oy,Osakeyhtiö,00000 Osoite Tuntematon,Osoite Tuntematon,ilmainen
3270221-8,EMstyling Oy,Osakeyhtiö,"Metsätuomistontie 3, 26510 Rauma",Rauma,ilmainen
3270307-7,Autosähköprofessori Oy,Osakeyhtiö,"Alakorkalontie 44 H, 96300 Rovaniemi",Rovaniemi,ilmainen
3270349-9,Lempäälän Autopalvelu Oy,Osakeyhtiö,"Halkolantie 14, 37500 Lempäälä",Lempäälä,ilmainen
3270457-1,HPD WORKS OY,Osakeyhtiö,"Stensundsvägen 46, 07780 Härkäpää",Härkäpää,ilmainen
3270519-5,Lakeuden Pienkonehuolto Oy,Osakeyhtiö,00000 Osoite Tuntematon,Osoite Tuntematon,ilmainen
3270623-5,TBT Multitjänst Ab Oy,Osakeyhtiö,"Fiskaruddsstråket 8, 68660 Pietarsaari",Pietarsaari,ilmainen
3270801-1,Nordvector Oy,Osakeyhtiö,"Yrttimaantie 36 B, 00740 Helsinki",Helsinki,ilmainen
3270832-9,Jukone oy,Osakeyhtiö,"Hiirosentie 30, 90140 Oulu",Oulu,ilmainen
3271668-7,JME Car services Oy,Osakeyhtiö,"Harjukatu 10, 05900 Hyvinkää",Hyvinkää,ilmainen
3271715-3,KVT-Autohuolto Oy,Osakeyhtiö,"Ruskakatu 2, 05810 Hyvinkää",Hyvinkää,ilmainen
3271882-6,Car-Stars Oy,Osakeyhtiö,"Kivelänlammentie 418, 40270 Palokka",Palokka,ilmainen
3272290-5,Auto-France Oy,Osakeyhtiö,"Aspitie 21, 80100 Joensuu",Joensuu,ilmainen
3272302-7,Laidor Oy,Osakeyhtiö,"Arkiomaantie 330, 15230 Lahti",Lahti,ilmainen
3272447-6,MILAUTO OY,Osakeyhtiö,"Sturenkatu 26 lt., 00510 Helsinki",Helsinki,ilmainen
3272524-1,Hangon autopesu Oy,Osakeyhtiö,"Dynamiittitie 9a, 10960 Hanko Pohjoinen",Hanko Pohjoinen,ilmainen
3272789-6,Pajamotors oy,Osakeyhtiö,"Haanvuorentie 33, 49420 Hamina",Hamina,ilmainen
3272902-3,Kmfix Oy,Osakeyhtiö,"Wahlforssinkatu 7-9, 80100 Joensuu",Joensuu,ilmainen
3273330-5,Julmar Oy,Osakeyhtiö,"Kiertotie 5 C, 63700 Ähtäri",Ähtäri,ilmainen
3273537-8,SnadiFix Oy,Osakeyhtiö,"Alkutie 1, 02970 Espoo",Espoo,ilmainen
3273787-5,Bus & Truck Center Oy,Osakeyhtiö,"Pomonkatu 4, 50150 Mikkeli",Mikkeli,ilmainen
3274147-9,EeLind Oy,Osakeyhtiö,"Jänismaantie 7, 67800 Kokkola",Kokkola,ilmainen
3274260-7,Auto- ja Venehuolto STK Oy,Osakeyhtiö,"Tellervonkatu 2, 28130 Pori",Pori,ilmainen
3274583-2,Hjelby Oy,Osakeyhtiö,"Alaniityntie 2 C, 02760 Espoo",Espoo,ilmainen
3274655-2,Joen Itsepesuhalli Oy,Osakeyhtiö,"Jukolankatu 20 A, 80100 Joensuu",Joensuu,ilmainen
3274874-2,BORZ Autohuolto Oy,Osakeyhtiö,"Hapero 5 C, 00760 Helsinki",Helsinki,ilmainen
3275171-4,Huoltokorjaamo J.Koivukoski Oy,Osakeyhtiö,"Hallitie 1, 61600 Jalasjärvi",Jalasjärvi,ilmainen
3275172-2,Huoltopalvelu Jensen Oy,Osakeyhtiö,"Keskustie 1, 09120 Karjalohja",Karjalohja,ilmainen
3275277-6,Laitilan Pyöräliike oy,Osakeyhtiö,"Kaivolantie 1026, 23800 Laitila",Laitila,ilmainen
3275760-6,Totalfix Oy,Osakeyhtiö,"Niittyportinpolku 2 A, 02200 Espoo",Espoo,ilmainen
3276319-2,Autopeltikorjaamo Siirtola Oy,Osakeyhtiö,"Suomustie 2, 99600 Sodankylä",Sodankylä,ilmainen
3276404-8,AutoAN Oy,Osakeyhtiö,"Palopolku 3, 04250 Kerava",Kerava,ilmainen
3277143-2,Fixnero Oy,Osakeyhtiö,"Tiilenvalajantie 6, 02330 Espoo",Espoo,ilmainen
3277589-8,Kaakonmari Oy,Osakeyhtiö,"Muuralankuja 1, 48600 Kotka",Kotka,ilmainen
3277694-6,joen pienkonehuolto oy,Osakeyhtiö,"Harkkotie 2 B, 80130 Joensuu",Joensuu,ilmainen
3277855-4,ITP Autolle Oy,Osakeyhtiö,"Takomokuja 2 A, 90440 Kempele",Kempele,ilmainen
3277882-9,Melekone Oy,Osakeyhtiö,"Eino Leinon Katu 40, 13130 Hämeenlinna",Hämeenlinna,ilmainen
3277947-7,Fly Cargo Service Oy,Osakeyhtiö,"Aurinkolahden Puistotie 2 C, 00990 Helsinki",Helsinki,ilmainen
3278098-8,Bilsalongen Helsinki Oy,Osakeyhtiö,"Meripellontie 11 C, 00910 Helsinki",Helsinki,ilmainen
3278146-2,Jurap Oy,Osakeyhtiö,"Voudinkatu 5 A, 20780 Kaarina",Kaarina,ilmainen
3278514-8,Östman Bil&Service Ab,Osakeyhtiö,"Lillbyvägen 202, 68940 Lillby",Lillby,ilmainen
3278850-9,Rasvamonttu Oy,Osakeyhtiö,"Hiekkalahdentie 219, 58430 Kulennoinen",Kulennoinen,ilmainen
3278883-2,TonyPro Oy,Osakeyhtiö,"Linjatie 45, 04500 Kellokoski",Kellokoski,ilmainen
3279207-3,Good Car Service Oy,Osakeyhtiö,"Kotikonnuntie 1, 00940 Helsinki",Helsinki,ilmainen
3279602-3,Limingan Autopiste Oy,Osakeyhtiö,"Pölykuja 3, 91900 Liminka",Liminka,ilmainen
3279961-1,Eleker Oy,Osakeyhtiö,"Vermonpolku 3 D, 00370 Helsinki",Helsinki,ilmainen
3280317-4,EN-Service Oy,Osakeyhtiö,"Myyränkatu 10, 53850 Lappeenranta",Lappeenranta,ilmainen
3280385-2,Joanta Oy,Osakeyhtiö,"Suomäentie 28, 40660 Jyväskylä",Jyväskylä,ilmainen
3280774-9,Ruoholahden autopesu Oy,Osakeyhtiö,"Itämerentori 2, 00180 Helsinki",Helsinki,ilmainen
3281065-7,Busland OY,Osakeyhtiö,"Somerontie 11, 36220 Kangasala",Kangasala,ilmainen
3281313-7,Tesal Oy,Osakeyhtiö,"Safiirikuja 1 B, 01700 Vantaa",Vantaa,ilmainen
3281782-4,Auto- ja konekorjaamo Turpeinen Oy,Osakeyhtiö,"Yhteisahontie 79 A, 43300 Kannonkoski",Kannonkoski,ilmainen
3282500-7,SK Designs Oy,Osakeyhtiö,"Salavakuja 2 B, 00780 Helsinki",Helsinki,ilmainen
3282567-2,Turun Autotalo Autokorjamo Oy,Osakeyhtiö,"Mallimestarinkatu 6, 20780 Kaarina",Kaarina,ilmainen
3282587-5,Autohuolto Äijä OY,Osakeyhtiö,"Sammalpolku 2 H, 90620 Oulu",Oulu,ilmainen
3282880-6,Kostila Agri Oy,Osakeyhtiö,"Ronnintie 122, 16900 Lammi",Lammi,ilmainen
3282898-8,Best one autojen käsinpesu Oy,Osakeyhtiö,"Päivölänkatu 39, 60120 Seinäjoki",Seinäjoki,ilmainen
3283766-5,Autopalvelu MH-motor Oy,Osakeyhtiö,"Härjänruopantie 2, 21290 Rusko",Rusko,ilmainen
3283869-2,Kiment Oy,Osakeyhtiö,"Riiakankuja 6, 12240 Hikiä",Hikiä,ilmainen
3283891-6,Hyvän Palvelun Autohuolto Oy,Osakeyhtiö,"Hanslankarintie 15, 04500 Kellokoski",Kellokoski,ilmainen
3284834-8,Samun Autopalvelu Oy,Osakeyhtiö,"Länsiväylä 3, 76150 Pieksämäki",Pieksämäki,ilmainen
3285068-3,PixelRoom Oy,Osakeyhtiö,"Tykkitie 3 C, 04320 Tuusula",Tuusula,ilmainen
3285310-4,AG SERVICE PLV OY,Osakeyhtiö,"Lahnatie 17 A, 01490 Vantaa",Vantaa,ilmainen
3285576-7,JA Kone Oy,Osakeyhtiö,"Pielisentie 82, 81700 Lieksa",Lieksa,ilmainen
3285581-2,Itä-Suomen kansityö Oy,Osakeyhtiö,"Mustikkarinteentie 4, 81220 Jakokoski",Jakokoski,ilmainen
3286500-9,Autopalvelu Vecar Oy,Osakeyhtiö,"Keskuskatu 15, 86300 Oulainen",Oulainen,ilmainen
3286739-7,Mikan Talli Oy,Osakeyhtiö,"Korvenpääntie 14, 47710 Jaala",Jaala,ilmainen
3286836-5,JR Tarvekorjaamo & Logistics Oy,Osakeyhtiö,"Jylpyntie 25, 48230 Kotka",Kotka,ilmainen
3286901-8,Garage Korso Oy,Osakeyhtiö,"Uranuksenkuja 21, 01480 Vantaa",Vantaa,ilmainen
3287044-9,Fast Services Finland Oy,Osakeyhtiö,"Venlankatu 6 A, 05830 Hyvinkää",Hyvinkää,ilmainen
3288256-2,Scandicum Oy,Osakeyhtiö,"Kytömaantie 8, 04200 Kerava",Kerava,ilmainen
3288372-5,Autohuolto T. Hartikainen Oy,Osakeyhtiö,"Uudenmaantie 27, 04430 Järvenpää",Järvenpää,ilmainen
3288514-9,Hinaus & Huolto Lång Oy,Osakeyhtiö,"Tiilitie 38, 64700 Teuva",Teuva,ilmainen
3288546-4,Milingona Oy,Osakeyhtiö,"Kalevankatu 46, 00180 Helsinki",Helsinki,ilmainen
3288553-6,Kallion Autopesu Oy,Osakeyhtiö,"Neljäs Linja 3, 00530 Helsinki",Helsinki,ilmainen
3289105-5,MK Huolto ja Asennus Oy,Osakeyhtiö,"Pohjapuolentie 308, 69300 Toholampi",Toholampi,ilmainen
3289805-4,Sipifixi Oy,Osakeyhtiö,"Tukikohdantie 6 A, 76150 Pieksämäki",Pieksämäki,ilmainen
3289851-3,City Car Service Oy,Osakeyhtiö,"Vakaimentie 1, 03100 Nummela",Nummela,ilmainen
3289893-5,Vemikone Oy,Osakeyhtiö,"Ouluntie 31, 84100 Ylivieska",Ylivieska,ilmainen
3289942-8,Helcars oy,Osakeyhtiö,"Läntinen Teollisuuskatu 23b B, 02920 Espoo",Espoo,ilmainen
3289996-2,Oskone Oy,Osakeyhtiö,"Nukarintie 24, 05400 Jokela",Jokela,ilmainen
3290425-8,auto ja lätty oy,Osakeyhtiö,"Kivimäenkuja 27, 23500 Uusikaupunki",Uusikaupunki,ilmainen
3290681-9,Pro Detailing Turku Oy,Osakeyhtiö,"Tuotekatu 7, 21200 Raisio",Raisio,ilmainen
3290687-8,Fixury Autokorjaamo Oy,Osakeyhtiö,"Santaradantie 7 E, 01370 Vantaa",Vantaa,ilmainen
3291067-4,Maalarium Oy,Osakeyhtiö,"Rasulankatu 7 C, 33730 Tampere",Tampere,ilmainen
3291076-2,Kaapon Autopalvelu Oy,Osakeyhtiö,"Hyttiläntie 6, 80400 Ylämylly",Ylämylly,ilmainen
3291174-9,H&P autopalvelu Oy,Osakeyhtiö,"Esikuntakatu 22, 15700 Lahti",Lahti,ilmainen
3291600-5,Huolto ja Asennus A.Leinonen oy,Osakeyhtiö,"Ruotsinkatu 37, 11120 Riihimäki",Riihimäki,ilmainen
3291604-8,Keskinivax oy,Osakeyhtiö,"Jänkäläntie 3, 97140 Muurola",Muurola,ilmainen
3291775-3,Pirkanmaan Raskashuolto Oy,Osakeyhtiö,"Koivistontie 10, 33960 Pirkkala",Pirkkala,ilmainen
3291979-1,JT Autopalvelut Oy,Osakeyhtiö,"Yrittäjänkatu 4, 44150 Äänekoski",Äänekoski,ilmainen
3292055-7,Fullgas Motorsport Oy,Osakeyhtiö,"Pohjoinen Satamatie 1, 68100 Himanka",Himanka,ilmainen
3292257-9,Lumo Automotive Oy,Osakeyhtiö,"Otsotie 29, 01900 Nurmijärvi",Nurmijärvi,ilmainen
3292376-6,Salon Car Fix Wash Oy,Osakeyhtiö,"Isotuvankatu 5 B, 24260 Salo",Salo,ilmainen
3292802-2,Ropaamo Oy,Osakeyhtiö,"Joentaustankatu 18 A, 33330 Tampere",Tampere,ilmainen
3293462-5,Metsäkylän Autometalli Oy,Osakeyhtiö,"Metsänummentie 251, 49540 Metsäkylä",Metsäkylä,ilmainen
3293698-9,Valkeakosken Automaalaamo Oy,Osakeyhtiö,"Pispantallinkatu 7, 37630 Valkeakoski",Valkeakoski,ilmainen
3293999-5,Wash Riihimäki Oy,Osakeyhtiö,"Kynttilätie 17, 11710 Riihimäki",Riihimäki,ilmainen
3294322-2,H.ULMANEN Oy,Osakeyhtiö,"Mossin Puistokatu 12 C, 36100 Kangasala As",Kangasala As,ilmainen
3294352-1,Fixcar Oy,Osakeyhtiö,"Kotakennääntie 9, 44100 Äänekoski",Äänekoski,ilmainen
3294439-9,as autopalvelu Oy,Osakeyhtiö,"Orikedonkatu 26, 20380 Turku",Turku,ilmainen
3294528-7,HyväVärinen Oy,Osakeyhtiö,"Museotie 253, 92620 Piippola",Piippola,ilmainen
3295167-9,The Auto District Oy,Osakeyhtiö,"Pihatörmä 2 A, 02240 Espoo",Espoo,ilmainen
3295178-3,Sukopal Oy,Osakeyhtiö,"Soidinmäentie 29, 44260 Vihijärvi",Vihijärvi,ilmainen
3295192-7,Kascom Oy,Osakeyhtiö,"Merimiehenkatu 1, 64260 Kaskinen",Kaskinen,ilmainen
3295205-7,IMT Huolto Oy,Osakeyhtiö,"Talttakatu 3, 37150 Nokia",Nokia,ilmainen
3295615-4,Vuola Trucks and Trailers Oy,Osakeyhtiö,"Voivalantie 28, 20780 Kaarina",Kaarina,ilmainen
3295945-1,Monialapalvelu Ari Kettunen Oy,Osakeyhtiö,"Rikantilantie 386, 27150 Eurajoki",Eurajoki,ilmainen
3296024-1,Car Doctors Oy,Osakeyhtiö,"Korvasienentie 6, 00760 Helsinki",Helsinki,ilmainen
3296369-6,T.O.L. Service Oy,Osakeyhtiö,"Kelatie 15, 01450 Vantaa",Vantaa,ilmainen
3296557-9,SL Raskashuolto Oy,Osakeyhtiö,"Tarjusojantie 16, 90440 Kempele",Kempele,ilmainen
3298001-5,Speedweekend Oy,Osakeyhtiö,"Arajärventie 57 A, 37830 Akaa",Akaa,ilmainen
3298094-7,AJT Capital Oy,Osakeyhtiö,"Steniuksentie 45 B, 00320 Helsinki",Helsinki,ilmainen
3298314-4,Pohjanmaan Autoservice Oy,Osakeyhtiö,"Hallintie 18, 66400 Laihia",Laihia,ilmainen
3298431-5,Kone Oinas Oy,Osakeyhtiö,"Ukonpalontie 38, 97140 Muurola",Muurola,ilmainen
3298525-4,HenCar Oy,Osakeyhtiö,"Parkkilantie 94 C, 52110 Majavesi",Majavesi,ilmainen
3299005-3,J&B Autofix Oy,Osakeyhtiö,"Kuriiritie 17, 01510 Vantaa",Vantaa,ilmainen
3299006-1,Kaarinan Korityö Oy,Osakeyhtiö,"Ketunpolku 16, 20660 Littoinen",Littoinen,ilmainen
3299395-9,Saara Sulanen Oy,Osakeyhtiö,"Perniöntie 2530, 25500 Perniö",Perniö,ilmainen
3299401-1,Plusicar Oy,Osakeyhtiö,"Huurretie 6, 33470 Ylöjärvi",Ylöjärvi,ilmainen
3299707-9,Autoni Palvelu Kaarina Oy,Osakeyhtiö,"Hallimestarinkatu 9, 20780 Kaarina",Kaarina,ilmainen
3299774-9,Rovaniemen autohuolto Oy,Osakeyhtiö,"Ahjotie 28, 96320 Rovaniemi",Rovaniemi,ilmainen
3300060-5,JRims Oy,Osakeyhtiö,"Viljakkalantie 1061, 34110 Lakiala",Lakiala,ilmainen
3300214-1,Ronin Customs Oy,Osakeyhtiö,"Kelatie 12 A, 01450 Vantaa",Vantaa,ilmainen
3300870-3,Automaalaamo Niiranen Oy,Osakeyhtiö,"Tapionkatu 11, 70500 Kuopio",Kuopio,ilmainen
3301136-3,JJ Garage & Services Oy,Osakeyhtiö,"Husulantie 58, 49510 Husula",Husula,ilmainen
3301165-4,Pesitek Oy,Osakeyhtiö,"Metsäkyläntie 166, 39160 Julkujärvi",Julkujärvi,ilmainen
3301469-5,Samin Pikahuolto Oy,Osakeyhtiö,"Immonkuja 2 A, 01420 Vantaa",Vantaa,ilmainen
3301627-9,Dimcarservice Oy,Osakeyhtiö,"Yrittäjänkatu 9, 06150 Porvoo",Porvoo,ilmainen
3301768-5,JR Auto ja Konehuolto Oy,Osakeyhtiö,"Mäntytie 3, 37470 Vesilahti",Vesilahti,ilmainen
3302123-8,Meri-Lapin Huolto oy,Osakeyhtiö,"Pohjolankatu 29 A, 87100 Kajaani",Kajaani,ilmainen
3302204-6,Forsmax Oy,Osakeyhtiö,"Riikinkuja 1, 24910 Halikko As",Halikko As,ilmainen
3302416-4,JK-Performance Oy,Osakeyhtiö,"Sulapuronkatu 4, 33700 Tampere",Tampere,ilmainen
3302484-2,Jaku Center Oy,Osakeyhtiö,"Tuulilasintie 24 E, 00770 Helsinki",Helsinki,ilmainen
3302503-6,Diamond detail Oy,Osakeyhtiö,"Pornaistentie 85, 07110 Hinthaara",Hinthaara,ilmainen
3303302-8,Nivalan Raskaskonehuolto Oy,Osakeyhtiö,"Kippitie 2, 85500 Nivala",Nivala,ilmainen
3303465-3,Autolider Espoo Oy,Osakeyhtiö,"Tiilenvalajantie 6, 02330 Espoo",Espoo,ilmainen
3304293-6,Autohuolto & Rengasliike Sarin Oy,Osakeyhtiö,"Fankkeentie 18, 27510 Eura",Eura,ilmainen
3304395-5,K Tallgren Ab Oy,Osakeyhtiö,"Langerskogsvägen 78, 66140 Övermalax",Övermalax,ilmainen
3304534-4,02 Autopalvelut Oy,Osakeyhtiö,"Teollisuustie 17, 06150 Porvoo",Porvoo,ilmainen
3304799-9,NJcustoms Oy,Osakeyhtiö,"Loviisantie 393 A, 06200 Porvoo",Porvoo,ilmainen
3304823-8,KooPee Logistics Oy,Osakeyhtiö,"Riihiniementie 7 A, 93600 Kuusamo",Kuusamo,ilmainen
3305166-4,JB Garage Kb,Kommandiittiyhtiö,"Kolebackvägen 100, 66210 Molpe",Molpe,ilmainen
3305362-7,Triove Oy,Osakeyhtiö,"Kuriiritie 26 D, 01510 Vantaa",Vantaa,ilmainen
3305623-8,SAROJA GRILLI OY,Osakeyhtiö,"Tervojantie 106, 61270 Luopajärvi",Luopajärvi,ilmainen
3306017-3,VK Autohuolto Oy,Osakeyhtiö,"Pispantallinkatu 9, 37630 Valkeakoski",Valkeakoski,ilmainen
3306036-8,VMH Autohuolto Oy,Osakeyhtiö,"Pykälistöntie 3, 40320 Jyväskylä",Jyväskylä,ilmainen
3306087-8,Pransi Konekorjaamo Oy,Osakeyhtiö,"Salmentie 9, 38510 Sastamala",Sastamala,ilmainen
3306295-3,Lammin Traktorihuolto Oy,Osakeyhtiö,"Kataloistentie 240, 16900 Lammi",Lammi,ilmainen
3306535-3,A & K Group Oy,Osakeyhtiö,00000 Osoite Tuntematon,Osoite Tuntematon,ilmainen
3306634-8,Salpakiilto Oy,Osakeyhtiö,"Kaitilankatu 1, 45130 Kouvola",Kouvola,ilmainen
3306649-5,Sähköautopalvelut E-Autoexpert Oy,Osakeyhtiö,"Rahkeentie 10, 80100 Joensuu",Joensuu,ilmainen
3306655-9,NHTech Oy,Osakeyhtiö,"Maanpääntie 1079, 21930 Uusikartano",Uusikartano,ilmainen
3306956-5,Juvetum Oy,Osakeyhtiö,"Myyrmäentie 6 D, 01600 Vantaa",Vantaa,ilmainen
3307500-9,APHV Works Oy,Osakeyhtiö,"Hyväntuulentie 51, 28200 Pori",Pori,ilmainen
3307535-9,Elite Carwash Airport OY,Osakeyhtiö,"Kylänvanhimmantie 5-11 I, 00640 Helsinki",Helsinki,ilmainen
3307562-3,Carmod oy,Osakeyhtiö,"Sannitie 3, 94450 Keminmaa",Keminmaa,ilmainen
3307706-3,MakeMan Oy,Osakeyhtiö,"Rokkasuontie 124, 41350 Laukaa As",Laukaa As,ilmainen
3307910-6,TITAN automaalaus Oy,Osakeyhtiö,"Nallintie 6 A, 21420 Lieto",Lieto,ilmainen
3308486-1,Autopaja Alppila Oy,Osakeyhtiö,"Patteritie 5, 90530 Oulu",Oulu,ilmainen
3308718-1,Auto Polar Oy,Osakeyhtiö,00000 Osoite Tuntematon,Osoite Tuntematon,ilmainen
3309004-9,Turun Raskaskonehuolto Oy,Osakeyhtiö,"Humalistonkatu 8 A, 20100 Turku",Turku,ilmainen
3309028-4,4way Oy,Osakeyhtiö,"Valajankatu 17, 04440 Järvenpää",Järvenpää,ilmainen
3309037-2,Autokorjaamo Highwey Oy,Osakeyhtiö,"Uhrilähteenkatu 8, 20250 Turku",Turku,ilmainen
3309347-7,Kumiko Oy,Osakeyhtiö,"Vanha Helsingintie 18 B, 00700 Helsinki",Helsinki,ilmainen
3309378-4,HKS-Auto Oy,Osakeyhtiö,"Haikankatu 5 B, 21200 Raisio",Raisio,ilmainen
3309620-5,SM Garage Oy,Osakeyhtiö,"Neliökuja 2, 04300 Tuusula",Tuusula,ilmainen
3310425-2,JPs Pinta Oy,Osakeyhtiö,"Hietalantie 3 C, 85100 Kalajoki",Kalajoki,ilmainen
3311091-9,JVT Tekninen Oy,Osakeyhtiö,"Pappilanpolku 2 B, 55120 Imatra",Imatra,ilmainen
3311502-3,Waskelan Sepät Oy,Osakeyhtiö,"Teollisuustie 3, 81100 Kontiolahti",Kontiolahti,ilmainen
3311839-8,Kymppihuolto Oy,Osakeyhtiö,"Liljendalintie 7, 04600 Mäntsälä",Mäntsälä,ilmainen
3311873-4,Deluxe autokorjaamo oy,Osakeyhtiö,00000 Osoite Tuntematon,Osoite Tuntematon,ilmainen
3312285-6,Mettoa Oy,Osakeyhtiö,"Hannuksenranta 11, 99600 Sodankylä",Sodankylä,ilmainen
3312311-1,E-P:n Auto ja Konehuolto Oy,Osakeyhtiö,"Pakkamestarinkatu 11 C, 60100 Seinäjoki",Seinäjoki,ilmainen
3312752-6,Vesoa Oy,Osakeyhtiö,"Harjuntie 92, 45200 Kouvola",Kouvola,ilmainen
3313186-7,Autohuolto Stadin Ykköset Oy,Osakeyhtiö,"Pikkukouluntie 4, 02770 Espoo",Espoo,ilmainen
3313671-3,CarDude Oy,Osakeyhtiö,"Tommolankatu 18, 45130 Kouvola",Kouvola,ilmainen
3314461-7,Autohuolto Kovanen Oy,Osakeyhtiö,"Lehtopelto 28 A, 58200 Kerimäki",Kerimäki,ilmainen
3314484-4,Halon Autojen Käsinpesu Oy,Osakeyhtiö,"Venteläntie 1 B, 08500 Lohja",Lohja,ilmainen
3314568-7,VesaCar Oy,Osakeyhtiö,"Kuusamontie 40, 04380 Tuusula",Tuusula,ilmainen
3315101-6,Syndicate Garage Oy,Osakeyhtiö,"Lairolantie 20, 24910 Halikko As",Halikko As,ilmainen
3315283-6,Lider Group Oy,Osakeyhtiö,"Tiilenvalajantie 6, 02330 Espoo",Espoo,ilmainen
3315309-7,MZ Autoparsinta Oy,Osakeyhtiö,"Tehtaankatu 13, 68600 Pietarsaari",Pietarsaari,ilmainen
3315321-4,Hulttio OY,Osakeyhtiö,"Metsotie 1 B, 90450 Kempele",Kempele,ilmainen
3315344-1,HS Kytkintien Automaalamo Oy,Osakeyhtiö,"Kytkintie 38, 00770 Helsinki",Helsinki,ilmainen
3315452-4,ML Carwash Oy,Osakeyhtiö,"Holmankorpi 1 D, 02210 Espoo",Espoo,ilmainen
3315565-8,Konehuolto Sormunen Oy,Osakeyhtiö,"Korventie 349, 82685 Littilä",Littilä,ilmainen
3315741-8,CF Autohotelli Oy,Osakeyhtiö,"Lapintie 7 A, 33100 Tampere",Tampere,ilmainen
3315938-4,Harkone Oy,Osakeyhtiö,"Hovimurrontie 5, 90450 Kempele",Kempele,ilmainen
3316053-7,LOMMOT VEKS Oy,Osakeyhtiö,"Mätikistönkuja 40, 07170 Pornainen",Pornainen,ilmainen
3316376-2,T&M Huoltopalvelu Oy,Osakeyhtiö,"Siikalammentie 1, 74300 Sonkajärvi",Sonkajärvi,ilmainen
3316846-7,VP Motors Oy,Osakeyhtiö,"Krossinkatu 14 B, 20780 Kaarina",Kaarina,ilmainen
3317051-6,RS AutoFix Oy,Osakeyhtiö,"Niitunniskantie 18 lh., 20320 Turku",Turku,ilmainen
3317139-1,Janne Kaukomo Oy,Osakeyhtiö,"Kuurnapääntie 149, 21500 Piikkiö",Piikkiö,ilmainen
3317191-4,K Kallio Oy,Osakeyhtiö,"Elokuja 2 B, 40270 Palokka",Palokka,ilmainen
3317278-1,VDT Motors Oy,Osakeyhtiö,"Riuttasentie 136 B, 69100 Kannus",Kannus,ilmainen
3317470-1,O ja A Oy,Osakeyhtiö,"Vanainkatu 1, 13200 Hämeenlinna",Hämeenlinna,ilmainen
3317473-6,One-Stop Autohuolto Oy,Osakeyhtiö,"Kiitoradantie 7 D, 01530 Vantaa",Vantaa,ilmainen
3317485-9,Mekkah.OY,Osakeyhtiö,"Rouskutie 1, 90650 Oulu",Oulu,ilmainen
3317588-6,AUTOHUOLTO AVIA OY,Osakeyhtiö,"Vierikatu 5, 04430 Järvenpää",Järvenpää,ilmainen
3317782-2,CarLabra Oy,Osakeyhtiö,"Kylänportti 4 B, 02940 Espoo",Espoo,ilmainen
3317897-2,ARD Auto oy,Osakeyhtiö,"Korennontie 8 B, 01490 Vantaa",Vantaa,ilmainen
3318033-5,Porvoon Autoservice Oy,Osakeyhtiö,"Mestarintie 1, 06150 Porvoo",Porvoo,ilmainen
3318148-5,SnowFix Oy,Osakeyhtiö,"Ukuranperäntie 92, 91980 Lumijoki",Lumijoki,ilmainen
3318282-4,Örinägarage Oy,Osakeyhtiö,"Valimonkatu 1a as., 41160 Tikkakoski",Tikkakoski,ilmainen
3318388-6,AnJo Palvelut Oy,Osakeyhtiö,"Mäntyvaarantie 1, 20660 Littoinen",Littoinen,ilmainen
3319237-9,Akkuauto Finland Oy,Osakeyhtiö,"Paattilammintie 114, 38760 Venesjärvi",Venesjärvi,ilmainen
3319536-9,Maalaus Mäkinen Oy,Osakeyhtiö,"Laukaantie 1 B, 41340 Laukaa",Laukaa,ilmainen
3319680-4,Karavaanipaja Lahti Oy,Osakeyhtiö,"Parsikatu 2, 15240 Lahti",Lahti,ilmainen
3319841-2,Pesuhalli Seinäjoki Oy,Osakeyhtiö,"Jalostajankuja 1, 60100 Seinäjoki",Seinäjoki,ilmainen
3319892-2,Auto- ja Konekorjaamo Hakkarainen Oy,Osakeyhtiö,"Uusitie 10, 79600 Joroinen",Joroinen,ilmainen
3319908-7,RM RaceMotors Oy,Osakeyhtiö,"Kuusikuja 3 B, 10420 Pohjankuru",Pohjankuru,ilmainen
3319926-3,Huollan Oy,Osakeyhtiö,"Kylmäläntie 468, 02540 Kylmälä",Kylmälä,ilmainen
3320454-4,Tuulilasipäälliköt Oy,Osakeyhtiö,"Laatukatu 13, 15680 Lahti",Lahti,ilmainen
3320495-8,Syki Oy,Osakeyhtiö,"Asemanpellontie 12, 08500 Lohja",Lohja,ilmainen
3320756-9,Rekka Spa Oy,Osakeyhtiö,"Länsi-Avantintie 5, 21420 Lieto",Lieto,ilmainen
3320764-9,Voivalan Autopesu Oy,Osakeyhtiö,"Voivalantie 20 B, 20780 Kaarina",Kaarina,ilmainen
3320812-3,Verhoomo Car-Art Oy,Osakeyhtiö,"Korvenkyläntie 20, 40950 Muurame",Muurame,ilmainen
3320867-6,Am7 Oy,Osakeyhtiö,"Piispansilta 17b B, 02230 Espoo",Espoo,ilmainen
3321035-4,Keijon Fiilunki Oy,Osakeyhtiö,"Perkkoonkatu 11, 33850 Tampere",Tampere,ilmainen
3321036-2,Moonshine Motors Oy,Osakeyhtiö,"Perhospolku 10 A, 37800 Akaa",Akaa,ilmainen
3321089-9,BB Korjaamo Oy,Osakeyhtiö,"Högberginhaara 11, 04360 Tuusula",Tuusula,ilmainen
3321378-2,R.AutoApu Oy,Osakeyhtiö,"Pertunpellontie 3 B, 00740 Helsinki",Helsinki,ilmainen
3321507-5,TP-systems Oy,Osakeyhtiö,"Suntionpolku 6, 32100 Ypäjä",Ypäjä,ilmainen
3321773-2,EM-Motors Oy,Osakeyhtiö,"Ruohosenmaantie 145, 21240 Askainen",Askainen,ilmainen
3321807-3,Autopalvelu Roka Oy,Osakeyhtiö,"Läntinen Teollisuuskatu 23 A, 02920 Espoo",Espoo,ilmainen
3321843-6,Dimi Garage Oy,Osakeyhtiö,"Rannikkotie 62 B, 02580 Siuntio",Siuntio,ilmainen
3321973-8,MS Palvelut Oy,Osakeyhtiö,"Pikkukorventie 34 E, 37150 Nokia",Nokia,ilmainen
3322239-8,SQRL Oy,Osakeyhtiö,"Törmäniityntie 15 A, 02710 Espoo",Espoo,ilmainen
3322315-5,JV-Auto ja Rengas Oy,Osakeyhtiö,"Markuntie 12, 78300 Varkaus",Varkaus,ilmainen
3322505-4,Haidar HA Oy,Osakeyhtiö,"Kimalaisentie 4, 01490 Vantaa",Vantaa,ilmainen
3322541-7,bCare Autokorjaamo Oy,Osakeyhtiö,"Kauhatie 6, 40320 Jyväskylä",Jyväskylä,ilmainen
3322905-5,JT Autopikahuolto Oy,Osakeyhtiö,"Vanha Alapääntie 96, 94430 Tornio",Tornio,ilmainen
3323071-8,Jyrki Vesala Oy,Osakeyhtiö,"Lumijoentie 66 A, 91900 Liminka",Liminka,ilmainen
3323699-2,FLEETWASH Oy,Osakeyhtiö,"Jänislahdenkatu 4 H, 33410 Tampere",Tampere,ilmainen
3323975-5,Umtek Oy,Osakeyhtiö,"Kertojantie 13, 00730 Helsinki",Helsinki,ilmainen
3324033-4,RHG Autopesu Oy,Osakeyhtiö,"Sarkatie 1, 01720 Vantaa",Vantaa,ilmainen
3324052-9,ManGroup Oy,Osakeyhtiö,"Ajurintie 1, 03100 Nummela",Nummela,ilmainen
3324178-3,elliTech Oy,Osakeyhtiö,"Yrittäjänkatu 21, 50130 Mikkeli",Mikkeli,ilmainen
3324613-8,Huoltamo Hytönen Oy,Osakeyhtiö,"Säkkitie 13, 40320 Jyväskylä",Jyväskylä,ilmainen
3324619-7,Tanero Oy,Osakeyhtiö,"Laurantie 7 B, 01360 Vantaa",Vantaa,ilmainen
3325423-4,AutoAnRi Oy,Osakeyhtiö,"Kulovalkeantie 14 A, 02760 Espoo",Espoo,ilmainen
3325509-3,KoneCustom Oy,Osakeyhtiö,"Härkätie 125, 31500 Koski Tl",Koski Tl,ilmainen
3325600-2,Peten Moottori ja Metalli Oy,Osakeyhtiö,"Mestarintie 14 B, 04500 Kellokoski",Kellokoski,ilmainen
3325618-4,Oy CJB Backlund Ab,Osakeyhtiö,"Korsgrundvägen 20, 68600 Pietarsaari",Pietarsaari,ilmainen
3325730-4,Remontti Setälä Oy,Osakeyhtiö,"Hangasmäentie 16, 13210 Hämeenlinna",Hämeenlinna,ilmainen
3326156-5,Fintam Oy,Osakeyhtiö,"Uussillantie 41 A, 00950 Helsinki",Helsinki,ilmainen
3326489-7,LEKUN AUTO OY,Osakeyhtiö,"Kotkajärventie 1 A, 14500 Iittala",Iittala,ilmainen
3326531-2,MMA Group Oy,Osakeyhtiö,"Kytkintie 38, 00770 Helsinki",Helsinki,ilmainen
3326694-8,Meän Monipalvelu Oy,Osakeyhtiö,"Ruijantie 2101, 99440 Leppäjärvi",Leppäjärvi,ilmainen
3327257-1,Kymen Laatukiilto Oy,Osakeyhtiö,00000 Osoite Tuntematon,Osoite Tuntematon,ilmainen
3328355-3,Nordlund Service Oy,Osakeyhtiö,"Jaakontie 13 as., 28500 Pori",Pori,ilmainen
3328815-1,Akaan Autotyö Oy,Osakeyhtiö,"Koskenkarintie 3, 37800 Akaa",Akaa,ilmainen
3328820-7,Kiesihuolto Oy,Osakeyhtiö,"Kalliorinne 6, 04360 Tuusula",Tuusula,ilmainen
3329009-1,EK-Wash Oy,Osakeyhtiö,"Keravantie 507, 04150 Martinkylä",Martinkylä,ilmainen
3329048-9,Transcolor Oy,Osakeyhtiö,"Valurinkatu 1, 20360 Turku",Turku,ilmainen
3329304-9,Scandic Customs Oy,Osakeyhtiö,"Jarrutie 12, 00770 Helsinki",Helsinki,ilmainen
3329988-9,Koskela Motorsport Oy,Osakeyhtiö,"Pajupellontie 32, 61300 Kurikka",Kurikka,ilmainen
3330031-7,MK service Oy,Osakeyhtiö,"Rahkionkulmantie 112, 21800 Kyrö",Kyrö,ilmainen
3330137-9,Autoyksikkö Oy,Osakeyhtiö,"Neljäs Linja 17-19 A, 00530 Helsinki",Helsinki,ilmainen
3330417-4,MD Svets & Service Ab,Osakeyhtiö,"Norrängsstigen 7, 22150 Jomala",Jomala,ilmainen
3330499-1,OMAR MB Oy,Osakeyhtiö,"Karhuntie 18 B, 13600 Hämeenlinna",Hämeenlinna,ilmainen
3331683-7,Autofix LOKAL oy,Osakeyhtiö,"Mittatie 20, 01260 Vantaa",Vantaa,ilmainen
3331946-4,M&B Autokorjaamo Oy,Osakeyhtiö,"Lastikankatu 3, 33730 Tampere",Tampere,ilmainen
3331987-8,Bluewash Oy,Osakeyhtiö,"Jönsaksenkuja 4 A, 01600 Vantaa",Vantaa,ilmainen
3332335-9,PKPower Oy,Osakeyhtiö,"Ylästöntie 87, 01690 Vantaa",Vantaa,ilmainen
3332419-1,Sähkö- ja hybridiautojen ekspertti Oy,Osakeyhtiö,"Rajamäentie 2b, 37570 Lempäälä",Lempäälä,ilmainen
3332493-3,Nokian Autopajat Oy,Osakeyhtiö,"Katsastajankatu 1, 37150 Nokia",Nokia,ilmainen
3333151-9,Antti Buri Oy,Osakeyhtiö,"Kustavintie 2201 B, 23140 Hietamäki",Hietamäki,ilmainen
3333210-8,Suomen pakettiautohuolto Oy,Osakeyhtiö,"Kankitie 5, 40320 Jyväskylä",Jyväskylä,ilmainen
3333255-4,LS-Motors Oy,Osakeyhtiö,"Kannaksentie 3, 21110 Naantali",Naantali,ilmainen
3333437-3,Kattavat Tekijät Oy,Osakeyhtiö,"Saturnuksenkuja 2 A, 01480 Vantaa",Vantaa,ilmainen
3334649-7,Tintment Oy,Osakeyhtiö,"Hirvirinne 1 A, 40520 Jyväskylä",Jyväskylä,ilmainen
3334931-3,TTH-Asennus Oy,Osakeyhtiö,"Metsäläntie 2, 30300 Forssa",Forssa,ilmainen
3335146-4,SK Korjaamopalvelut Oy,Osakeyhtiö,"Ratatie 26, 23100 Mynämäki",Mynämäki,ilmainen
3335227-2,Karelia Truck Service Oy,Osakeyhtiö,"Tolvasentie 5, 80130 Joensuu",Joensuu,ilmainen
3336282-5,Raskassähkö Holding Oy,Osakeyhtiö,"Salvumiehenkatu 7, 20320 Turku",Turku,ilmainen
3336296-4,We Wash Vehicles Oy,Osakeyhtiö,"Ristolantie 20 B, 00320 Helsinki",Helsinki,ilmainen
3336516-1,Auto-Nurminen Oy,Osakeyhtiö,"Keskikankaantie 10, 15860 Hollola",Hollola,ilmainen
3336519-6,Carspa Autokorjaamo Oy,Osakeyhtiö,"Hyttitie 9, 00700 Helsinki",Helsinki,ilmainen
3336585-8,JT HUOLTOCENTER OY,Osakeyhtiö,"Pyhän Katariinan Tie 9 A, 20780 Kaarina",Kaarina,ilmainen
3337131-8,Jyvän autokorjaamo ja autopesu Oy,Osakeyhtiö,"Pääskyntie 4, 40320 Jyväskylä",Jyväskylä,ilmainen
3337201-1,Windglass Oy,Osakeyhtiö,"Kirkkokuja 16, 01230 Vantaa",Vantaa,ilmainen
3337505-2,MekoWest Oy,Osakeyhtiö,"Kairakatu 8, 26100 Rauma",Rauma,ilmainen
3337877-1,Nomi autopesu Oy,Osakeyhtiö,"Hansinkatu 12 A, 01400 Vantaa",Vantaa,ilmainen
3338458-1,VinPet Oy,Osakeyhtiö,"Tikkunlantie 55, 01300 Vantaa",Vantaa,ilmainen
3339003-3,Ks-Motor Oy,Osakeyhtiö,"Sepänrinne 4, 41310 Leppävesi",Leppävesi,ilmainen
3339204-7,Strong Fix Oy,Osakeyhtiö,"Untontie 32, 21310 Vahto",Vahto,ilmainen
3339585-4,AL-Autonpesupalvelut Oy,Osakeyhtiö,"Koulukatu 1, 10300 Karjaa",Karjaa,ilmainen
3339764-9,MATI AUTO OY,Osakeyhtiö,"Hällinkatu 14, 29200 Harjavalta",Harjavalta,ilmainen
3339775-3,Vipa Service Oy,Osakeyhtiö,"Haapaniementie 154 B, 40800 Vaajakoski",Vaajakoski,ilmainen
3340031-8,Max Rissanen Oy,Osakeyhtiö,"Asterintie 9 A, 01350 Vantaa",Vantaa,ilmainen
3340386-9,Maailmanpesu oy,Osakeyhtiö,00000 Osoite Tuntematon,Osoite Tuntematon,ilmainen
3340389-3,Hemix Oy,Osakeyhtiö,"Rattitie 15, 00770 Helsinki",Helsinki,ilmainen
3340675-2,Mintix Oy,Osakeyhtiö,"Rasikatu 3, 42100 Jämsä",Jämsä,ilmainen
3341115-6,Karavaanitaivas Oy,Osakeyhtiö,"Särmääjänkatu 14, 15520 Lahti",Lahti,ilmainen
3341499-8,KM pesu Oy,Osakeyhtiö,"Kolmas Linja 3, 00530 Helsinki",Helsinki,ilmainen
3341895-6,All Stuff Oy,Osakeyhtiö,"Aropelto 87, 01840 Klaukkala",Klaukkala,ilmainen
3342235-7,Lueur Oy,Osakeyhtiö,"Kalliontie 33 lh., 36220 Kangasala",Kangasala,ilmainen
3342441-6,Suomen Autolasi Oy,Osakeyhtiö,"Koivulehdontie 21, 01510 Vantaa",Vantaa,ilmainen
3342602-4,Auto Hamina Oy,Osakeyhtiö,"Kubbenkatu 1 B, 49400 Hamina",Hamina,ilmainen
3342667-3,West Workers Ab,Osakeyhtiö,"Granvägen 6, 68555 Bosund",Bosund,ilmainen
3343542-2,Koskuen Konehuolto Oy,Osakeyhtiö,"Kalliontie 83, 61720 Koskue",Koskue,ilmainen
3343560-9,Suomen Huoltokumppani Oy,Osakeyhtiö,"Pajatie 3, 40630 Jyväskylä",Jyväskylä,ilmainen
3343884-2,Ristiinan Autotyö avoin yhtiö,Avoin yhtiö,"Huumontie 2, 52300 Ristiina",Ristiina,ilmainen
3344119-5,Tähtikorjaamo oy,Osakeyhtiö,"Myllysillantie 5-3, 07150 Laukkoski",Laukkoski,ilmainen
3344315-8,Nomi FiksiPalvelut Oy,Osakeyhtiö,"Palkkikuja 3 E, 04300 Tuusula",Tuusula,ilmainen
3345129-7,Sacar Oy,Osakeyhtiö,"Reetintie 8, 96460 Rovaniemi",Rovaniemi,ilmainen
3345160-9,KH Metalli ja Koneasennus Oy,Osakeyhtiö,"Hakatie 2, 31140 Menonen",Menonen,ilmainen
3345292-7,Sawon Fixaus Oy,Osakeyhtiö,"Kivirannantie 4, 74130 Iisalmi",Iisalmi,ilmainen
3345694-4,Tuusulan Autopojat Oy,Osakeyhtiö,"Mahlamäentie 64 D, 04310 Tuusula",Tuusula,ilmainen
3345767-2,ILM-Yhtiö Oy,Osakeyhtiö,"Raastuvankatu 2 B, 20750 Turku",Turku,ilmainen
3345773-6,AVE-Service Oy,Osakeyhtiö,"Krakantie 2 A, 01510 Vantaa",Vantaa,ilmainen
3346004-6,ETP Tuhti Oy,Osakeyhtiö,"Virkkalantie 2, 08700 Lohja",Lohja,ilmainen
3346868-9,Pikonlinnan Autohuolto Oy,Osakeyhtiö,"Pikonlinnantie 68, 36200 Kangasala",Kangasala,ilmainen
3346869-7,Tilt Service Oy,Osakeyhtiö,"Ukintie 9, 03250 Ojakkala",Ojakkala,ilmainen
3347083-4,HNN Autopesu Oy,Osakeyhtiö,"Ilmalanrinne 1, 00240 Helsinki",Helsinki,ilmainen
3347277-6,NisseFix Automaalaamo Oy Ab,Osakeyhtiö,"Seppäläntie 13, 07900 Loviisa",Loviisa,ilmainen
3347313-8,Mestarinmäen autohuolto ja pienkonekorjaamo Oy,Osakeyhtiö,"Mestarinkatu 12 B, 70700 Kuopio",Kuopio,ilmainen
3347538-7,Virtus Opus Oy,Osakeyhtiö,"Rajamaankaari 7 O, 02970 Espoo",Espoo,ilmainen
3347896-7,Lmtec Oy,Osakeyhtiö,"Haanentie 14, 69950 Perho",Perho,ilmainen
3348170-1,Kymen Autotalo Oy,Osakeyhtiö,"Piirteenkoskentie 1, 46900 Inkeroinen",Inkeroinen,ilmainen
3348463-8,Carsoft Oy,Osakeyhtiö,"Kastellinpolku 8 A, 00970 Helsinki",Helsinki,ilmainen
3348742-5,MR Car Detailing Oy,Osakeyhtiö,"Opastinkatu 1, 95420 Tornio",Tornio,ilmainen
3349284-9,Räikkä Service Oy,Osakeyhtiö,"Repolantie 2, 21500 Piikkiö",Piikkiö,ilmainen
3349333-1,Proventary Oy,Osakeyhtiö,"Ketunmaantie 39, 91900 Liminka",Liminka,ilmainen
3349518-5,Boxbox Autopesu Oy,Osakeyhtiö,"Yliopistonkatu 15, 20100 Turku",Turku,ilmainen
3349811-6,Oki Auto Oy,Osakeyhtiö,"Haapaniemenkatu 7-9 C, 00530 Helsinki",Helsinki,ilmainen
3350406-1,Vaurio Car Oy,Osakeyhtiö,"Ahertajankatu 3, 04440 Järvenpää",Järvenpää,ilmainen
3350454-7,LKS Automaalaamo Oy,Osakeyhtiö,"Liinakkokuja 1 A, 01200 Vantaa",Vantaa,ilmainen
3350638-2,JSTL Yhtiö Oy,Osakeyhtiö,"Ruuvikatu 1, 48770 Kotka",Kotka,ilmainen
3350854-8,Pirkanmaan Caravanpalvelu Oy,Osakeyhtiö,"Elokaarentie 1 A, 39310 Viljakkala",Viljakkala,ilmainen
3350878-3,HRT automaalaamo Oy,Osakeyhtiö,"Sahaajankatu 31, 00880 Helsinki",Helsinki,ilmainen
3350880-4,Leijona Autopesula Oy,Osakeyhtiö,"Kempeleentie 7, 90400 Oulu",Oulu,ilmainen
3351034-9,KauTra Oy,Osakeyhtiö,"Koskelantie 20, 85200 Alavieska",Alavieska,ilmainen
3351197-4,CARLUX OY,Osakeyhtiö,"Hissikatu 4 B, 33900 Tampere",Tampere,ilmainen
3351210-9,Heinolan Valtti Oy,Osakeyhtiö,"A. F. Airon Katu 1, 18100 Heinola",Heinola,ilmainen
3351714-5,Tagaa Enterprises Oy,Osakeyhtiö,"Vuokkiniemenkatu 11 D, 00920 Helsinki",Helsinki,ilmainen
3351751-6,Klaukkalan autopalvelu oy,Osakeyhtiö,"Yrittäjäntie 8, 01800 Klaukkala",Klaukkala,ilmainen
3351773-5,Mortisford Group Oy,Osakeyhtiö,"Tyynylaavantie 15 B, 00980 Helsinki",Helsinki,ilmainen
3351990-9,Varmat Group Oy,Osakeyhtiö,"Pietaryrtintie 5, 67700 Kokkola",Kokkola,ilmainen
3352059-8,Tuojani Oy,Osakeyhtiö,"Jyrkkälänkatu 4 A, 20210 Turku",Turku,ilmainen
3352251-8,Autonhoito H&H Oy,Osakeyhtiö,"Tykkitie 3 A, 67200 Kokkola",Kokkola,ilmainen
3352328-9,Kochi Capital Oy,Osakeyhtiö,"Töölönkatu 23, 00260 Helsinki",Helsinki,ilmainen
3352420-6,Pitäjänmäen Autohuolto Oy,Osakeyhtiö,"Takkatie 20, 00370 Helsinki",Helsinki,ilmainen
3352709-5,XWORX OY,Osakeyhtiö,"Isolantie 25, 11710 Riihimäki",Riihimäki,ilmainen
3352727-1,Voltti Autokorjaamo Oy,Osakeyhtiö,"Kanervikkotie 2, 01380 Vantaa",Vantaa,ilmainen
3352751-1,Pate InWest Oy,Osakeyhtiö,"Petalaxvägen 266, 66240 Petolahti",Petolahti,ilmainen
3352770-6,Monipalvelu karhu oy,Osakeyhtiö,"Osikonmäentie 570, 58900 Rantasalmi",Rantasalmi,ilmainen
3353176-4,Carfi Oy,Osakeyhtiö,"Kuonomäentie 4, 01800 Klaukkala",Klaukkala,ilmainen
3353335-6,Carwell Oy,Osakeyhtiö,"Ojamäentie 116, 03400 Vihti",Vihti,ilmainen
3353612-7,EKL JAMA Oy,Osakeyhtiö,"Omenakuja 4, 08700 Lohja",Lohja,ilmainen
3353905-3,TSAP Oy,Osakeyhtiö,"Koelaitoksenkatu 8 A, 33180 Tampere",Tampere,ilmainen
3354296-5,VMG Bodyworks Oy,Osakeyhtiö,"Högberginhaara 1 C, 04360 Tuusula",Tuusula,ilmainen
3355272-5,Tulpar Auto Oy,Osakeyhtiö,"Löydöspolku 2 A, 01600 Vantaa",Vantaa,ilmainen
3355315-4,Siilin Biili Oy,Osakeyhtiö,"Relanderinkatu 84, 78210 Varkaus",Varkaus,ilmainen
3355345-3,Jobbaamo Oy,Osakeyhtiö,"Yliskyläntie 375, 39700 Parkano",Parkano,ilmainen
3355500-2,Nehard Autopesu & Huolto Oy,Osakeyhtiö,"Luostarinportti 2, 02400 Kirkkonummi",Kirkkonummi,ilmainen
3355641-9,RK-Maalaus Oy,Osakeyhtiö,"Kylänportti 4 B, 02940 Espoo",Espoo,ilmainen
3356057-3,KK Mobiilipesu Oy,Osakeyhtiö,"Puistotie 10 B, 48100 Kotka",Kotka,ilmainen
3356814-5,Automiksel oy,Osakeyhtiö,"Sepänkatu 9, 45130 Kouvola",Kouvola,ilmainen
3357290-2,B-Autovarustelu Oy,Osakeyhtiö,"Itäkaari 28, 20750 Turku",Turku,ilmainen
3357605-7,AutoSpa Derby Oy,Osakeyhtiö,"Tarvonsalmenkatu 13-19, 02600 Espoo",Espoo,ilmainen
3357687-4,Kettuvilkas Oy,Osakeyhtiö,"Raatekankaantie 43, 80100 Joensuu",Joensuu,ilmainen
3357768-2,Leoelain oy,Osakeyhtiö,"Sonkarintie 3, 72300 Vesanto",Vesanto,ilmainen
3358288-7,98-Yhtiöt Oy,Osakeyhtiö,"Jäkälätie 2 A, 18200 Heinola",Heinola,ilmainen
3358359-9,Autokorjaamo Sten Oy,Osakeyhtiö,"Majavantie 4, 56100 Ruokolahti",Ruokolahti,ilmainen
3358584-2,TuningPiste Oy,Osakeyhtiö,"Virkkulantie 164, 91100 Ii",Ii,ilmainen
3358711-9,Paimion Autohuolto Heikkilä Oy,Osakeyhtiö,"Kalevantie 2, 21540 Preitilä",Preitilä,ilmainen
3358890-4,JH-Monityö Oy,Osakeyhtiö,"Riihikuja 6, 83500 Outokumpu",Outokumpu,ilmainen
3358946-4,BerJon Oy,Osakeyhtiö,"Pukkilankuja 107, 61800 Kauhajoki",Kauhajoki,ilmainen
3358973-9,Eriksson Garage Oy,Osakeyhtiö,"Jäniksenpolku 7, 13600 Hämeenlinna",Hämeenlinna,ilmainen
3359063-3,Autokaveri Oy,Osakeyhtiö,"Kiitoradantie 7 B, 01530 Vantaa",Vantaa,ilmainen
3359186-3,Korjaamopalvelu Hytönen Oy,Osakeyhtiö,"Tahkomäentie 33, 41400 Lievestuore",Lievestuore,ilmainen
3359200-6,CarCrafters Oy,Osakeyhtiö,"Aninkuja 950, 61820 Kainasto",Kainasto,ilmainen
3359400-1,VEEFIX Oy,Osakeyhtiö,"Muuntoasemantie 1, 21420 Lieto",Lieto,ilmainen
3359594-4,Suni Car Oy,Osakeyhtiö,"Hannuksenpelto 2 A, 02270 Espoo",Espoo,ilmainen
3359939-8,Korjaamo Leppänen Oy,Osakeyhtiö,"Jyrintie 2 B, 83700 Polvijärvi",Polvijärvi,ilmainen
3360117-9,KoKo Group Oy,Osakeyhtiö,"Leikosaarentie 34 A, 00990 Helsinki",Helsinki,ilmainen
3360420-6,Automaalamo Sala Oy,Osakeyhtiö,"Vasarakankaantie 17, 83700 Polvijärvi",Polvijärvi,ilmainen
3360540-1,R-P Huolto ja asennuspalvelu Oy,Osakeyhtiö,"Setäläntie 148, 32800 Kokemäki",Kokemäki,ilmainen
3360567-1,AV Custom Works Oy,Osakeyhtiö,"Ormuspellontie 16, 00700 Helsinki",Helsinki,ilmainen
3360826-6,J. H. K. K Team Oy,Osakeyhtiö,"Kivikonkaari 8 E, 00940 Helsinki",Helsinki,ilmainen
3360846-9,MSJ-Automotive Oy,Osakeyhtiö,"Luumäentie 10, 21420 Lieto",Lieto,ilmainen
3361002-4,JS-Shine öppet bolag,Avoin yhtiö,"Tengströmsgatan 31 B, 68600 Pietarsaari",Pietarsaari,ilmainen
3361177-2,NFS CREW Oy,Osakeyhtiö,"Korvenrannantie 17, 04300 Tuusula",Tuusula,ilmainen
3361183-6,Konekamu Oy,Osakeyhtiö,"Kyrönranne 31, 61300 Kurikka",Kurikka,ilmainen
3361269-5,Auto- ja konekorjaamo H&H Oy,Osakeyhtiö,"Polttolaitoksenkatu 7, 20380 Turku",Turku,ilmainen
3361729-3,7 AUTOHUOLTO OY,Osakeyhtiö,"Mekaanikonkatu 19 B, 00880 Helsinki",Helsinki,ilmainen
3361743-7,NG Auto ja Konehuolto Oy,Osakeyhtiö,"Kalevantie 555, 21555 Taatila",Taatila,ilmainen
3361757-6,Rajaniemen-Kone OY,Osakeyhtiö,"Rajaniementie 180 E, 59310 Särkisalmi",Särkisalmi,ilmainen
3362084-7,X-Timantti Oy,Osakeyhtiö,"Rullatie 4, 60510 Hyllykallio",Hyllykallio,ilmainen
3362156-7,10 Fix Pori Oy,Osakeyhtiö,"Ainonkatu 2 D, 33100 Tampere",Tampere,ilmainen
3362158-3,Autokorjaamo Life Oy,Osakeyhtiö,"Toikansuontie 11 B, 53500 Lappeenranta",Lappeenranta,ilmainen
3362191-1,M.P CarCare Oy,Osakeyhtiö,"Myllymäenkatu 6, 53550 Lappeenranta",Lappeenranta,ilmainen
3362503-1,Avihaka Oy,Osakeyhtiö,"Alilammentie 420, 71920 Pajujärvi",Pajujärvi,ilmainen
3362590-4,Orikedon Autokorjaamo Oy,Osakeyhtiö,"Kytkinkatu 1, 20380 Turku",Turku,ilmainen
3363711-2,JuPiPi Oy,Osakeyhtiö,"Virintie 10, 85200 Alavieska",Alavieska,ilmainen
3363908-9,Northdip Finland Oy,Osakeyhtiö,"Lauttasaarentie 28, 00200 Helsinki",Helsinki,ilmainen
3363951-3,PS Garage Oy,Osakeyhtiö,"Mäntylänrinne 4, 91900 Liminka",Liminka,ilmainen
3364228-8,Diamond Car Care Oy,Osakeyhtiö,"Niittytie 25 B, 01300 Vantaa",Vantaa,ilmainen
3364413-6,Autohuolto ja -myynti SC Oy,Osakeyhtiö,"Kalevantie 15, 20520 Turku",Turku,ilmainen
3364592-1,Ilpon autokorjaamo Oy,Osakeyhtiö,"Kytkintie 18, 00770 Helsinki",Helsinki,ilmainen
3365170-7,KDH Service Oy,Osakeyhtiö,"Juvan Teollisuuskatu 24, 02920 Espoo",Espoo,ilmainen
3365458-8,PTS Autohuolto Oy,Osakeyhtiö,"Hankasuontie 4, 00390 Helsinki",Helsinki,ilmainen
3365811-6,Sparkle Fix Oy,Osakeyhtiö,"Drusibackankuja 25, 02480 Kirkkonummi",Kirkkonummi,ilmainen
3366151-8,Mavako Oy,Osakeyhtiö,"Härkätie 1435, 21560 Ollila",Ollila,ilmainen
3366218-2,Turkka M Service Oy,Osakeyhtiö,"Ylisenjoentie 11c, 29640 Honkakoski",Honkakoski,ilmainen
3366445-2,BossWash Oy,Osakeyhtiö,"Runeberginkatu 29 B, 00100 Helsinki",Helsinki,ilmainen
3366591-4,Vitoshalli Oy,Osakeyhtiö,"Multamäentie 12, 51900 Juva",Juva,ilmainen
3366755-7,RK Fix Oy,Osakeyhtiö,"Kylänportti 4, 02940 Espoo",Espoo,ilmainen
3367136-1,InterAuto Oy,Osakeyhtiö,00000 Osoite Tuntematon,Osoite Tuntematon,ilmainen
3367165-2,PRK KONE HUOLTO OY,Osakeyhtiö,"Vanhakoivistontie 50, 28370 Pori",Pori,ilmainen
3367816-8,Autoextra Helsinki Oy,Osakeyhtiö,"Pulttitie 15, 00880 Helsinki",Helsinki,ilmainen
3367841-6,Broderi Oy,Osakeyhtiö,"Lahelantie 32 B, 04330 Lahela",Lahela,ilmainen
3368004-9,Konehuolto Ahonen Oy,Osakeyhtiö,"Lihjamontie 18, 42700 Keuruu",Keuruu,ilmainen
3368207-9,JNMN Holding Oy,Osakeyhtiö,"Norrkullantie 133, 07280 Ilola",Ilola,ilmainen
3368617-6,MikKaiver Oy,Osakeyhtiö,"Iiksenvaarantie 28, 80260 Joensuu",Joensuu,ilmainen
3368733-9,LS Fix Oy,Avoin yhtiö,"Paavonpolku 1, 36420 Sahalahti",Sahalahti,ilmainen
3369114-3,Loddin Company Oy,Osakeyhtiö,"Heinämäki 2 G, 04340 Tuusula",Tuusula,ilmainen
3369118-6,EDFIX OY,Osakeyhtiö,"Valurinkatu 1, 20360 Turku",Turku,ilmainen
3369260-5,GB Motor Fix Oy,Osakeyhtiö,"Otto Korhosen Katu 1, 20660 Littoinen",Littoinen,ilmainen
3369393-1,JA Autokorjaamo Oy,Osakeyhtiö,"Autotallintie 7, 00770 Helsinki",Helsinki,ilmainen
3369951-6,Vaskimotors Oy,Osakeyhtiö,"Keturi-Korventie 209, 61980 Päntäne",Päntäne,ilmainen
3370013-4,Huoltopiste Ahvenainen Oy,Osakeyhtiö,"Valimontie 12 B, 60100 Seinäjoki",Seinäjoki,ilmainen
3370260-7,K Kunnossapito Oy,Osakeyhtiö,53101 Lappeenranta,Lappeenranta,ilmainen
3370582-4,SK-Laskutus Oy,Osakeyhtiö,"Ohitustie 7, 58900 Rantasalmi",Rantasalmi,ilmainen
3370610-6,SK TotalService Oy,Osakeyhtiö,"Katajarannantie 135, 41520 Hankasalmi",Hankasalmi,ilmainen
3371025-2,Autohuolto A&M Oy,Osakeyhtiö,"Paloasemantie 5, 25330 Kuusjoki",Kuusjoki,ilmainen
3371350-9,A & K Ventures Oy,Osakeyhtiö,"Kaskivuorenkuja 6 C, 02360 Espoo",Espoo,ilmainen
3371441-3,Idän Lasi Oy,Osakeyhtiö,"Kohmontie 10 B, 20540 Turku",Turku,ilmainen
3371987-1,Paint28 Oy,Osakeyhtiö,"Autotallintie 3-5, 00770 Helsinki",Helsinki,ilmainen
3372743-3,NomadHuolto Oy,Osakeyhtiö,"Asentajantie 8 A, 01800 Klaukkala",Klaukkala,ilmainen
3373047-2,Iin Automaalaamo Oy,Osakeyhtiö,"Pentintie 26, 91100 Ii",Ii,ilmainen
3373658-3,Jambo Tek Oy,Osakeyhtiö,"Yritystie 10 A, 40320 Jyväskylä",Jyväskylä,ilmainen
3373752-7,Mireevi Oy,Osakeyhtiö,"Lautamiehentie 4, 01510 Vantaa",Vantaa,ilmainen
3374093-7,Pepe Cars Oy,Osakeyhtiö,"Paiturinhaka 1 A, 90440 Kempele",Kempele,ilmainen
3374437-2,Autopalvelu vemec Oy,Osakeyhtiö,"Auratie 5, 03400 Vihti",Vihti,ilmainen
3374459-1,Team Jer OY,Osakeyhtiö,"Rykmentintie 41 as., 20880 Turku",Turku,ilmainen
3374535-9,KxDetails Oy,Osakeyhtiö,"Tiistinniityntie 8 C, 02230 Espoo",Espoo,ilmainen
3374547-1,Kaasmarkun Monimerkkikorjaamo Oy,Osakeyhtiö,"Hakalamäentie 42, 29310 Kaasmarkku",Kaasmarkku,ilmainen
3374981-9,Autoixi Oy,Osakeyhtiö,"Allastie 8 B, 21200 Raisio",Raisio,ilmainen
3375056-1,AutoMinttiin Oy,Osakeyhtiö,"Maununnevantie 40 D, 00430 Helsinki",Helsinki,ilmainen
3375266-3,DM Autokorjaus Oy,Osakeyhtiö,"Muovikuja 8, 55120 Imatra",Imatra,ilmainen
3375330-8,Autokorjaamo Jaakola Oy,Osakeyhtiö,"Murtomäentie 36, 91500 Muhos",Muhos,ilmainen
3375480-2,Härmän Ruosteenesto Oy,Osakeyhtiö,"Kivihuhdantie 284, 62300 Härmä",Härmä,ilmainen
3375505-5,Pohjanmaan Konehuolto Oy,Osakeyhtiö,"Jänismaantie 7, 67800 Kokkola",Kokkola,ilmainen
3375699-8,Autokorjaamo Fin Mekanix Oy,Osakeyhtiö,"Karhunmäentie 125, 61470 Kitinoja",Kitinoja,ilmainen
3375783-5,Tvättgaraget Oy Ab,Osakeyhtiö,"Maskinmästaregatan 37, 10900 Hanko",Hanko,ilmainen
3375917-9,Bilal Cengiz Oy,Osakeyhtiö,00000 Osoite Tuntematon,Osoite Tuntematon,ilmainen
3376216-7,Grace Autospa Oy,Osakeyhtiö,"Kirvesmiehenkatu 6, 00880 Helsinki",Helsinki,ilmainen
3376436-5,9697 Service Oy,Osakeyhtiö,"Honkaniementie 2, 99870 Inari",Inari,ilmainen
3376681-1,Autotitan Oy,Osakeyhtiö,"Kivikonlaita 49 as., 00940 Helsinki",Helsinki,ilmainen
3376752-3,AT truck Oy,Osakeyhtiö,"Ukkohauentie 2 A, 02170 Espoo",Espoo,ilmainen
3376977-2,CarLabra Plus Oy,Osakeyhtiö,"Kylänportti 4 B, 02940 Espoo",Espoo,ilmainen
3377146-9,Fiksaus. Hemmilä Oy,Osakeyhtiö,"Peukalontie 1, 95830 Vaattojärvi",Vaattojärvi,ilmainen
3377577-7,CS-Customs Oy,Osakeyhtiö,"Sulantie 26, 04300 Tuusula",Tuusula,ilmainen
3377664-9,Autohuolto Seppä Oy,Osakeyhtiö,"Ahjokatu 13, 40320 Jyväskylä",Jyväskylä,ilmainen
3377953-2,Autohuolto Norjamäki Oy,Osakeyhtiö,"Saharakaari 3, 62300 Härmä",Härmä,ilmainen
3377990-3,POLY'S Service Oy,Osakeyhtiö,"Matinkartanontie 6 G, 02230 Espoo",Espoo,ilmainen
3378022-6,FixForce Vörå Oy Ab,Osakeyhtiö,"Härmävägen 6, 66600 Vöyri",Vöyri,ilmainen
3378301-3,Leistilä Tyres Oy,Osakeyhtiö,"Hormistontie 201, 29250 Nakkila",Nakkila,ilmainen
3378453-4,Ericalund Ab,Osakeyhtiö,"Hammarlandsvägen 152b, 22120 Mariehamn",Mariehamn,ilmainen
3378647-6,Autokorjaamo Salminen Oy,Osakeyhtiö,"Saukkolantie 109, 12920 Topeno",Topeno,ilmainen
3378667-9,3A Service Oy,Osakeyhtiö,"Sillankorva 8, 02300 Espoo",Espoo,ilmainen
3378879-7,WakkaWorks Oy,Osakeyhtiö,"Kumputie 1, 23500 Uusikaupunki",Uusikaupunki,ilmainen
3379099-3,Kone ja Huolto Holopainen Oy,Osakeyhtiö,"Rovaniementie 1268 B, 95315 Törmä",Törmä,ilmainen
3379100-5,AMJ Service Ab Oy,Osakeyhtiö,"Industrigatan 22, 21600 Parainen",Parainen,ilmainen
3379148-6,LN Trading Oy,Osakeyhtiö,"Kauppakatu 22 A, 70100 Kuopio",Kuopio,ilmainen
3379700-1,Bast systems Ab,Osakeyhtiö,"Romsevägen 25, 68410 Alaveteli",Alaveteli,ilmainen
3380271-2,Dark works oy,Osakeyhtiö,"Eturuskonkatu 1 C, 33720 Tampere",Tampere,ilmainen
3380669-2,TOP AUTOMOTIVE FINLAND Oy,Osakeyhtiö,"Sipoontie 63, 04430 Järvenpää",Järvenpää,ilmainen
3380704-6,SR AUTOHUOLTO OY,Osakeyhtiö,"Peltisepänkuja 5 A, 00880 Helsinki",Helsinki,ilmainen
3380785-5,Pesumobiili Oy,Osakeyhtiö,"Kiilatie 10, 02420 Jorvas",Jorvas,ilmainen
3380847-9,Platinum Carwash & Detailing Ab,Osakeyhtiö,"Företagarvägen 18, 68600 Pietarsaari",Pietarsaari,ilmainen
3380904-1,Do works Oy,Osakeyhtiö,"Linnankatu 26 C, 20100 Turku",Turku,ilmainen
3381311-2,APKH OY,Osakeyhtiö,"Kangastie 10, 52550 Hirvensalmi",Hirvensalmi,ilmainen
3381439-3,Pristine Properties Oy,Osakeyhtiö,"Helsinginkatu 4a A, 00500 Helsinki",Helsinki,ilmainen
3381708-4,Master Fix Autohuolto Oy,Osakeyhtiö,"Karhutie 21 B, 00800 Helsinki",Helsinki,ilmainen
3381833-5,Excel AutoFix Oy,Osakeyhtiö,"Palkkikuja 3, 04300 Tuusula",Tuusula,ilmainen
3381841-5,AroTek Ky,Kommandiittiyhtiö,"Viljakkalantie 791, 34110 Lakiala",Lakiala,ilmainen
3382539-1,Lapin Autovaruste Oy,Osakeyhtiö,"Isoaavantie 8, 96320 Rovaniemi",Rovaniemi,ilmainen
3382573-8,Knuutisen paja avoin yhtiö,Avoin yhtiö,"Sonkajärventie 301 B, 74140 Iisalmi",Iisalmi,ilmainen
3382958-7,Kitty Car Oy,Osakeyhtiö,"Elementtitie 4, 41160 Tikkakoski",Tikkakoski,ilmainen
3383164-4,Detail ja Ylläpito Tampere Oy,Osakeyhtiö,00000 Osoite Tuntematon,Osoite Tuntematon,ilmainen
3383236-4,Sisupesu Seppä Oy,Osakeyhtiö,"Ahjokatu 3-5, 40320 Jyväskylä",Jyväskylä,ilmainen
3383386-9,37 Autopesula Oy,Osakeyhtiö,"Kelatie 9 B, 01450 Vantaa",Vantaa,ilmainen
3383910-1,FIKSU PRO OY,Osakeyhtiö,"Sulantie 14 A, 04300 Tuusula",Tuusula,ilmainen
3384136-7,RPV Group Oy,Osakeyhtiö,"Haarajoentie 401 A, 66500 Vähäkyrö",Vähäkyrö,ilmainen
3384307-1,JM Multi Service Oy,Osakeyhtiö,"Nilsiäntie 962, 71840 Kuuslahti",Kuuslahti,ilmainen
3384376-8,Kesmix Oy,Osakeyhtiö,"Hallinmäentie 7, 35600 Halli",Halli,ilmainen
3384909-4,Fixkom Oy,Osakeyhtiö,"Safiirikuja 17 B, 01700 Vantaa",Vantaa,ilmainen
3384940-6,Autohuolto Jaana Manninen Ky,Kommandiittiyhtiö,"Korpikuusentie 1, 37150 Nokia",Nokia,ilmainen
3384953-7,Need For Needle Oy,Osakeyhtiö,"Sillantaantie 92, 23800 Laitila",Laitila,ilmainen
3384966-8,JÄRVENPÄÄ AUTOPESU OY,Osakeyhtiö,"Vanha Yhdystie 8, 04430 Järvenpää",Järvenpää,ilmainen
3385592-9,ASHFIX OY,Osakeyhtiö,"Jousimiehentie 4 C, 00740 Helsinki",Helsinki,ilmainen
3386438-2,M Korkki Oy,Osakeyhtiö,"Kaarikatu 23 G, 37100 Nokia",Nokia,ilmainen
3386775-1,Autokeskus Haapala Pori Oy,Osakeyhtiö,"Hyveläntie 20, 28200 Pori",Pori,ilmainen
3387399-1,Björnholm Services Oy,Osakeyhtiö,"Sivutie 2, 90650 Oulu",Oulu,ilmainen
3387457-2,Isonkyrön Autopaja Oy,Osakeyhtiö,"Marttilantie 12 A, 61500 Isokyrö",Isokyrö,ilmainen
3387484-7,Carverk Oy,Osakeyhtiö,00561 Helsinki,Helsinki,ilmainen
3387721-2,WeFIX Oy,Osakeyhtiö,00000 Osoite Tuntematon,Osoite Tuntematon,ilmainen
3387921-8,Laitaatsilta Huolto Oy,Osakeyhtiö,"Laivamiehentie 2, 57510 Savonlinna",Savonlinna,ilmainen
3387983-2,Lohjan raskaskorjaus oy,Osakeyhtiö,"Sorronrinne 18, 08500 Lohja",Lohja,ilmainen
3387985-9,BIG KW OY,Osakeyhtiö,"Nummilankatu 39, 24100 Salo",Salo,ilmainen
3387987-5,J.P Motors Oy,Osakeyhtiö,"Pajukuja 5, 14200 Turenki",Turenki,ilmainen
3388236-1,MB Autokorjaamo Doni Oy,Osakeyhtiö,"Tavitie 1, 01450 Vantaa",Vantaa,ilmainen
3388374-3,Service M. Östman Ab,Osakeyhtiö,"Ytteressevägen 141, 68810 Ytteresse",Ytteresse,ilmainen
3388393-8,Japlasi Oy,Osakeyhtiö,"Överbyntie 16 B, 02400 Kirkkonummi",Kirkkonummi,ilmainen
3388743-7,Auto-spa valimotie oy,Osakeyhtiö,"Valimotie 21, 00380 Helsinki",Helsinki,ilmainen
3388794-7,North Fix Autokorjaamo Oy,Osakeyhtiö,"Kimalaisentie 14 D, 01490 Vantaa",Vantaa,ilmainen
3388882-7,ATIM AUTOPESU OY,Osakeyhtiö,"Uutiskuja 1 A, 01770 Vantaa",Vantaa,ilmainen
3389005-4,Fix&Tech Oy,Osakeyhtiö,"Kiertotie 4, 91980 Lumijoki",Lumijoki,ilmainen
3389284-2,HH Multiservice Oy,Osakeyhtiö,"Tervamäki 4 C, 02810 Espoo",Espoo,ilmainen
3389741-6,Bemin Company Oy,Osakeyhtiö,"Punasillantie 4, 40950 Muurame",Muurame,ilmainen
3390401-4,Lapin Autodiagnostiikka Oy,Osakeyhtiö,"Ivalontie 10, 99800 Ivalo",Ivalo,ilmainen
3390421-7,Koradax Oy,Osakeyhtiö,"Sähkötie 23, 41900 Petäjävesi",Petäjävesi,ilmainen
3390773-3,TJH Group Oy,Osakeyhtiö,"Kuvastinkuja 12, 38250 Sastamala",Sastamala,ilmainen
3391226-8,Pro autopesu Oy,Osakeyhtiö,"Tommolankatu 5 lh., 45130 Kouvola",Kouvola,ilmainen
3391256-7,KRH Service Oy,Osakeyhtiö,"Jylpyntie 25, 48230 Kotka",Kotka,ilmainen
3391403-6,Karjalan Tuulilasi Oy,Osakeyhtiö,"Linjakuja 4, 80140 Joensuu",Joensuu,ilmainen
3391679-5,FMV Group oy,Osakeyhtiö,"Kivikonkierto 3, 05460 Hyvinkää",Hyvinkää,ilmainen
3391837-9,Pakoputkihuolto Taimela Oy,Osakeyhtiö,"Jylpyntie 32, 48230 Kotka",Kotka,ilmainen
3391847-5,Jamkas Group Oy,Osakeyhtiö,"Ruukinmestarintie 5-7, 02330 Espoo",Espoo,ilmainen
3392151-9,ILOINENAUTO AUTOKORJAAMO OY,Osakeyhtiö,"Päivöläntie 12 A, 03250 Ojakkala",Ojakkala,ilmainen
3392512-2,Lahden Rekkapaja Oy,Osakeyhtiö,"Konekatu 3, 15230 Lahti",Lahti,ilmainen
3392794-5,1. TotheHall Oy,Osakeyhtiö,"Hakatie 14, 04130 Sipoo",Sipoo,ilmainen
3392816-3,Parviaisen Konepaja Oy,Osakeyhtiö,"Kinahmintie 690, 73300 Nilsiä",Nilsiä,ilmainen
3393008-7,Hietalan Asennuspalvelu Oy,Osakeyhtiö,"Äyräsmäentie 1 as., 16300 Orimattila",Orimattila,ilmainen
3393039-4,Pro-Fixers Hämeenlinna Oy,Osakeyhtiö,"Tuulimyllyntie 7, 14200 Turenki",Turenki,ilmainen
3393048-2,Autodiag Oy,Osakeyhtiö,"Repolantie 14b, 01450 Vantaa",Vantaa,ilmainen
3393307-7,Sokan Talli - Ajoneuvojen Välitys ja Korjaus Oy,Osakeyhtiö,"Kaskipellontie 1 B, 71800 Siilinjärvi",Siilinjärvi,ilmainen
3393593-7,Ruusperin Autokorjaus Oy,Osakeyhtiö,"Tippavaarantie 9, 39200 Kyröskoski",Kyröskoski,ilmainen
3393649-7,JD Tech Oy,Osakeyhtiö,"Pukkilantie 16, 07600 Myrskylä",Myrskylä,ilmainen
3394022-6,Urjalan Autohuolto Oy,Osakeyhtiö,"Tohlopinkatu 15 D, 33310 Tampere",Tampere,ilmainen
3394188-6,Kari Kuljettaa Oy,Osakeyhtiö,"Vanha Messiläntie 5, 15860 Hollola",Hollola,ilmainen
3394398-8,Alani Autohuolto Oy,Osakeyhtiö,"Sorastajantie 4, 40320 Jyväskylä",Jyväskylä,ilmainen
3394931-9,Mäkisen logistiikkapalvelu Oy,Osakeyhtiö,"Isokuusenkatu 47 A, 33870 Tampere",Tampere,ilmainen
3394942-3,JK-Rac1nG Motorsport Finland Oy,Osakeyhtiö,"Hausjärventie 1563, 12350 Turkhauta",Turkhauta,ilmainen
3395222-7,EPR Oy,Osakeyhtiö,"Myllyniementie 2, 85180 Rahja",Rahja,ilmainen
3395313-1,Autopesula EB Oy,Osakeyhtiö,"Veertsankuja 3 A, 33700 Tampere",Tampere,ilmainen
3395353-7,Ärpaja Oy,Osakeyhtiö,"Metsäkouluntie 60, 31350 Liesjärvi",Liesjärvi,ilmainen
3395989-1,Clean Truck Center Oy,Osakeyhtiö,"Lukkotie 9, 80100 Joensuu",Joensuu,ilmainen
3396242-5,SKSN Autohuolto Oy,Osakeyhtiö,"Riihimäenkatu 85 C, 05880 Hyvinkää",Hyvinkää,ilmainen
3396435-9,AutoDel Oy,Osakeyhtiö,"Hulikanperä 11 A, 37570 Lempäälä",Lempäälä,ilmainen
3396489-3,VM Autostyling Oy,Osakeyhtiö,"Satukukanpolku 5 B, 04430 Järvenpää",Järvenpää,ilmainen
3396802-6,Kaarafixi Oy,Osakeyhtiö,"Tuotekuja 2, 90410 Oulu",Oulu,ilmainen
3396862-4,MK automedic oy,Osakeyhtiö,"Finnoonkartanonkatu 23, 02270 Espoo",Espoo,ilmainen
3396870-4,JaKi Comp Oy,Osakeyhtiö,"Rantatie 594, 65450 Sulva",Sulva,ilmainen
3397161-2,Autokorjaamo Enlund oy,Osakeyhtiö,"Markulantie 150, 20320 Turku",Turku,ilmainen
3397423-1,O-Service Oy,Osakeyhtiö,"Ruutihaantie 9, 84100 Ylivieska",Ylivieska,ilmainen
3397833-9,Tupi Palvelut Oy,Osakeyhtiö,"Ratastie 7, 03100 Nummela",Nummela,ilmainen
3397909-1,HarryWorld Consulting Oy,Osakeyhtiö,"Kauppilankatu 2 as., 21100 Naantali",Naantali,ilmainen
3397941-1,Veljekset autohuolto Oy,Osakeyhtiö,"Mallimestarinkatu 6, 20780 Kaarina",Kaarina,ilmainen
3398046-3,NOS Oy,Osakeyhtiö,"Kytkintie 18, 00770 Helsinki",Helsinki,ilmainen
3398094-9,Karoma Motors Oy,Osakeyhtiö,"Sorronrinne 18, 08500 Lohja",Lohja,ilmainen
3398127-1,FOX Autokorjaamo Oy,Osakeyhtiö,"Kyläkaskentie 75, 01200 Vantaa",Vantaa,ilmainen
3398132-7,EMM Kolarikorjaamo & Maalaamo Oy,Osakeyhtiö,00000 Osoite Tuntematon,Osoite Tuntematon,ilmainen
3398223-1,Van Service Oy,Osakeyhtiö,"Piimäsillantie 126, 41930 Kuohu",Kuohu,ilmainen
3398227-4,PP-Paint Oy,Osakeyhtiö,"Piimäsillantie 115, 41930 Kuohu",Kuohu,ilmainen
3398348-8,Heks Oy,Osakeyhtiö,"Oppipojankuja 6, 70780 Kuopio",Kuopio,ilmainen
3398864-1,Limani autopesula Oy,Osakeyhtiö,"Joensuuntie 47, 31400 Somero",Somero,ilmainen
3399270-4,Pohjolan Automaalaamo Oy,Osakeyhtiö,"Hannulanniitty 1 E, 02920 Espoo",Espoo,ilmainen
3399426-7,SePesusi Oy,Osakeyhtiö,"Hallinrinne 15, 33870 Tampere",Tampere,ilmainen
3399554-2,ToRe Cars oy,Osakeyhtiö,"Mariankatu 10 D, 15110 Lahti",Lahti,ilmainen
3399616-6,SK Autifix Oy,Osakeyhtiö,"Kalevantie 11, 20520 Turku",Turku,ilmainen
3399716-9,MY-AUTOHUOLTOTALO OY,Osakeyhtiö,"Orikedonkatu 26, 20380 Turku",Turku,ilmainen
3402091-5,Oy Sjoba Ab,Osakeyhtiö,"Rådhusgatan 54 C, 65100 Vaasa",Vaasa,ilmainen
3402250-7,Hentun auto ja konehuolto oy,Osakeyhtiö,"Kuokkalantie 2 A, 37550 Lempäälä",Lempäälä,ilmainen
3401748-4,MAAD Motors Oy,Osakeyhtiö,"Hopeaketunkuja 7 A, 01450 Vantaa",Vantaa,ilmainen
3402418-2,Super Imperium Oy,Osakeyhtiö,"Sivukatu 6, 87500 Kajaani",Kajaani,ilmainen
3402533-7,Bavarian Group Oy,Osakeyhtiö,"Kiitoradantie 7 F, 01530 Vantaa",Vantaa,ilmainen
3402978-4,In-West&Realestate Oy,Osakeyhtiö,"Malantie 4, 29200 Harjavalta",Harjavalta,ilmainen
3403187-6,Asennustyö Tähtiset Oy,Osakeyhtiö,"Iiroisentie 21 B, 21210 Raisio",Raisio,ilmainen
3403304-6,Suomen Siirtolaite Oy,Osakeyhtiö,"Marsinkuja 3 B, 01480 Vantaa",Vantaa,ilmainen
3403739-7,AUTOWORKS OY TAMPERE,Osakeyhtiö,"Kursonkatu 3, 33840 Tampere",Tampere,ilmainen
3403840-2,Rovaniemen Päivystyshuolto Oy,Osakeyhtiö,,,ilmainen
3404296-2,Jokinen Systems Oy,Osakeyhtiö,"Myllyharjuntie 10, 42300 Jämsänkoski",Jämsänkoski,ilmainen
3404497-6,Konehuolto Säilä Oy,Osakeyhtiö,"Kaukoilantie 8 B, 03100 Nummela",Nummela,ilmainen
3404829-9,KKD motorsport Oy,Osakeyhtiö,"Karhonniitty 58, 70870 Hiltulanlahti",Hiltulanlahti,ilmainen
3404936-3,Traktorihuolto Takala Oy,Osakeyhtiö,"Kukkolantie 74, 61600 Jalasjärvi",Jalasjärvi,ilmainen
3405514-9,Pirkanmaan Autopaikka avoin yhtiö,Avoin yhtiö,"Vaihtotie 1-5 A, 33470 Ylöjärvi",Ylöjärvi,ilmainen
3405813-9,Jussin Auto- ja konehuolto Oy,Osakeyhtiö,"Lapinväylä 14, 96900 Saarenkylä",Saarenkylä,ilmainen
3406085-3,Ismotors oy,Osakeyhtiö,"Yritystie 2 B, 40320 Jyväskylä",Jyväskylä,ilmainen
3406397-4,Koillis-Savon Pienpalvelu Oy,Osakeyhtiö,"Patruunantie 178, 73500 Juankoski",Juankoski,ilmainen
3406648-9,Bem-Tec Plus Oy,Osakeyhtiö,"Finnoonkartanonkatu 11 A, 02270 Espoo",Espoo,ilmainen
3407051-7,PajaTikka Oy,Osakeyhtiö,"Rantatie 27, 37830 Akaa",Akaa,ilmainen
3407650-5,Cederbergs Verkstad Ab,Osakeyhtiö,"Tottesund 444, 66640 Maksamaa",Maksamaa,ilmainen
3407755-9,Rautalammin RKH Oy,Osakeyhtiö,"Heikinrannatie 2, 77700 Rautalampi",Rautalampi,ilmainen
3407912-4,Protech autohuolto oy,Osakeyhtiö,"Teollisuustie 1, 67600 Kokkola",Kokkola,ilmainen
3408225-1,Laihonen Automotive Services Oy,Osakeyhtiö,"Kylänportti 4, 02940 Espoo",Espoo,ilmainen
3408833-8,Mitra Auto Oy,Osakeyhtiö,"Hankasuontie 5, 00390 Helsinki",Helsinki,ilmainen
3408942-9,Helsingin Dieselpalvelu H.D Oy,Osakeyhtiö,"Virpikuja 5 D, 01360 Vantaa",Vantaa,ilmainen
3409222-2,Menix Oy Korjaamopalvelut,Osakeyhtiö,"Huuskantie 8, 21380 Aura",Aura,ilmainen
3409254-8,Auto- ja pienkonehuolto Tryyki Oy,Osakeyhtiö,"Näätsaarentie 280, 95450 Tornio",Tornio,ilmainen
3409940-8,AAinvestment Oy,Osakeyhtiö,"Asemakatu 12, 65100 Vaasa",Vaasa,ilmainen
3410444-9,Custom Crew Service Oy,Osakeyhtiö,"Myllykatu 19, 65100 Vaasa",Vaasa,ilmainen
3411226-2,Mikko Väisänen Oy,Osakeyhtiö,"Aspitie 17, 80100 Joensuu",Joensuu,ilmainen
3411400-6,Servak Oy,Osakeyhtiö,"Mulonväylä 780, 82220 Niittylahti",Niittylahti,ilmainen
3411440-1,Mardin Autopesu Oy,Osakeyhtiö,"Mursketie 31, 36220 Kangasala",Kangasala,ilmainen
3411448-7,KasariMachinery Oy,Osakeyhtiö,"Mäntykoskentie 160, 61600 Jalasjärvi",Jalasjärvi,ilmainen
3411519-9,Heptek Oy,Osakeyhtiö,"Ruosteenrannantie 550 A, 74595 Runni",Runni,ilmainen
3411602-8,Urusvuoren Autotalo Oy,Osakeyhtiö,"Vajossuonkatu 2, 20360 Turku",Turku,ilmainen
3411672-2,Autorak Oy,Osakeyhtiö,"Kaartilantie 52, 57220 Savonlinna",Savonlinna,ilmainen
3411893-9,GRT Service Oy,Osakeyhtiö,"Ihamäentie 93, 25370 Pertteli",Pertteli,ilmainen
3411929-6,Sinun Autohuolto Oy,Osakeyhtiö,"Jokisuunkuja 2, 00560 Helsinki",Helsinki,ilmainen
3411957-9,Raision Autofiksaus Oy,Osakeyhtiö,"Sitomokuja 6, 21200 Raisio",Raisio,ilmainen
3412354-3,Purtsi-Motors Oy,Osakeyhtiö,"Lustikullantie 26, 12600 Läyliäinen",Läyliäinen,ilmainen
3412763-2,Carfanatics Oy,Osakeyhtiö,"Louhikkotie 15 C, 01390 Vantaa",Vantaa,ilmainen
3412792-3,Autohuolto Rex Oy,Osakeyhtiö,"Juvantie 4, 02920 Espoo",Espoo,ilmainen
3413454-1,BenCars Oy,Osakeyhtiö,"Verstastie 1-3, 33470 Ylöjärvi",Ylöjärvi,ilmainen
3413518-1,Korjaamokeisarit Oy,Osakeyhtiö,"Lähdekedontie 4, 03100 Nummela",Nummela,ilmainen
3413619-2,Gear Expert Oy,Osakeyhtiö,"Pajukatu 1 B, 38700 Kankaanpää",Kankaanpää,ilmainen
3413667-8,RP Fix Oy,Osakeyhtiö,"Leskenpolku 25, 44300 Konnevesi",Konnevesi,ilmainen
3413997-5,Daniels Verkstad Oy Ab,Osakeyhtiö,"Handelsmansvägen 3, 21710 Korppoo",Korppoo,ilmainen
3414016-7,RH-automotive Oy,Osakeyhtiö,"Valokaari 10, 00750 Helsinki",Helsinki,ilmainen
3414291-2,Suomen Kenttäkorjaus Oy,Osakeyhtiö,"Lemmittyläntie 12, 36720 Aitoo",Aitoo,ilmainen
3414841-7,Huoltopalvelut VePe Oy,Osakeyhtiö,"Tehdastie 17, 16600 Järvelä",Järvelä,ilmainen
3414953-2,Naz 7 Oy,Osakeyhtiö,"Hannuksenpelto 2 B, 02270 Espoo",Espoo,ilmainen
3415082-4,M&T Autopesu Oy,Osakeyhtiö,"Kivivuorentie 4, 01620 Vantaa",Vantaa,ilmainen
3415176-3,Mudfix Oy,Osakeyhtiö,"Kankaanmaantie 9, 36600 Pälkäne",Pälkäne,ilmainen
3415422-7,Pesu Labra Oy,Osakeyhtiö,"Mestarintie 1 B, 01730 Vantaa",Vantaa,ilmainen
3415454-2,HELP-PERI OY,Osakeyhtiö,"Mikkolanmäki 13, 49610 Sivatti",Sivatti,ilmainen
3415584-4,MV Servicehub Oy,Osakeyhtiö,"Vanha Turuntie 75 H, 02740 Espoo",Espoo,ilmainen
3415775-1,V.Kuusisto Oy,Osakeyhtiö,"Temmeksentie 7, 90400 Oulu",Oulu,ilmainen
3416026-4,Baldfix Oy,Osakeyhtiö,"Rekipellontie 2 E, 00940 Helsinki",Helsinki,ilmainen
3418056-4,Thicker than Blood Industries Oy,Osakeyhtiö,"Yläkartanonkuja 2 B, 02360 Espoo",Espoo,ilmainen
3418193-8,MVV-Service OY,Osakeyhtiö,"Keiteleentie 78, 44200 Suolahti",Suolahti,ilmainen
3418304-4,Tepafix Oy,Osakeyhtiö,"Aronrinne 6, 96190 Rovaniemi",Rovaniemi,ilmainen
3418338-6,Underground Tuning Oy,Osakeyhtiö,"Marjakuja 7, 90460 Oulunsalo",Oulunsalo,ilmainen
3418418-6,Jatom OY,Osakeyhtiö,"Lännenkuja 5, 29700 Ahlainen",Ahlainen,ilmainen
3418493-6,Korjaamo Auto-Varkaus Oy,Osakeyhtiö,"Käsityökatu 34-36, 78210 Varkaus",Varkaus,ilmainen
3418495-2,Safari Expertti Oy,Osakeyhtiö,"Niinikuruntie 4, 33880 Lempäälä",Lempäälä,ilmainen
3418861-1,Kalotti Service Oy,Osakeyhtiö,"Käsivarrentie 3835, 99470 Karesuvanto",Karesuvanto,ilmainen
3418924-3,Peltiguru oy,Osakeyhtiö,"Torrontie 289, 30100 Forssa",Forssa,ilmainen
3418992-1,RHL Yhtiöt Oy,Osakeyhtiö,"Verkkosaarenkatu 7 A, 00580 Helsinki",Helsinki,ilmainen
3419571-5,AHS Group Oy,Osakeyhtiö,"Mesimäentie 439 B, 63430 Kätkänjoki",Kätkänjoki,ilmainen
3419573-1,Tekee vain Oy,Osakeyhtiö,"Tamsintie 54, 96800 Rovaniemi",Rovaniemi,ilmainen
3419698-8,Smart SM Group Oy,Osakeyhtiö,"Tuulilasintie 24 A, 00770 Helsinki",Helsinki,ilmainen
3419826-2,Ikse Oy,Osakeyhtiö,"Koivupuistontie 26, 01510 Vantaa",Vantaa,ilmainen
3419954-8,Mäntä-Sälä Oy,Osakeyhtiö,"Oitintie 565, 04770 Sahakylä",Sahakylä,ilmainen
3420157-2,Timantti Autopesu Oy,Osakeyhtiö,"Kantelettarentie 1, 00420 Helsinki",Helsinki,ilmainen
3420382-6,FullSpeed Oy,Osakeyhtiö,"Kustavintie 1683, 21230 Lemu",Lemu,ilmainen
3420389-3,JL24FIX Oy,Osakeyhtiö,"Pikimetsäntie 15 E, 01800 Klaukkala",Klaukkala,ilmainen
3420403-6,Lehmusvaara Drift Team avoin yhtiö,Avoin yhtiö,"Salmenrannantie 29, 23500 Uusikaupunki",Uusikaupunki,ilmainen
3420577-6,Motor Mansion Oy,Osakeyhtiö,"Sortavalantie 3, 13600 Hämeenlinna",Hämeenlinna,ilmainen
3420725-3,Autohuolto Juntunen OY,Osakeyhtiö,00000 Osoite Tuntematon,Osoite Tuntematon,ilmainen
3420789-4,WASH POINT E8 AB OY,Osakeyhtiö,"Björnstigen 9, 65480 Vikby",Vikby,ilmainen
3421006-5,Car Specialists Oy,Osakeyhtiö,"Palomäenrinne 5, 02730 Espoo",Espoo,ilmainen
3421225-5,Rivitech Oy,Osakeyhtiö,"Myllärinkatu 20, 65100 Vaasa",Vaasa,ilmainen
3421846-2,ED Auto Group Oy,Osakeyhtiö,"Teollisuustie 13, 33960 Pirkkala",Pirkkala,ilmainen
3421989-5,Kotkan Blinker OY,Osakeyhtiö,"Pulttikatu 12, 48770 Kotka",Kotka,ilmainen
3422025-5,JP Pienkonekorjaamo Oy,Osakeyhtiö,"Kaviokuja 3, 20380 Turku",Turku,ilmainen
3422163-7,Dahdo Oy,Osakeyhtiö,"Hernepellontie 15 E, 00710 Helsinki",Helsinki,ilmainen
3422467-8,Jyväskylän HuoltoYkköset OY,Osakeyhtiö,"Kuormaajantie 6, 40320 Jyväskylä",Jyväskylä,ilmainen
3422491-8,Vakiopaja Oy,Osakeyhtiö,"Keskuojankatu 24 A, 33900 Tampere",Tampere,ilmainen
3422951-6,RPM CarFix Oy,Osakeyhtiö,"Kiitoradankuja 7 H, 01530 Vantaa",Vantaa,ilmainen
3423051-7,Savon huolto&korjaus oy,Osakeyhtiö,"Käpylänraitti 35, 77600 Suonenjoki",Suonenjoki,ilmainen
3423559-6,YTP Service Oy,Osakeyhtiö,"Ilmarisentie 13, 15210 Lahti",Lahti,ilmainen
3423875-4,Kone ja korjaamo Tornio Oy,Osakeyhtiö,"Ouluntie 292, 91300 Ylikiiminki",Ylikiiminki,ilmainen
3424202-4,Fast Car Agency Oy,Osakeyhtiö,"Rysäkatu 15, 20900 Turku",Turku,ilmainen
3424791-7,Pajalle Oy,Osakeyhtiö,"Paattilammintie 114, 38760 Venesjärvi",Venesjärvi,ilmainen
3425118-2,EVH Group Oy,Osakeyhtiö,"Tarimaantie 105, 37420 Vesilahti",Vesilahti,ilmainen
3425488-5,EkoMek Ab,Osakeyhtiö,"Klockringaregränd 7, 68600 Pietarsaari",Pietarsaari,ilmainen
3425551-1,Autora Oy,Osakeyhtiö,"Mestarintie 1 B, 01730 Vantaa",Vantaa,ilmainen
3425687-2,LS Detailing Oy,Osakeyhtiö,"Teollisuuskatu 44, 20520 Turku",Turku,ilmainen
3425745-3,MM-Huolto Oy,Osakeyhtiö,"Pogostantie 44, 82900 Ilomantsi",Ilomantsi,ilmainen
3425803-4,Lohtaja Industries Oy,Osakeyhtiö,"Tuohikoivuntie 3, 00780 Helsinki",Helsinki,ilmainen
3425809-3,Foods Global Oy,Osakeyhtiö,"Hannunkuja 8 A, 01400 Vantaa",Vantaa,ilmainen
3426159-1,Jamatko Oy,Osakeyhtiö,"Soukka-Viinamäentie 105, 61630 Hirvijärvi",Hirvijärvi,ilmainen
3426190-3,Saimaan Automaalaamo Oy,Osakeyhtiö,"Pomonkatu 2, 50150 Mikkeli",Mikkeli,ilmainen
3426236-7,Sandberg Automotive Oy,Osakeyhtiö,"Kipinätie 6, 06150 Porvoo",Porvoo,ilmainen
3426258-6,Autokorjaamo Kaari Oy,Osakeyhtiö,"Hapero 5 F, 00760 Helsinki",Helsinki,ilmainen
3426681-9,ManuLab Oy,Osakeyhtiö,"Uunilinnuntie 12, 40270 Palokka",Palokka,ilmainen
3426726-4,TaPe Service Oy,Osakeyhtiö,"Aleksanterinkatu 20 C, 33100 Tampere",Tampere,ilmainen
3426913-9,Autohold Oy,Osakeyhtiö,"Apotintie 2, 02400 Kirkkonummi",Kirkkonummi,ilmainen
3426916-3,miCars Oy,Osakeyhtiö,"Lakianharju 14, 03600 Karkkila",Karkkila,ilmainen
3427127-1,Pikohuolto Oy,Osakeyhtiö,"Rääkkölänpolku 9, 36200 Kangasala",Kangasala,ilmainen
3427163-4,AE Pienkone Oy,Osakeyhtiö,"Haketie 1, 79700 Heinävesi",Heinävesi,ilmainen
3427643-5,Linna-Car Oy,Osakeyhtiö,"Asemantie 15, 57100 Savonlinna",Savonlinna,ilmainen
3427724-3,JMK-Autohuolto Oy,Osakeyhtiö,"Jaakontie 10, 39200 Kyröskoski",Kyröskoski,ilmainen
3427820-3,Auto-Nero oy,Osakeyhtiö,"Harjutie 10, 28430 Pori",Pori,ilmainen
3427994-3,Kolhunkorjaus PDR Nordic Oy,Osakeyhtiö,"Koivukuja 2 F, 16300 Orimattila",Orimattila,ilmainen
3428186-7,FlexFleet Oy,Osakeyhtiö,"Salomonkatu 17 A, 00100 Helsinki",Helsinki,ilmainen
3428262-4,TehoEcu Oy,Osakeyhtiö,"Laattakiventie 8 B, 04300 Tuusula",Tuusula,ilmainen
3428350-4,Lommoton Oy,Osakeyhtiö,"Tuottajantie 14, 57220 Savonlinna",Savonlinna,ilmainen
3428371-5,PRUN AUTO CARE OY,Osakeyhtiö,"Pispalantie 17 C, 20540 Turku",Turku,ilmainen
3428392-6,Jälkivarustelu JK Oy,Osakeyhtiö,"Kyläkunnantie 34, 15700 Lahti",Lahti,ilmainen
3428742-5,Tommi Heinonen Oy,Osakeyhtiö,"Ahertajantie 1, 15880 Hollola",Hollola,ilmainen
3428805-7,Aloop Trans Oy,Osakeyhtiö,"Tampereentie 899, 66450 Jakkula",Jakkula,ilmainen
3428929-5,82 Service oy,Osakeyhtiö,"Varikkokaarre 7 A, 99130 Sirkka",Sirkka,ilmainen
3429309-1,Beni Autokorjaamosi Oy,Osakeyhtiö,"Kiertotähdentie 11 A, 20200 Turku",Turku,ilmainen
3429333-1,Rekoir Oy,Osakeyhtiö,"Ruuvikatu 12, 48770 Kotka",Kotka,ilmainen
3429842-3,H&H Huolto ja Kuljetus Oy,Osakeyhtiö,"Metsäharjuntie 7b, 71730 Kinnulanlahti",Kinnulanlahti,ilmainen
3429906-3,Korjaamo S ja V Varis Oy,Osakeyhtiö,"Katajalahdentie 6, 50180 Mikkeli",Mikkeli,ilmainen
3430076-5,EVD Oy,Osakeyhtiö,00000 Osoite Tuntematon,Osoite Tuntematon,ilmainen
3430181-3,Roin pikahuolto Oy,Osakeyhtiö,"Kemijoen Itäpuolentie 1621 A, 97110 Rautiosaari",Rautiosaari,ilmainen
3430421-3,RPM Customs Oy,Osakeyhtiö,"Metsontie 5, 04320 Tuusula",Tuusula,ilmainen
3430899-4,Autolääkäri Oy,Osakeyhtiö,"Kiltakuja 2 lt., 45740 Kuusankoski",Kuusankoski,ilmainen
3431168-3,AJ Autofix Oy Lahti,Osakeyhtiö,"Puotikatu 1, 15700 Lahti",Lahti,ilmainen
3431832-4,RS Color Oy,Osakeyhtiö,"Myllymäentie 4, 82220 Niittylahti",Niittylahti,ilmainen
3431857-8,Myllymäen Autohuolto Oy,Osakeyhtiö,"Sievintie 22, 85160 Rautio",Rautio,ilmainen
3431858-6,ModWorks Oy,Osakeyhtiö,"Lylyntie 14, 60510 Hyllykallio",Hyllykallio,ilmainen
3431866-6,Kanne Garage Oy,Osakeyhtiö,"Slagfältsvägen 51, 66800 Oravainen",Oravainen,ilmainen
3432145-1,Mikkelin Huoltoajo Oy,Osakeyhtiö,"Rahulantie 25, 51720 Rahula",Rahula,ilmainen
3432591-1,VIP Autokorjaamo Oy,Osakeyhtiö,"Sahaajankatu 26, 00880 Helsinki",Helsinki,ilmainen
3432895-2,MNO autopalvelut Oy,Osakeyhtiö,"Linnanherrankuja 1, 00950 Helsinki",Helsinki,ilmainen
3432923-4,Vehmaan Autowix Oy,Osakeyhtiö,"Fiberintie 8, 23200 Vinkkilä",Vinkkilä,ilmainen
3433040-3,Perinnepaja Oy,Osakeyhtiö,"Lankilantie 428, 15540 Villähde",Villähde,ilmainen
3433619-4,Armetpaja Oy,Osakeyhtiö,"Hepokuja 7 A, 01200 Vantaa",Vantaa,ilmainen
3433708-2,Scrub Hub Oy,Osakeyhtiö,"Keskijuoksu 19 F, 02920 Espoo",Espoo,ilmainen
3434326-3,Teollisuusvainio Oy,Osakeyhtiö,"Vaasantie 22 A, 62375 Ylihärmä",Ylihärmä,ilmainen
3434785-4,SY Automaalaamo Oy,Osakeyhtiö,"Ormuspellontie 2 B, 00700 Helsinki",Helsinki,ilmainen
3434997-2,AHT Capital Oy,Osakeyhtiö,"Asemanrinne 5, 08500 Lohja",Lohja,ilmainen
3435141-5,ANSAAR GROUP OY,Osakeyhtiö,"Jarrutie 12, 00770 Helsinki",Helsinki,ilmainen
3435517-6,LH-Urakointi Oy,Osakeyhtiö,"Saarankatu 14, 55420 Imatra",Imatra,ilmainen
3435610-1,APV Fix Oy,Osakeyhtiö,"Ilvesvuorenkatu 20 I, 01900 Nurmijärvi",Nurmijärvi,ilmainen
3435694-5,PDR Korjaus Oy,Osakeyhtiö,"Rantaniityntie 10 B, 02390 Sarvvik",Sarvvik,ilmainen
3436298-2,Stophub Oy,Osakeyhtiö,"Halmetie 7, 00730 Helsinki",Helsinki,ilmainen
3436463-8,Huoltopalvelu Hotti Oy,Osakeyhtiö,"Konstantie 17, 52100 Anttola",Anttola,ilmainen
3436802-2,Rassen Autokorjaamo Oy,Osakeyhtiö,"Koskelantie 35, 25420 Lahnajärvi",Lahnajärvi,ilmainen
3436848-7,FICARS OY,Osakeyhtiö,"Runoratsunkatu 15 A, 02600 Espoo",Espoo,ilmainen
3436911-3,Grand Autokorjaamo Oy,Osakeyhtiö,"Tuulilasintie 24 E, 00770 Helsinki",Helsinki,ilmainen
3437065-9,Huolto Parviainen Oy,Osakeyhtiö,"Mustalammenkuja 6, 90910 Kontio",Kontio,ilmainen
3437323-5,Riihimäen autohuolto Oy,Osakeyhtiö,"Pajakatu 2, 11130 Riihimäki",Riihimäki,ilmainen
3437327-8,Autohuolto-Mile Mark Oy,Osakeyhtiö,"Metallimiehenkatu 13, 03620 Karkkila",Karkkila,ilmainen
3437518-5,Easy Autokorjaamo Oy,Osakeyhtiö,"Palkkikuja 3, 04300 Tuusula",Tuusula,ilmainen
3437607-3,Wash-N-Go oy,Osakeyhtiö,"Oritie 1 B, 01200 Vantaa",Vantaa,ilmainen
3437823-9,Gorilla Garage Oy,Osakeyhtiö,00000 Osoite Tuntematon,Osoite Tuntematon,ilmainen
3438113-9,Auton Fiksaus Leväniemi Oy,Osakeyhtiö,"Männistöntie 18, 11130 Riihimäki",Riihimäki,ilmainen
3438635-1,Kalmarin Autopaja Oy,Osakeyhtiö,"Aurinkoniityntie 10-12, 02740 Espoo",Espoo,ilmainen
3439424-7,Roadsideservice Oy,Osakeyhtiö,"Jousmäentie 85, 63880 Kukonkylä",Kukonkylä,ilmainen
3439558-1,ISD-Autotalo Oy,Osakeyhtiö,"Turkkirata 9 A, 33960 Pirkkala",Pirkkala,ilmainen
3439733-3,Suonenjoen Auto ja Kone Oy,Osakeyhtiö,"Lentokentänkatu 11, 77600 Suonenjoki",Suonenjoki,ilmainen
3439859-8,Garage 95 Oy,Osakeyhtiö,"Hiltusentie 26 A, 90620 Oulu",Oulu,ilmainen
3440508-1,JSK Huolto OY,Osakeyhtiö,"Suomäentie 28, 40660 Jyväskylä",Jyväskylä,ilmainen
3440771-4,Kolonikin Oy,Osakeyhtiö,"Muottikuja 1, 21530 Paimio",Paimio,ilmainen
3441053-4,K4-Service Oy,Osakeyhtiö,"Rakentajantie 7, 06450 Porvoo",Porvoo,ilmainen
3441054-2,Vauriokorjaamo Rex Oy,Osakeyhtiö,"Lammasrinne 3 B, 01710 Vantaa",Vantaa,ilmainen
3441885-1,Autolab Service Oy,Osakeyhtiö,00000 Osoite Tuntematon,Osoite Tuntematon,ilmainen
3442376-5,AP Huolto Oy,Osakeyhtiö,"Teollisuustie 42, 96320 Rovaniemi",Rovaniemi,ilmainen
3442526-9,White Star oy,Osakeyhtiö,"Magneettikatu 9 A, 02330 Espoo",Espoo,ilmainen
3443124-7,Konehuolto Määttä Oy,Osakeyhtiö,"Nelostie 4101, 95355 Koivu",Koivu,ilmainen
3443557-1,Alpi-Motors Oy,Osakeyhtiö,"Kaskelantie 17 A, 01200 Vantaa",Vantaa,ilmainen
3443581-1,Ajoneuvo-ja kone korjaus Tapaninaho Oy,Osakeyhtiö,"Pitäjänmäentie 320a, 86850 Hiidenniemi",Hiidenniemi,ilmainen
3443977-5,Autofix palvelu Oy,Osakeyhtiö,"Raudoittajantie 26, 06450 Porvoo",Porvoo,ilmainen
3444310-9,Pietilä Racing Service Oy,Osakeyhtiö,"Kissankulma 2, 90440 Kempele",Kempele,ilmainen
3444871-9,Speedlab Finland Oy,Osakeyhtiö,"Haakoninlahdenkatu 1 A, 00590 Helsinki",Helsinki,ilmainen
3445876-5,Zm Logis Oy,Osakeyhtiö,"Turjankatu 4 C, 33100 Tampere",Tampere,ilmainen
3445969-6,Pohjolan Koneasennus Oy,Osakeyhtiö,"Kuhnamonkatu 2, 44200 Suolahti",Suolahti,ilmainen
3446045-1,M. J. Auto Oy,Osakeyhtiö,"Ullantorppa 13 A, 02750 Espoo",Espoo,ilmainen
3446356-4,Car-to Oy,Osakeyhtiö,"Suurmäentie 43, 79130 Sorsakoski",Sorsakoski,ilmainen
3446471-9,Pd Works Oy,Osakeyhtiö,"Viilarinkatu 6, 04440 Järvenpää",Järvenpää,ilmainen
3446555-1,Arttu Myllykangas Oy,Osakeyhtiö,"Metsäkukanviita 2 B, 60150 Seinäjoki",Seinäjoki,ilmainen
3447301-7,TM-Tint Oy,Osakeyhtiö,"Oravamäentie 22, 53650 Lappeenranta",Lappeenranta,ilmainen
3447942-7,WCar Oy,Osakeyhtiö,"Verkatehtaankatu 4 A, 20100 Turku",Turku,ilmainen
3448642-4,Jaresko Oy,Osakeyhtiö,"Kylätie 62, 92330 Karinkanta",Karinkanta,ilmainen
3448709-9,Etelä-Pohjanmaan Kärryhuolto Oy,Osakeyhtiö,"Karhunhammas 2, 60510 Hyllykallio",Hyllykallio,ilmainen
3448803-2,Auto- ja Konehuolto Lappeenranta Oy,Osakeyhtiö,"Kontiontie 2 A, 53300 Lappeenranta",Lappeenranta,ilmainen
3448954-5,Gossi Huolto Oy,Osakeyhtiö,"Vehkosillantie 239, 15560 Nastola",Nastola,ilmainen
3449317-3,Diesel-asennus Oy,Osakeyhtiö,"Nietostie 9, 01390 Vantaa",Vantaa,ilmainen
3449350-1,Saxman Palvelut Oy,Osakeyhtiö,"Karhukorventie 10-4, 06200 Porvoo",Porvoo,ilmainen
3449667-3,ATS Autohuolto Lahti Oy,Osakeyhtiö,"Alimaantie 183, 14200 Turenki",Turenki,ilmainen
3449832-9,Havefix Oy,Osakeyhtiö,"Wahlforssinkatu 1, 80100 Joensuu",Joensuu,ilmainen
3450040-9,DAMIK SERVICE OY,Osakeyhtiö,"Karjalantie 23, 03400 Vihti",Vihti,ilmainen
3450217-2,Evaldas Oy,Osakeyhtiö,"Hiekkakuopantie 6 E, 04300 Tuusula",Tuusula,ilmainen
3450546-1,31 Group Oy,Osakeyhtiö,"Vesitie 3 lh., 70460 Kuopio",Kuopio,ilmainen
3450688-6,Ruskon Autopesu Huolto ja korjaamo Oy,Osakeyhtiö,"Voimatie 2, 90620 Oulu",Oulu,ilmainen
3451281-3,Autokorimestarit Oy,Osakeyhtiö,"Pielesrinne 4, 41310 Leppävesi",Leppävesi,ilmainen
3452303-7,BiiMer Oy,Osakeyhtiö,"Raivaajantie 6, 80100 Joensuu",Joensuu,ilmainen
3452572-9,Autokorjaamo T Alanko Oy,Osakeyhtiö,"Ankeriaantie 27 C, 01480 Vantaa",Vantaa,ilmainen
3452929-5,OV CarService Oy,Osakeyhtiö,"Klaukkalantie 48 A, 01800 Klaukkala",Klaukkala,ilmainen
3453055-2,D & E DEtailing Oy,Osakeyhtiö,"Isonkorventie 6 E, 02970 Espoo",Espoo,ilmainen
3453710-5,S & R PAJA OY,Osakeyhtiö,"Piiraisentie 24, 97635 Juuniemi",Juuniemi,ilmainen
3453739-1,Rolge Oy,Osakeyhtiö,"Kolkankuja 8, 16330 Heinämaa",Heinämaa,ilmainen
3454058-2,BC Mapeko Oy,Osakeyhtiö,"Torivoudintie 12 D, 00640 Helsinki",Helsinki,ilmainen
3454201-9,Larent Oy,Osakeyhtiö,"Siiponkoskentie 204, 85800 Haapajärvi",Haapajärvi,ilmainen
3455324-4,Autohuolto Voltec Oy,Osakeyhtiö,"Karhuntie 2 A, 37860 Kärjenniemi",Kärjenniemi,ilmainen
3455459-7,Highway Hero Oy,Osakeyhtiö,"Kaskelantie 604, 04240 Talma",Talma,ilmainen
3455515-1,Autokorjaamo Volkan Oy,Osakeyhtiö,"Kytkintie 30, 00770 Helsinki",Helsinki,ilmainen
3455520-7,Bebeto autokorjaamo Oy,Osakeyhtiö,"Pääskyntie 3, 40320 Jyväskylä",Jyväskylä,ilmainen
3455998-8,Al-Ashtr Palvelut Oy,Osakeyhtiö,"Karavaanikuja 2 I, 00980 Helsinki",Helsinki,ilmainen
3456141-2,Garage 88 Service Ab,Osakeyhtiö,"Penviksvägen 3 B, 68600 Pietarsaari",Pietarsaari,ilmainen
3456237-8,Davud Autokorjaamo Oy,Osakeyhtiö,"Huurrekuja 7 A, 04360 Tuusula",Tuusula,ilmainen
3456933-4,Mistfix Oy,Osakeyhtiö,"Lammassaarentie 3 B, 34130 Ylinen",Ylinen,ilmainen
3457142-6,CC Group Oy,Osakeyhtiö,"Penttilänkulma 8, 80220 Joensuu",Joensuu,ilmainen
3457267-2,Rajala Services Oy,Osakeyhtiö,"Kaivokselantie 5 C, 01610 Vantaa",Vantaa,ilmainen
3457480-3,KJ Service Malax Oy,Osakeyhtiö,"Björneborgsvägen 1576, 66160 Långåminne",Långåminne,ilmainen
3457574-2,HeaWyJoB Ab,Osakeyhtiö,"Företagarvägen 5, 68500 Kruunupyy",Kruunupyy,ilmainen
3457830-2,LuxeWash Oy,Osakeyhtiö,"Kalteentie 3 B, 00770 Helsinki",Helsinki,ilmainen
3457839-6,Parasko Oy,Osakeyhtiö,"Iiksenjoentie 5 F, 80910 Kulho",Kulho,ilmainen
3458030-6,FINBENS Oy,Osakeyhtiö,"Hannuksenpelto 2 B, 02270 Espoo",Espoo,ilmainen
3458059-2,JJL-Tech Oy,Osakeyhtiö,"Hellanmaantie 827, 62130 Hellanmaa",Hellanmaa,ilmainen
3458123-7,Täysivirta oy,Osakeyhtiö,"Karholantie 12, 37370 Vesilahti",Vesilahti,ilmainen
3458732-1,Mika Männistö Holding oy,Osakeyhtiö,"Torpanmäki 1b, 01150 Söderkulla",Söderkulla,ilmainen
3458833-2,Surani OY,Osakeyhtiö,"Rajavoudinkuja 1, 01690 Vantaa",Vantaa,ilmainen
3458897-3,Fix It Garage Oy,Osakeyhtiö,"Varikonkatu 5, 94200 Kemi",Kemi,ilmainen
3459019-2,Vagen Oy,Osakeyhtiö,"Postitorvenkatu 14, 33840 Tampere",Tampere,ilmainen
3459287-6,PA autohuolto & peltikorjaamo OY,Osakeyhtiö,"Meripellontie 11, 00910 Helsinki",Helsinki,ilmainen
3459468-7,FIXBEST OY,Osakeyhtiö,"Asesepänkuja 2 E, 00620 Helsinki",Helsinki,ilmainen
3459471-6,J.Laivola Service Oy,Osakeyhtiö,"Kodisjoentie 1655, 27310 Kodisjoki",Kodisjoki,ilmainen
3459638-3,Ms Car Detailing Oy,Osakeyhtiö,"Rapolantie 615, 37700 Sääksmäki",Sääksmäki,ilmainen
3459708-7,Autohuolto Lintula Oy,Osakeyhtiö,"Riipintie 42, 99720 Riipi",Riipi,ilmainen
3460337-9,Adam Autokorjaamo Oy,Osakeyhtiö,"Itsenäisyydentie 15, 38200 Sastamala",Sastamala,ilmainen
3460421-6,Autopesula Jokinen Oy,Osakeyhtiö,"Petäjätie 2-4 A, 41400 Lievestuore",Lievestuore,ilmainen
3460616-6,Voisalmenautohuolto Oy,Osakeyhtiö,"Voisalmentie 5, 53920 Lappeenranta",Lappeenranta,ilmainen
3460939-1,Autohuolto Pihlajaniemi Oy,Osakeyhtiö,"Vanha Harmaalinnantie 2, 28400 Ulvila",Ulvila,ilmainen
3460974-6,Lohjanharjun Autohuolto Oy,Osakeyhtiö,"Ristipellontie 14, 00390 Helsinki",Helsinki,ilmainen
3461401-9,AutoMaster Car Service Oy,Osakeyhtiö,"Lapinlahdenkatu 16, 00180 Helsinki",Helsinki,ilmainen
3462066-2,RautaOksa Oy,Osakeyhtiö,"Lintukallionrinne 3 E, 01620 Vantaa",Vantaa,ilmainen
3462351-3,Autokorjaamo Lappalainen Oy,Osakeyhtiö,"Niittytie 1, 71800 Siilinjärvi",Siilinjärvi,ilmainen
3462834-9,ColorMaster Oy,Osakeyhtiö,"Lyhtytie 4, 00750 Helsinki",Helsinki,ilmainen
3462838-1,WASHTJK OY,Osakeyhtiö,"Pääskysillankatu 10 A, 20540 Turku",Turku,ilmainen
3462859-2,Jyväs Autofiksaamo Oy,Osakeyhtiö,"Sorastajantie 4, 40320 Jyväskylä",Jyväskylä,ilmainen
3462922-9,AV Autovarustelu OY,Osakeyhtiö,"Impivaarantie 10-12, 02880 Veikkola",Veikkola,ilmainen
3463124-9,Öljymäen Autokorjaamo ja Grillikahvio Oy,Osakeyhtiö,"Yhdystie 1, 31760 Urjala",Urjala,ilmainen
3463482-9,Tuulilasipojat Oy,Osakeyhtiö,00000 Osoite Tuntematon,Osoite Tuntematon,ilmainen
3463600-7,ST-Motors Oy,Osakeyhtiö,"Levulantie 122, 61300 Kurikka",Kurikka,ilmainen
3463865-1,O CARS OY,Osakeyhtiö,"Kanervikkotie 2 A, 01380 Vantaa",Vantaa,ilmainen
3463944-3,JK Detailing Oy,Osakeyhtiö,"Nortamonkatu 17, 26100 Rauma",Rauma,ilmainen
3464696-9,Nummelan Autoapu Oy,Osakeyhtiö,"Joukolankuja 4 H, 03100 Nummela",Nummela,ilmainen
3465472-3,S.T.E.F Service Oy,Osakeyhtiö,"Rantaperkiönkatu 1 C, 33900 Tampere",Tampere,ilmainen
3465528-3,VS Flame OY,Osakeyhtiö,"Peukalomäentie 10, 68230 Lohtaja",Lohtaja,ilmainen
3465728-9,New Warriors Group Oy,Osakeyhtiö,"Heinisillantie 27 A, 14300 Renko",Renko,ilmainen
3465775-6,Ralf-Auto Oy,Osakeyhtiö,"Alaniitynkatu 19 B, 53550 Lappeenranta",Lappeenranta,ilmainen
3465839-6,Suomen Työkone Service Oy,Osakeyhtiö,"Kapernauminkatu 57 A, 60100 Seinäjoki",Seinäjoki,ilmainen
3465940-1,RAF Autokorjaamo Oy,Osakeyhtiö,"Vanamontie 13, 01350 Vantaa",Vantaa,ilmainen
3466219-2,GhesCo Oy,Osakeyhtiö,"Hankitie 8, 47200 Elimäki",Elimäki,ilmainen
3466261-9,IM-Auto Oy,Osakeyhtiö,"Kairakatu 32, 26100 Rauma",Rauma,ilmainen
3466328-3,DreamFix Oy,Osakeyhtiö,"Karhumäentie 188, 19700 Sysmä",Sysmä,ilmainen
3466415-5,IN Huolto Oy,Osakeyhtiö,"Hapero 5, 00760 Helsinki",Helsinki,ilmainen
3466424-3,SVR Service Oy,Osakeyhtiö,"Viikinäisenpiha 1 as., 28600 Pori",Pori,ilmainen
3467059-8,Hertsin Rengas Oy,Osakeyhtiö,"Peltomäenkatu 11, 04250 Kerava",Kerava,ilmainen
3467156-6,Knk Ajoneuvohuolto Oy,Osakeyhtiö,"Vipusenkatu 1 M, 15230 Lahti",Lahti,ilmainen
3467575-1,Gasrak Oy,Osakeyhtiö,"Huvilaranta 14, 91910 Tupos",Tupos,ilmainen
3467665-8,Luavium Oy,Osakeyhtiö,"Sireenikuja 8, 06100 Porvoo",Porvoo,ilmainen
0220314-3,Lohjan Koneistamo Ky,Kommandiittiyhtiö,"Sorronrinne 18, 08500 Lohja",Lohja,ilmainen
3468097-2,ÄssäPesu Oy,Osakeyhtiö,"Hyveläntie 22, 28200 Pori",Pori,ilmainen
3468259-9,GoWash Länsi-Suomi Oy,Osakeyhtiö,"Ristipellontie 13, 00390 Helsinki",Helsinki,ilmainen
3468277-5,Pirkanmaan Raskasykköset Oy,Osakeyhtiö,"Mäkelä-Haavistontie 184/16, 39150 Pinsiö",Pinsiö,ilmainen
3468487-7,Huippu services oy,Osakeyhtiö,"Kaltiotie 4 C, 96500 Rovaniemi",Rovaniemi,ilmainen
3468740-2,HiLi AutoWörks Oy,Osakeyhtiö,"Ylhäistentie 36, 21250 Masku",Masku,ilmainen
3468754-1,Huolto ja Korjaus Ollikainen Oy,Osakeyhtiö,"Kotalahdentie 85, 71920 Pajujärvi",Pajujärvi,ilmainen
3468791-2,Kaavin Raskaskonekorjaamo Oy,Osakeyhtiö,"Varikkotie 7, 73600 Kaavi",Kaavi,ilmainen
3468926-4,Tuklasit Oy,Osakeyhtiö,"Puskuritie 1-19, 33470 Ylöjärvi",Ylöjärvi,ilmainen
3468978-2,Tuusulan Tuulilasi Oy,Osakeyhtiö,"Viipurinkatu 12 L, 00510 Helsinki",Helsinki,ilmainen
3468999-3,Ämmän vauriokorjaamo Oy,Osakeyhtiö,"Lahnatie 3, 89600 Suomussalmi",Suomussalmi,ilmainen
3469108-1,FINLT Oy,Osakeyhtiö,"Ruuvikatu 6, 48770 Kotka",Kotka,ilmainen
3469119-6,Janne Taurén Oy,Osakeyhtiö,"Santaradantie 7 A, 01380 Vantaa",Vantaa,ilmainen
1097879-0,Lapuan Ruostesuojaus Oy,Osakeyhtiö,"Sahakuja 2, 62100 Lapua",Lapua,ilmainen
1098782-2,Motest Oy,Osakeyhtiö,"Viitaharjuntie 19, 40250 Jyväskylä",Jyväskylä,ilmainen
1100374-1,Ab Toby Bil och Traktor Oy,Osakeyhtiö,"Kraftvägen 26, 65520 Helsingby",Helsingby,ilmainen
1102224-8,Bilfix & Måleri Björkgren Kb,Kommandiittiyhtiö,"Lillheljobackvägen 91, 66140 Övermalax",Övermalax,ilmainen
1102739-9,EKS-Puhdistus Oy,Osakeyhtiö,"Pajatie 18, 57210 Savonlinna",Savonlinna,ilmainen
1103085-4,Koneistus T. Rikkonen Ky,Kommandiittiyhtiö,"Toikansuontie 16, 53500 Lappeenranta",Lappeenranta,ilmainen
1103294-8,Autopalvelu Teuvo J. Saarinen Oy,Osakeyhtiö,"Hapero 3, 00760 Helsinki",Helsinki,ilmainen
3469399-2,Romeo Autokorjaamo Oy,Osakeyhtiö,"Karjalantie 7, 36200 Kangasala",Kangasala,ilmainen
3470010-1,SUOMEN TULEVAISUUS 313 OY,Osakeyhtiö,"Liisankuja 4 A, 02230 Espoo",Espoo,ilmainen
3470048-6,Kleincar oy,Osakeyhtiö,"Alasuontie 11, 57210 Savonlinna",Savonlinna,ilmainen
3470084-9,Viking Huolto Oy,Osakeyhtiö,"Harkkoraudantie 6, 00700 Helsinki",Helsinki,ilmainen
3470116-3,AH Työpalvelut Oy,Osakeyhtiö,"Luomantie 11, 93600 Kuusamo",Kuusamo,ilmainen
3470245-7,Nummelanharjun Autohuolto Oy,Osakeyhtiö,"Ristipellontie 14, 00390 Helsinki",Helsinki,ilmainen
3470543-9,MoHe Autohuolto Oy,Osakeyhtiö,"Marsupolku 12 A, 01450 Vantaa",Vantaa,ilmainen
3470557-8,Team Päivärinta Oy,Osakeyhtiö,"Heinätavintie 5, 85100 Kalajoki",Kalajoki,ilmainen
3470997-4,Diamond Star Oy,Osakeyhtiö,"Lyhtykuja 4 D, 02760 Espoo",Espoo,ilmainen
3471349-8,Autofixaus ja huolto Pekkala Oy,Osakeyhtiö,"Jyväskyläntie 45, 43500 Karstula",Karstula,ilmainen
3471459-7,RemPaint OY,Osakeyhtiö,"Jäspilänkatu 16, 04250 Kerava",Kerava,ilmainen
3471513-5,IKJ Solutions Oy,Osakeyhtiö,"Nuutinkatu 7, 40270 Palokka",Palokka,ilmainen
3471648-8,Idän Autohuolto Oy,Osakeyhtiö,"Tulppatie 26, 00880 Helsinki",Helsinki,ilmainen
3471907-2,Autominttiin Service Oy,Osakeyhtiö,"Pihapiiri 14, 75500 Nurmes",Nurmes,ilmainen
3472066-3,Maliskylä Motorsport Oy,Osakeyhtiö,"Välikuja 8, 85640 Nivala",Nivala,ilmainen
3472083-1,Autohuolto Vanhatalo Oy,Osakeyhtiö,"Karjatie 6 B, 99100 Kittilä",Kittilä,ilmainen
1767645-3,Kolarikorjaamo E. Konttinen Ky,Kommandiittiyhtiö,"Melankatu 1, 70500 Kuopio",Kuopio,ilmainen
1768680-3,Tirax Oy,Osakeyhtiö,"Sulantie 5 A, 04300 Tuusula",Tuusula,ilmainen
1769856-4,Aine Oy,Osakeyhtiö,"Kaarnatie 10, 90530 Oulu",Oulu,ilmainen
1770399-2,Kontiomäen Automaalaamo Ky,Kommandiittiyhtiö,"Korpirannantie 90, 91760 Säräisniemi",Säräisniemi,ilmainen
1772295-8,Kolarikorjaukset T Parviainen Oy,Osakeyhtiö,"Lustetie 11, 01300 Vantaa",Vantaa,ilmainen
1774788-0,Pirjo Kujansuu Ky,Kommandiittiyhtiö,"Varastokatu 7, 92130 Raahe",Raahe,ilmainen
1775242-8,Korjaamo Suutarinen kommandiittiyhtiö,Kommandiittiyhtiö,"Liikkasentie 286, 49660 Pyhältö",Pyhältö,ilmainen
2100851-1,Moto3 Oy,Osakeyhtiö,"Suvannontie 1, 70780 Kuopio",Kuopio,ilmainen
2101094-5,J & E Jalonen Oy,Osakeyhtiö,"Isosuontie 48, 21250 Masku",Masku,ilmainen
2101562-3,Auto- ja Konekorjaus Kokkonen Ky,Kommandiittiyhtiö,"Jyrkiläntie 195, 59610 Tarnala",Tarnala,ilmainen
2102004-3,Korjaamo Lähdekorpi avoin yhtiö,Avoin yhtiö,"Sahantie 34, 38360 Sastamala",Sastamala,ilmainen
2102181-2,JSL Autohuolto Oy,Osakeyhtiö,"Torpinkatu 17, 95420 Tornio",Tornio,ilmainen
2102602-3,VTP Group Oy,Osakeyhtiö,"Riihimiehentie 4, 01720 Vantaa",Vantaa,ilmainen
2106021-3,Kuusamon Autohuolto Oy,Osakeyhtiö,"Airotie 4 F, 93600 Kuusamo",Kuusamo,ilmainen
2106287-6,RuusuX Oy,Osakeyhtiö,"Kyläluudankaari 1a, 50600 Mikkeli",Mikkeli,ilmainen
2107741-0,Auto-Sippola avoin yhtiö,Avoin yhtiö,"Matarojantie 784, 46710 Sippola",Sippola,ilmainen
2108377-3,Seppo Soininen Oy,Kommandiittiyhtiö,"Laaniitynkatu 1, 13210 Hämeenlinna",Hämeenlinna,ilmainen
2452273-5,VMS Racing Oy,Osakeyhtiö,"Kalliontie 23, 36220 Kangasala",Kangasala,ilmainen
2452510-0,Autopeltikorjaamo Lehtonen Oy,Osakeyhtiö,"Ahlaistentie 479, 29700 Ahlainen",Ahlainen,ilmainen
2452518-6,Autodiagnoosi Oy,Osakeyhtiö,"Elopellontie 1 N, 33470 Ylöjärvi",Ylöjärvi,ilmainen
2453037-2,Autokorjaamo Heino Oy,Osakeyhtiö,"Tillinmäentie 3, 02330 Espoo",Espoo,ilmainen
2453705-6,Nestor Truck Service Oy,Kommandiittiyhtiö,"Hyttikuja 4, 05200 Rajamäki",Rajamäki,ilmainen
2454029-8,ASV Autohuolto Oy,Osakeyhtiö,"Ojajoenkaari 9, 12700 Loppi",Loppi,ilmainen
2455160-8,Maalausliike Auto Oy Suutari,Osakeyhtiö,"Sampsankatu 4 A, 20520 Turku",Turku,ilmainen
2455390-2,JT-CARFIX OY,Osakeyhtiö,"Linnavuorentie 19 B, 00950 Helsinki",Helsinki,ilmainen
2456188-1,JPM Korjauspalvelu Oy,Osakeyhtiö,"Palkkikuja 3 E, 04300 Tuusula",Tuusula,ilmainen
2456574-3,Mikan & Anssin Autohuolto Oy,Osakeyhtiö,"Heinämäentie 18, 40250 Jyväskylä",Jyväskylä,ilmainen
2456921-8,TWT-Service Ky,Kommandiittiyhtiö,"Koskentie 312, 79100 Leppävirta",Leppävirta,ilmainen
2457965-1,Glotask Oy,Osakeyhtiö,"Yksityistie 75, 10210 Inkoo",Inkoo,ilmainen
2458138-0,BmWiz Oy,Osakeyhtiö,"Lastikankatu 3/15, 33730 Tampere",Tampere,ilmainen
2458915-5,Moottorityö Salo Oy,Osakeyhtiö,"Vanhankylänkaari 9, 60320 Seinäjoki",Seinäjoki,ilmainen
2459458-7,Transwheel Avoin yhtiö,Avoin yhtiö,"Orvokkitie 15 A, 00900 Helsinki",Helsinki,ilmainen
2460750-1,KS HUOLTOPALVELU OY,Osakeyhtiö,"Pielesrinne 5, 41310 Leppävesi",Leppävesi,ilmainen
2461325-8,JS CARes Oy,Osakeyhtiö,"Volttitie 2, 21530 Paimio",Paimio,ilmainen
3472662-7,Kylmälän autohuolto oy,Osakeyhtiö,"Petäjärventie 64, 02540 Kylmälä",Kylmälä,ilmainen
3472843-8,GO AB fordon&maskinservice,Osakeyhtiö,"Pikkukorventie 34 M, 37150 Nokia",Nokia,ilmainen
3473644-6,GA Palvelut Oy,Osakeyhtiö,"Kankitie 16, 48400 Kotka",Kotka,ilmainen
3474024-2,AUTOHUOLTO CARDONE OY,Osakeyhtiö,"Pajantie 3, 60100 Seinäjoki",Seinäjoki,ilmainen
3474386-5,Obdhelp Oy,Osakeyhtiö,"Jusslansuora 20 A, 04360 Tuusula",Tuusula,ilmainen
3474836-7,Autokorjaamo Vitikka Oy,Osakeyhtiö,"Marttiinintie 6, 96300 Rovaniemi",Rovaniemi,ilmainen
3474896-5,Lapland Motor Service Oy,Osakeyhtiö,"Poutapilvenpolku 4, 96190 Rovaniemi",Rovaniemi,ilmainen
3474989-6,Kolhupiste Oy,Osakeyhtiö,"Högberginhaara 1 C, 04360 Tuusula",Tuusula,ilmainen
3475353-7,Mälikkälän Autokorjaamo Oy,Osakeyhtiö,"Nuppulantie 33, 20320 Turku",Turku,ilmainen
3475663-1,Itis Car Group oy,Osakeyhtiö,"Linnanpajantie 22 H, 00950 Helsinki",Helsinki,ilmainen
3475761-8,Huoltopalvelu J.Tiala Oy,Osakeyhtiö,"Louhenkatu 4, 67900 Kokkola",Kokkola,ilmainen
3476400-9,Putaan Raskashuolto Oy,Osakeyhtiö,"Tahkonpolku 5, 44800 Pihtipudas",Pihtipudas,ilmainen
3476865-9,Fix & Drive Oy,Osakeyhtiö,"Hirviseläntie 6, 80780 Kontioniemi",Kontioniemi,ilmainen
3476971-5,MG Autokorjaamo Oy,Osakeyhtiö,"Hatuntekijänkuja 4-6 B, 00750 Helsinki",Helsinki,ilmainen
3477024-9,Nurmijärven Sähköautohuolto Oy,Osakeyhtiö,"Kuusimäentie 5, 01900 Nurmijärvi",Nurmijärvi,ilmainen
3477091-9,Apix Autohuolto oy,Osakeyhtiö,"Kaivosvoudintie 1 A, 01610 Vantaa",Vantaa,ilmainen
3477232-4,Järvenperän auto service Oy,Osakeyhtiö,"Kirstinharju 9 J, 02760 Espoo",Espoo,ilmainen
3477295-7,Lentolan Autovelho Oy,Osakeyhtiö,"Lentolantie 12, 36220 Kangasala",Kangasala,ilmainen
3477450-6,KoriKunto Oy,Osakeyhtiö,"Riipuksenkatu 4 A, 33710 Tampere",Tampere,ilmainen
3477567-2,SJ Custom Lab Oy,Osakeyhtiö,"Okkerinkatu 6 A, 40700 Jyväskylä",Jyväskylä,ilmainen
3477595-5,Autohuolto Nortom Oy,Osakeyhtiö,"Asentajantie 9, 67600 Kokkola",Kokkola,ilmainen
3477893-7,Tuomon Pienkone Oy,Osakeyhtiö,"Humppilantie 18, 31640 Humppila",Humppila,ilmainen
3478073-8,IL Huoltopalvelut Oy,Osakeyhtiö,"Temmeksentie 14, 90400 Oulu",Oulu,ilmainen
3478338-1,Remika Autohuolto korjaamo Oy,Osakeyhtiö,"Taipaltie 1, 54920 Taipalsaari",Taipalsaari,ilmainen
3478377-9,Karhun huolto ja pesu Oy,Osakeyhtiö,"Reppukatu 2 C, 00770 Helsinki",Helsinki,ilmainen
3478390-4,Motohara Garage Oy,Osakeyhtiö,"Lumikonkuja 6, 40400 Jyväskylä",Jyväskylä,ilmainen
3478446-4,Jenkki-Talli OY,Osakeyhtiö,"Jatulikivenkatu 6 D, 90240 Oulu",Oulu,ilmainen
3478500-2,KekeWorks Oy,Osakeyhtiö,"Kumparekuja 1, 04340 Tuusula",Tuusula,ilmainen
3478621-6,SIMO HM-palvelut Oy,Osakeyhtiö,"Tuomarinkatu 30 as., 28120 Pori",Pori,ilmainen
3478702-4,Koivuluoma Garage Oy,Osakeyhtiö,"Juurakkotie 8, 03100 Nummela",Nummela,ilmainen
3479009-8,ClearCoat Oy,Osakeyhtiö,"Nuolitie 2 A, 01740 Vantaa",Vantaa,ilmainen
3479085-6,T&J Autopesu Oy,Osakeyhtiö,"Alikeravantie 26, 04250 Kerava",Kerava,ilmainen
3479559-3,AH Entreprenad öppet bolag,Avoin yhtiö,"Paljakvägen 70, 66820 Komossa",Komossa,ilmainen
3479843-6,AR Road Service Oy,Osakeyhtiö,"Kävelijänkatu 4, 55420 Imatra",Imatra,ilmainen
3479958-6,Asap autohuolto Oy,Osakeyhtiö,"Sahaajankatu 39, 00880 Helsinki",Helsinki,ilmainen
3479992-2,EKo Autoservice Oy,Osakeyhtiö,"Putkikuja 1, 90460 Oulunsalo",Oulunsalo,ilmainen
3480390-1,JapGrid Oy,Osakeyhtiö,"Kaskikatu 11, 03620 Karkkila",Karkkila,ilmainen
3480449-6,Salon Monimerkkihuolto Oy,Osakeyhtiö,"Katkiluodonkatu 13, 24100 Salo",Salo,ilmainen
3480856-9,KorjaamoKamut Oy,Osakeyhtiö,"Syrjäläntie 3, 71480 Kurkimäki",Kurkimäki,ilmainen
3480880-9,Olectric Oy,Osakeyhtiö,"Lintulammenkatu 5c B, 04250 Kerava",Kerava,ilmainen
3480982-8,HM Autotalli Oy,Osakeyhtiö,"Keinulaudantie 2a A, 00940 Helsinki",Helsinki,ilmainen
3480987-9,Reboost Solutions Oy,Osakeyhtiö,"Talvikkitie 38 B, 01300 Vantaa",Vantaa,ilmainen
3481055-4,Autohuolto Laaksonen Oy,Osakeyhtiö,"Kalmankorventie 889, 25390 Kiikala",Kiikala,ilmainen
3481076-5,Mertax Oy,Osakeyhtiö,"Mineriitintie 1 B, 08680 Lohja",Lohja,ilmainen
3481156-5,Um works oy,Osakeyhtiö,"Autoilijankatu 32 B, 20780 Kaarina",Kaarina,ilmainen
3481296-3,OD AUTOPALVELUT OY,Osakeyhtiö,"Riihimiehentie 2 V, 01720 Vantaa",Vantaa,ilmainen
3481318-1,Joen Monitoimi Oy,Osakeyhtiö,"Jokitie 9, 80330 Reijola",Reijola,ilmainen
3481355-2,RES Autopalvelut Oy,Osakeyhtiö,"Ruskakatu 5, 05810 Hyvinkää",Hyvinkää,ilmainen
3481398-2,TopTechnical Oy,Osakeyhtiö,"Schaumanintie 39, 57220 Savonlinna",Savonlinna,ilmainen
3482222-1,Turku Truck Center Oy,Osakeyhtiö,"Rydöntie 24, 20360 Turku",Turku,ilmainen
3482329-1,TCC-Auto OY,Osakeyhtiö,"Rullakuja 7, 01450 Vantaa",Vantaa,ilmainen
3482402-4,LariOn Oy,Osakeyhtiö,"Vetokuja 4, 01610 Vantaa",Vantaa,ilmainen
3482707-3,TK Wiring Oy,Osakeyhtiö,"Sodankyläntie 4657, 97530 Yli-Nampa",Yli-Nampa,ilmainen
3483278-8,Krossin Autokorjaamo Oy,Osakeyhtiö,"Hallimestarinkatu 20, 20780 Kaarina",Kaarina,ilmainen
3484041-1,SS Finlanka Oy,Osakeyhtiö,"Korpimetsänkatu 10 A, 53850 Lappeenranta",Lappeenranta,ilmainen
3484307-3,Derbys Car Wash Oy,Osakeyhtiö,"Tarvonsalmenkatu 13-19, 02600 Espoo",Espoo,ilmainen
3484382-3,AMP Pesu Oy,Osakeyhtiö,"Torikatu 9, 05800 Hyvinkää",Hyvinkää,ilmainen
3484628-2,Pirkkalan Autohuolto ja korjaamo Oy,Osakeyhtiö,"Haikanvuori 4 C, 33960 Pirkkala",Pirkkala,ilmainen
3484655-7,Joken auto- ja rengaspalvelut Oy,Osakeyhtiö,"Sorkanpolku 2, 26410 Kaaro",Kaaro,ilmainen
3485185-8,Varteva Kaara Oy,Osakeyhtiö,"Päivänkajontie 8 D, 02210 Espoo",Espoo,ilmainen
3485446-9,G-Spark Oy,Osakeyhtiö,"Juvantie 4, 02920 Espoo",Espoo,ilmainen
3485450-6,Tino-Set Oy,Osakeyhtiö,"Sivutie 6, 39200 Kyröskoski",Kyröskoski,ilmainen
3485470-9,KMW Auto Oy,Osakeyhtiö,"Poikkijoentie 6, 99600 Sodankylä",Sodankylä,ilmainen
3485642-1,JPK Autopalvelut Oy Ab,Osakeyhtiö,"Saarenpäänkatu 26 A, 95400 Tornio",Tornio,ilmainen
3485677-1,Auto Rae Oy,Osakeyhtiö,"Raholankatu 30, 39500 Ikaalinen",Ikaalinen,ilmainen
3485886-5,Koikkis Garage's Oy,Osakeyhtiö,"Nyyrikinkatu 2, 44200 Suolahti",Suolahti,ilmainen
3485964-9,Pohjois-Suomen autohuolto Oy,Osakeyhtiö,"Salmintie 13, 90830 Haukipudas",Haukipudas,ilmainen
3486102-8,SMK maalaamo oy,Osakeyhtiö,"Kaasutintie 7, 00770 Helsinki",Helsinki,ilmainen
3486223-1,Kuopion autokäsipesu Oy,Osakeyhtiö,"Yrittäjäntie 23, 70150 Kuopio",Kuopio,ilmainen
3486287-2,BioRolls Oy,Osakeyhtiö,"Vernerinkuja 3 B, 02430 Masala",Masala,ilmainen
3486440-5,Autohuolto 64 Oy,Osakeyhtiö,"Petäjärventie 64, 02540 Kylmälä",Kylmälä,ilmainen
3486657-4,Aholan korjaamo ja haketuspalvelu ky,Kommandiittiyhtiö,"Aholantie 19, 16200 Artjärvi",Artjärvi,ilmainen
3486779-6,Sami Autopesu Oy,Osakeyhtiö,"Kutojantie 10, 02630 Espoo",Espoo,ilmainen
3486808-6,MT RaceTech Oy,Osakeyhtiö,"Murmelinkatu 16, 55420 Imatra",Imatra,ilmainen
3487413-6,Syrjälä Service Oy,Osakeyhtiö,"Laitalantie 23, 43900 Kinnula",Kinnula,ilmainen
3487510-4,Vetokuja Autokorjaamo Oy,Osakeyhtiö,"Vetokuja 1, 01610 Vantaa",Vantaa,ilmainen
3487658-8,sisu korjaamo oy,Osakeyhtiö,"Tuulilasintie 31 D, 00770 Helsinki",Helsinki,ilmainen
3487873-5,Linder Diesel Korjaus ja Palvelut Oy,Osakeyhtiö,"Sahatie 4 B, 01650 Vantaa",Vantaa,ilmainen
3487946-3,Rautiola Oy,Osakeyhtiö,"Välskärintie 4, 69100 Kannus",Kannus,ilmainen
3488044-8,Autohuolto Vikavex Oy,Osakeyhtiö,"Jaakontie 4, 39200 Kyröskoski",Kyröskoski,ilmainen
3488305-9,Nihtisillan autohuolto ja korjaamo Oy,Osakeyhtiö,"Nihtisillantie 1, 02630 Espoo",Espoo,ilmainen
3488360-6,Fixlab Oy,Osakeyhtiö,"Neliökuja 8 C, 04300 Tuusula",Tuusula,ilmainen
3488403-5,Korsun kone oy,Osakeyhtiö,"Korsuntie 200, 77930 Kerkonjoensuu",Kerkonjoensuu,ilmainen
3488483-6,Lapland auto diagnostics & service Oy,Osakeyhtiö,"Jäämerentie 30, 99600 Sodankylä",Sodankylä,ilmainen
3488491-6,RSV Service Oy,Osakeyhtiö,"Kirkkotie 4, 07870 Skinnarby",Skinnarby,ilmainen
3488760-7,ToT Group Oy,Osakeyhtiö,"Alasentie 5 C, 36220 Kangasala",Kangasala,ilmainen
3488761-5,RiMAD Oy,Osakeyhtiö,"Rajavoudinkuja 1 A, 01740 Vantaa",Vantaa,ilmainen
3489516-4,EM Autofiksaamo Oy,Osakeyhtiö,"Nuutisarankatu 22, 33900 Tampere",Tampere,ilmainen
3489720-7,Norfabco Oy,Osakeyhtiö,"Mesimarjatie 5, 94450 Keminmaa",Keminmaa,ilmainen
3489726-6,REDLINE GARAGE OY,Osakeyhtiö,"Harkkoraudantie 10, 00700 Helsinki",Helsinki,ilmainen
3489743-4,KK Huoltoapu oy,Osakeyhtiö,"Sammonkuja 4, 45910 Voikkaa",Voikkaa,ilmainen
3490037-3,MaiFixx Oy,Osakeyhtiö,"Tuhnajantie 646, 97280 Tapio",Tapio,ilmainen
3490482-5,JL Metallityöt Oy,Osakeyhtiö,"Ruistie 1 A, 60320 Seinäjoki",Seinäjoki,ilmainen
3490636-1,Mr. Fix Oy,Osakeyhtiö,"Tikkakalliontie 307, 15820 Lahti",Lahti,ilmainen
3490851-9,Puhtaat Vehkeet Oy,Osakeyhtiö,"Häränkatu 6, 53850 Lappeenranta",Lappeenranta,ilmainen
3490963-4,JKV-Auto Oy,Osakeyhtiö,"Mustamäki 6, 29600 Noormarkku",Noormarkku,ilmainen
3491270-2,AutoEliitti Palvelut Oy,Osakeyhtiö,"Åkerlundinkatu 8, 33100 Tampere",Tampere,ilmainen
3491361-7,Huoltonne Oy,Osakeyhtiö,"Kiertomäenkuja 4 C, 01260 Vantaa",Vantaa,ilmainen
3491586-6,Rautiainen Group Oy,Osakeyhtiö,"Räystäspääskyntie 1 A, 06400 Porvoo",Porvoo,ilmainen
3491964-8,VB Lasi Oy,Osakeyhtiö,"Ojamonharjuntie 6, 08100 Lohja",Lohja,ilmainen
3491990-4,Finmara Oy,Osakeyhtiö,"Karjalankatu 21, 08150 Lohja",Lohja,ilmainen
3492183-6,Regsor fixaamo Oy,Osakeyhtiö,"Rouskutie 1, 90650 Oulu",Oulu,ilmainen
3492348-7,OG Hinaus Oy,Osakeyhtiö,"Saturnuksenkatu 5 A, 11130 Riihimäki",Riihimäki,ilmainen
3492367-1,SS Autopesu Oy,Osakeyhtiö,"Juustenintie 4 B, 00410 Helsinki",Helsinki,ilmainen
3493028-1,ZK-Detailing Oy,Osakeyhtiö,"Katajakatu 12c, 53810 Lappeenranta",Lappeenranta,ilmainen
3493052-1,Hinaus 24 h Lahti Oy,Osakeyhtiö,"Korjaamonkatu 1, 33840 Tampere",Tampere,ilmainen
3493535-7,ES Motor Ab Oy,Osakeyhtiö,"Norrfjärdsvägen 94, 66550 Västerhankmo",Västerhankmo,ilmainen
3493540-2,Auran autopurkaamo ja huolto Oy,Osakeyhtiö,"Riskintie 3, 21380 Aura",Aura,ilmainen
3493717-6,Kesti MotorSports Oy,Osakeyhtiö,"Grönalundsgatan 11, 10600 Tammisaari",Tammisaari,ilmainen
3493909-1,Motors-Pori Oy,Osakeyhtiö,"Riippakoivuntie 9 C, 28600 Pori",Pori,ilmainen
3493914-7,VMS Ajoneuvohuolto Oy,Osakeyhtiö,"Kivistöntie 50, 73100 Lapinlahti",Lapinlahti,ilmainen
3494089-3,Kehä autoasema oy,Osakeyhtiö,"Uutiskuja 1 A, 01770 Vantaa",Vantaa,ilmainen
3494175-7,Lahden Autolämpö Oy,Osakeyhtiö,"Heinämaantie 1292, 15540 Villähde",Villähde,ilmainen
3494299-5,Off-On Autokorjaamo Oy,Osakeyhtiö,"Kytkintie 38, 00770 Helsinki",Helsinki,ilmainen
3494331-4,Veltek Oy,Osakeyhtiö,"Kallentie 10 A, 85410 Sievi",Sievi,ilmainen
3495159-2,VAG Tech Oy,Osakeyhtiö,"Kiitoradantie 7 D, 01530 Vantaa",Vantaa,ilmainen
3495314-1,Kykkänen Motors Oy,Osakeyhtiö,"Albertinkatu 34 C, 03100 Nummela",Nummela,ilmainen
3495499-6,FOHU Oy,Osakeyhtiö,"Matkuntie 36, 31640 Humppila",Humppila,ilmainen
3496105-3,Pohjoisen asennus- ja huolto oy,Osakeyhtiö,"Niemelänmatintie 45 B, 95310 Liedakkala",Liedakkala,ilmainen
3496294-5,Arctic Engineering Oy,Osakeyhtiö,"Pohjantie 227 A, 99600 Sodankylä",Sodankylä,ilmainen
3496405-1,ASK Autohuolto Oy,Osakeyhtiö,"Säkkitie 11 A, 40320 Jyväskylä",Jyväskylä,ilmainen
3496731-6,Heavy Cleaning Services Oy,Osakeyhtiö,"Senkkerin Metsätie 149 C, 04360 Tuusula",Tuusula,ilmainen
3496882-9,Autospec Oy,Osakeyhtiö,"Koikanniementie 1, 54960 Vehkataipale",Vehkataipale,ilmainen
3496990-1,Autolasit23 Oy,Osakeyhtiö,"Ideaparkinkatu 11 C, 37570 Lempäälä",Lempäälä,ilmainen
3497170-2,Kalajoen Autohuolto Oy,Osakeyhtiö,"Ouluntie 11, 85100 Kalajoki",Kalajoki,ilmainen
3497234-2,Lummukka Logistics Oy,Osakeyhtiö,"Siilinpolku 3 A, 04320 Tuusula",Tuusula,ilmainen
3497296-7,Kiiskilän Autohuolto Oy,Osakeyhtiö,"Reisjärventie 931, 85470 Sievi",Sievi,ilmainen
3497527-9,VM-CARe Oy,Osakeyhtiö,"Tietäjäntie 7, 70900 Toivala",Toivala,ilmainen
3498015-8,BM warustelu Oy,Osakeyhtiö,"Seunapolku 6 F, 02780 Espoo",Espoo,ilmainen
3498197-8,Teemun Autotieto Oy,Osakeyhtiö,"Kotkankatu 55, 13220 Hämeenlinna",Hämeenlinna,ilmainen
3498527-4,JM TARKASTUS- JA HUOLTOPALVELU OY,Osakeyhtiö,"Oinaalantie 32, 42300 Jämsänkoski",Jämsänkoski,ilmainen
3498554-9,CM-TECH Oy Ab,Osakeyhtiö,"Kivikkotie 12 C, 07900 Loviisa",Loviisa,ilmainen
3498806-1,Sipiläinen Motorsport Oy,Osakeyhtiö,"Taipaluksentie 9, 60760 Pojanluoma",Pojanluoma,ilmainen
3498990-2,PrimeCoat Oy,Osakeyhtiö,"Vetokuja 4, 01610 Vantaa",Vantaa,ilmainen
3499034-8,Arctic Huolto Oy,Osakeyhtiö,"Lismanaavantie 170, 99540 Torvinen",Torvinen,ilmainen
3499132-4,JM auto Parts Oy,Osakeyhtiö,"Töyryläntie 6, 45910 Voikkaa",Voikkaa,ilmainen
3499161-5,Lamiels Oy,Osakeyhtiö,"Jouttiluomantie 53, 60550 Nurmo",Nurmo,ilmainen
3499596-6,Kiiltävä Kone Oy,Osakeyhtiö,"Kyläsaarenkatu 7 B, 00580 Helsinki",Helsinki,ilmainen
3499619-2,NL Works Oy,Osakeyhtiö,"Varkaantaipaleentie 188b, 52300 Ristiina",Ristiina,ilmainen
3500090-8,Turboathe Oy Ab,Osakeyhtiö,"Raunistulantie 33 B, 20300 Turku",Turku,ilmainen
3500176-7,AX Autohuolto Oy,Osakeyhtiö,"Ahjokatu 26, 40320 Jyväskylä",Jyväskylä,ilmainen
3500653-3,RoyalShine Oy,Osakeyhtiö,"Fredrikinkatu 24 D, 00120 Helsinki",Helsinki,ilmainen
3500776-3,Toivosen Elämysmatkat Oy,Osakeyhtiö,"Kylmälammintie 7, 35540 Juupajoki",Juupajoki,ilmainen
3501419-7,Holkon huolto- ja korjauspalvelut Oy,Osakeyhtiö,"Vöyrinkatu 20 B, 65100 Vaasa",Vaasa,ilmainen
3501726-7,Huoltopiste Alhonen Oy,Osakeyhtiö,"Orikedonkatu 13, 20380 Turku",Turku,ilmainen
3501794-5,Hollolan huoltopalvelu Oy,Osakeyhtiö,"Keskikankaantie 28, 15860 Hollola",Hollola,ilmainen
3502117-8,CUSTOM DUCKS OY,Osakeyhtiö,"Koneenkatu 1, 05830 Hyvinkää",Hyvinkää,ilmainen
3502417-6,Polsunkulman Paja avoin yhtiö,Avoin yhtiö,"Nokkamäentie 278, 32700 Huittinen",Huittinen,ilmainen
3502577-7,Jompen Apu Oy,Osakeyhtiö,"Keippeläntie 6, 92640 Leskelä",Leskelä,ilmainen
3503093-9,Auto ja Konehuolto Lepistö avoin yhtiö,Avoin yhtiö,"Untamalantie 1019, 61440 Untamala",Untamala,ilmainen
3503217-6,Autoneuvos Oy,Osakeyhtiö,"Oikotie 11, 02880 Veikkola",Veikkola,ilmainen
3503280-3,ES Autoasennus Oy,Osakeyhtiö,"Porvoon Sisäkehä 14, 06100 Porvoo",Porvoo,ilmainen
3503323-2,DrivEmotion Oy,Osakeyhtiö,"Keimolanmäentie 11 E, 01700 Vantaa",Vantaa,ilmainen
3503335-5,Salkor Oy,Osakeyhtiö,"Jänismaantie 22, 67800 Kokkola",Kokkola,ilmainen
3503517-4,Autohuolto M247 OY,Osakeyhtiö,"Yrittäjänkatu 5, 45130 Kouvola",Kouvola,ilmainen
3503592-4,GAP Autokorjaamo Oy,Osakeyhtiö,"Mursketie 11, 36220 Kangasala",Kangasala,ilmainen
3503727-6,Auto Karvisa Oy,Osakeyhtiö,"Turuntie 64, 00370 Helsinki",Helsinki,ilmainen
3504203-2,TR-Konehuolto oy,Osakeyhtiö,"Paljasmäentie 27, 39100 Hämeenkyrö",Hämeenkyrö,ilmainen
3504232-3,Vetolasi Oy,Osakeyhtiö,"Löötinkuja 2 B, 04130 Sipoo",Sipoo,ilmainen
3504444-1,Glomotors Oy,Osakeyhtiö,"Veikkarinkatu 1, 05840 Hyvinkää",Hyvinkää,ilmainen
3504735-1,Hapu Service Oy,Osakeyhtiö,"Koppisentie 42, 11910 Riihimäki",Riihimäki,ilmainen
3504778-1,ATS Autohuolto Linnainmaa Oy,Osakeyhtiö,"Alimaantie 183, 14200 Turenki",Turenki,ilmainen
3505183-6,KubiFix Oy,Osakeyhtiö,"Keimolanmäentie 11 B, 01700 Vantaa",Vantaa,ilmainen
3505281-2,MCFIX OY,Osakeyhtiö,"Kaasutintie 31, 00770 Helsinki",Helsinki,ilmainen
3505310-2,AH moottori ja osa Oy,Osakeyhtiö,"Raatalantie 140, 25320 Raatala",Raatala,ilmainen
3505410-5,FixitPro Oy,Osakeyhtiö,"Tallitie 6, 86600 Haapavesi",Haapavesi,ilmainen
3505478-9,Z & S Autofix Oy,Osakeyhtiö,"Puistotie 44 as., 04420 Järvenpää",Järvenpää,ilmainen
3505735-7,Juke Raskashuolto Oy,Osakeyhtiö,"Valurinkatu 9, 20360 Turku",Turku,ilmainen
3505759-2,RT AUTOASENNUS & CUSTOMOINTI OY,Osakeyhtiö,"Ryttyläntie 15 A, 12310 Ryttylä",Ryttylä,ilmainen
3505911-7,Lapin Liikkuvat Korjaamopalvelut Oy,Osakeyhtiö,"Kivitie 18, 99100 Kittilä",Kittilä,ilmainen
3505968-6,Lohjan Autostudio Oy,Osakeyhtiö,"Hemmolankatu 21, 08150 Lohja",Lohja,ilmainen
3506027-3,JT AutoService Oy,Osakeyhtiö,"Hirviöntie 9 A, 21555 Taatila",Taatila,ilmainen
3506116-1,Pulkki Group Oy,Osakeyhtiö,"Timperintie 7, 21570 Sauvo",Sauvo,ilmainen
3506255-1,Pahikset Oy,Osakeyhtiö,"Helvintie 26, 85100 Kalajoki",Kalajoki,ilmainen
3506263-1,Automaalaamo Parviainen Oy,Osakeyhtiö,"Kampikuja 6, 78200 Varkaus",Varkaus,ilmainen
3506324-7,FAD COMPANY Oy,Osakeyhtiö,"Sorvankaari 9 A, 01900 Nurmijärvi",Nurmijärvi,ilmainen
3506347-4,Pikafix Oy,Osakeyhtiö,"Walliksentie 1 A, 67600 Kokkola",Kokkola,ilmainen
3506500-7,KN Motors Oy,Osakeyhtiö,"Kauppakatu 22 A, 53100 Lappeenranta",Lappeenranta,ilmainen
3506839-8,S. R. S. CAR SERVICE Oy,Osakeyhtiö,"Kilvoituksentie 7 A, 02360 Espoo",Espoo,ilmainen
3507939-6,Carboat oy,Osakeyhtiö,"Rajatie 21, 27150 Eurajoki",Eurajoki,ilmainen
3508087-2,EJ-Autotyö Oy,Osakeyhtiö,"Takatie 10, 90440 Kempele",Kempele,ilmainen
3508135-7,Seppo Puska Ky,Kommandiittiyhtiö,"Huutoniementie 39, 65320 Vaasa",Vaasa,ilmainen
3508178-7,Automaakarit Oy,Osakeyhtiö,"Hongistontie 5, 21230 Lemu",Lemu,ilmainen
3508405-6,Anderssons Bil och Service Ab,Osakeyhtiö,"Eckerövägen 719, 22270 Eckerö",Eckerö,ilmainen
3508742-5,HH AutoTech Oy,Osakeyhtiö,"Oravanpolku 2, 37100 Nokia",Nokia,ilmainen
3508883-1,MV Huolto ja korjaus Oy,Osakeyhtiö,"Nuottatie 3, 93600 Kuusamo",Kuusamo,ilmainen
3508984-2,Raskashuolto D. Uusitalo Oy,Osakeyhtiö,"Majantie 12, 29600 Noormarkku",Noormarkku,ilmainen
3509037-6,AutoTech Diagnostics Oy,Osakeyhtiö,"Mäkisentie 55, 04500 Kellokoski",Kellokoski,ilmainen
3509039-2,Ruotsalon Huoltopiste Oy,Osakeyhtiö,"Pohjoismäentie 66, 68320 Ruotsalo",Ruotsalo,ilmainen
3509067-5,A. Pyykkö Oy,Osakeyhtiö,"Pulesjärventie 708, 33680 Tampere",Tampere,ilmainen
3509151-2,Make Motors Oy,Osakeyhtiö,"Viitamäentie 2, 63610 Tuuri",Tuuri,ilmainen
3509472-1,RigFix Oy,Osakeyhtiö,"Pääkkösentie 59, 38200 Sastamala",Sastamala,ilmainen
3510078-1,H Huolto Oy,Osakeyhtiö,"Kurusenkuja 8, 32700 Huittinen",Huittinen,ilmainen
3510107-1,Jokimies Services Oy,Osakeyhtiö,"Muurikkalantie 1104, 49730 Muurikkala",Muurikkala,ilmainen
3510249-6,Habbal Brothers Oy,Osakeyhtiö,"Oppipojantie 13, 04500 Kellokoski",Kellokoski,ilmainen
3510314-9,Garage SF-Cars Oy,Osakeyhtiö,"Rattipolku 1 A, 45360 Valkeala",Valkeala,ilmainen
3510429-9,MAC Autohuolto Oy,Osakeyhtiö,"Kaarikuja 4, 04500 Kellokoski",Kellokoski,ilmainen
3510527-5,Jokalasi Oy,Osakeyhtiö,"Elopellontie 1 K, 33470 Ylöjärvi",Ylöjärvi,ilmainen
3511221-3,BX-Motors Oy,Osakeyhtiö,"Varastotie 4 D, 40250 Jyväskylä",Jyväskylä,ilmainen
3511321-6,EZ Group Oy,Osakeyhtiö,"Maratontie 4, 04360 Tuusula",Tuusula,ilmainen
3511422-7,Lahden Laatuhuolto Oy,Osakeyhtiö,"Saksalankatu 28, 15100 Lahti",Lahti,ilmainen
3511423-5,Autohuolto K-Mec Oy,Osakeyhtiö,"Kirrinmäki 4, 40270 Palokka",Palokka,ilmainen
3512275-3,MOI Group Oy,Osakeyhtiö,"Kytkintie 38, 00770 Helsinki",Helsinki,ilmainen
3512635-9,JJPP-Service Oy,Osakeyhtiö,"Pihatörmä 1, 02240 Espoo",Espoo,ilmainen
3512661-5,Autohuolto J. Luhtaniemi Oy,Osakeyhtiö,"Piiraalanperäntie 51 A, 88200 Otanmäki",Otanmäki,ilmainen
3512815-1,SH Performance Oy,Osakeyhtiö,"Ulakatu 5, 96300 Rovaniemi",Rovaniemi,ilmainen
3512823-1,Auto HVTC Oy,Osakeyhtiö,"Kylänraitti 12, 11710 Riihimäki",Riihimäki,ilmainen
3513084-1,Paintbuddy Oy,Osakeyhtiö,"Haagankallio 2, 02580 Siuntio",Siuntio,ilmainen
3513249-2,Tähtihuolto Oy,Osakeyhtiö,"Linnanherrankuja 3 B, 00950 Helsinki",Helsinki,ilmainen
3513283-9,Aulangon Autokorjaamo Oy,Osakeyhtiö,"Ilamontie 65, 13900 Pekola",Pekola,ilmainen
3513568-5,Heidix Oy,Osakeyhtiö,"Keltasafiirinpolku 3 E, 01700 Vantaa",Vantaa,ilmainen
3513780-8,Lempäälän Automaalaamo Oy,Osakeyhtiö,"Marjamäentie 21 H, 37570 Lempäälä",Lempäälä,ilmainen
3514560-5,Autopalvelu Kotka Oy,Osakeyhtiö,"Jousitie 10 E, 06150 Porvoo",Porvoo,ilmainen
3514638-4,RaDiKoM Oy,Osakeyhtiö,"Teuvantie 667, 66360 Kesti",Kesti,ilmainen
3514929-4,KaikMän Oy,Osakeyhtiö,"Ihamuotilantie 46, 20460 Turku",Turku,ilmainen
3514987-6,Kehän Auto Center Oy,Osakeyhtiö,"Lampputie 12 B, 00750 Helsinki",Helsinki,ilmainen
3515449-9,Lempi Auto Oy,Osakeyhtiö,"Koiranojanrinne 6 D, 33880 Lempäälä",Lempäälä,ilmainen
3515698-8,KR Autofixit Oy,Osakeyhtiö,"Kaakkoiskaari 18 A, 53500 Lappeenranta",Lappeenranta,ilmainen
3515741-1,Satakunnan auto-ja rengaspalvelu Oy,Osakeyhtiö,"Hyväntuulentie 51, 28200 Pori",Pori,ilmainen
3515956-4,Paiser OY,Osakeyhtiö,"Ilvolankatu 36 A, 74120 Iisalmi",Iisalmi,ilmainen
3516179-5,Autokorjaamo Konehuone Oy,Osakeyhtiö,"Mäkelä-Haavistontie 477, 34110 Lakiala",Lakiala,ilmainen
3516335-2,RoFixCar Oy,Osakeyhtiö,"Ruokosuontie 21, 21250 Masku",Masku,ilmainen
3516363-5,RMH Asennus Oy,Osakeyhtiö,"Kuokkalammintie 196, 55800 Imatra",Imatra,ilmainen
3516380-3,Smart Group Oy,Osakeyhtiö,"Husbackankuja 8 B, 01610 Vantaa",Vantaa,ilmainen
3516398-5,Motor Solutions Oy,Osakeyhtiö,"Koivukuja 6, 51200 Kangasniemi",Kangasniemi,ilmainen
3517242-7,TL-FIX Ky,Kommandiittiyhtiö,"Paloseläntie 173, 51440 Vuojalahti",Vuojalahti,ilmainen
3517585-5,West Coast Custom Oy,Osakeyhtiö,"Kuusamantie 8, 28660 Pori",Pori,ilmainen
3517612-9,JRT GARAGE avoin yhtiö,Avoin yhtiö,"Kaivontekijänkatu 3, 39500 Ikaalinen",Ikaalinen,ilmainen
3517884-5,Muuramen Autohuolto ja Korjaamo Oy,Osakeyhtiö,"Katteluksentie 98, 42140 Juokslahti",Juokslahti,ilmainen
3518176-1,Kone ja Autosähkö Hörkkö Oy,Osakeyhtiö,"Välitie 27, 20660 Littoinen",Littoinen,ilmainen
3518365-2,Arctic Caravan Service Oy,Osakeyhtiö,"Linnunrata 30 C, 90440 Kempele",Kempele,ilmainen
3518581-8,GlossGarage Oy,Osakeyhtiö,"Gerbyntie 22, 65230 Vaasa",Vaasa,ilmainen
3518629-8,Savon Autokorjaamo Oy,Osakeyhtiö,"Sulapuronkatu 4, 33700 Tampere",Tampere,ilmainen
3518793-6,Work invest oy,Osakeyhtiö,"Mäyrä 3, 41310 Leppävesi",Leppävesi,ilmainen
1026802-7,Sevifix Oy,Osakeyhtiö,"Paksuniementie 11, 80230 Joensuu",Joensuu,ilmainen
1026858-8,Pannujärven Auto Oy,Osakeyhtiö,"Lintulantie 25, 16900 Lammi",Lammi,ilmainen
1028623-3,Helsingin Konehuolto Oy,Osakeyhtiö,"Vanhankylän Koulutie 180, 04390 Jäniksenlinna",Jäniksenlinna,ilmainen
1028638-0,Tefoma Oy Ab,Osakeyhtiö,"Åndalsnesinkatu 8, 64100 Kristiinankaupunki",Kristiinankaupunki,ilmainen
1029255-3,Oy Truck Colours Finland Ab,Osakeyhtiö,"Rajamaankaari 17 G, 02970 Espoo",Espoo,ilmainen
1030546-5,Jämijärven Automaalaamo Oy,Osakeyhtiö,"Ikaalistentie 102, 38800 Jämijärvi",Jämijärvi,ilmainen
1030595-9,Mikkelin Autopuhdistus Ky,Kommandiittiyhtiö,"Johtokatu 3, 50130 Mikkeli",Mikkeli,ilmainen
1031495-1,Laukkanen Yhtiöt Oy,Osakeyhtiö,"Konttitie 5, 88300 Paltamo",Paltamo,ilmainen
1031585-8,Trukkihuolto H. Neuvonen Oy,Osakeyhtiö,"Saarikoskentie 191, 92430 Paavola",Paavola,ilmainen
1031776-5,Finmux Oy,Osakeyhtiö,"Porttimäentie 14, 03400 Vihti",Vihti,ilmainen
3518931-7,EasyPesu Oy,Osakeyhtiö,"Topinkuja 3, 91800 Tyrnävä",Tyrnävä,ilmainen
3519266-3,Pukkilan Traktorihuolto Oy,Osakeyhtiö,"Töyryläntie 111, 07560 Pukkila",Pukkila,ilmainen
3519519-4,Vakules Oy,Osakeyhtiö,"Lehtikallio 4 B, 01640 Vantaa",Vantaa,ilmainen
3519579-2,Autokorjaamo Nietula Oy,Osakeyhtiö,"Makkaratie 344, 85580 Nivala",Nivala,ilmainen
3520261-4,PK Caravanpalvelut Oy,Osakeyhtiö,"Kylmämäentie 5 lh., 70800 Kuopio",Kuopio,ilmainen
3520312-3,Tarun autohuolto oy,Osakeyhtiö,"Tuomaalantie 57, 55100 Imatra",Imatra,ilmainen
3520512-9,Kuopion Autocare Oy,Osakeyhtiö,"Oppipojankuja 8, 70780 Kuopio",Kuopio,ilmainen
3520622-8,Pirkanmaan Autotekniikka Oy,Osakeyhtiö,"Rantatie 1, 39100 Hämeenkyrö",Hämeenkyrö,ilmainen
3520935-7,Autolukkotaiturit Oy,Osakeyhtiö,"Satakunnantie 100, 20300 Turku",Turku,ilmainen
3521092-1,Varsinais-Suomen Autosähkö Oy,Osakeyhtiö,"Kulkuripellontie 1, 21420 Lieto",Lieto,ilmainen
3521435-9,Black Swan Drift Team Oy,Osakeyhtiö,"Nuottaruoho 5, 40250 Jyväskylä",Jyväskylä,ilmainen
3521436-7,CAR-EXPERT OY,Osakeyhtiö,"Alakyläntie 31, 45100 Kouvola",Kouvola,ilmainen
3521441-2,Huoltopalvelu Ekroos Oy,Osakeyhtiö,"Lukkarilantie 1201, 71960 Lukkarila",Lukkarila,ilmainen
3521473-8,Timlux Oy,Osakeyhtiö,"Huvituskuja 9, 91800 Tyrnävä",Tyrnävä,ilmainen
3522116-1,Mikail Autopesu Oy,Osakeyhtiö,"Kytkintie 7, 00770 Helsinki",Helsinki,ilmainen
3522129-2,Ylämyllyn Auto- ja Konekorjaamo Oy,Osakeyhtiö,"Toivontie 8, 80400 Ylämylly",Ylämylly,ilmainen
3522452-2,Asennus Marjamäki Oy,Osakeyhtiö,"Pihlajakuja 10, 52700 Mäntyharju",Mäntyharju,ilmainen
3522721-3,Oulu Custom Bike Oy,Osakeyhtiö,"Kuusamontie 2495, 90900 Kiiminki",Kiiminki,ilmainen
3522884-9,KS Garage Oy,Osakeyhtiö,"Suvialankaari 9 A, 33400 Tampere",Tampere,ilmainen
3523377-9,KH Autotek Oy,Osakeyhtiö,"Lepikontie 7, 96100 Rovaniemi",Rovaniemi,ilmainen
3523393-9,From Engineering Oy,Osakeyhtiö,"Kaijalantie 24 A, 28300 Pori",Pori,ilmainen
3523559-8,HuoltoRaKo Oy,Osakeyhtiö,"Kuurnankatu 34, 80100 Joensuu",Joensuu,ilmainen
3523594-2,Konehuolto Sarmala Oy,Osakeyhtiö,"Keskustie 3 A, 19700 Sysmä",Sysmä,ilmainen
3523672-6,Raskaankalustonhuolto Salmivuori Oy,Osakeyhtiö,"Härkämäentie 1, 29630 Pomarkku",Pomarkku,ilmainen
3523794-8,Liikkuva autokorjaaja Oy,Osakeyhtiö,"Suotie 8-10 A, 41500 Hankasalmi As",Hankasalmi As,ilmainen
3523853-7,Elitewash Oy,Osakeyhtiö,"Lautamiehentie 3, 02770 Espoo",Espoo,ilmainen
3523909-7,Helppohuolto Oy,Osakeyhtiö,"Kokonmäentie 41, 71800 Siilinjärvi",Siilinjärvi,ilmainen
3523991-9,Autohold Salo Oy,Osakeyhtiö,"Savenvalajankatu 3, 24260 Salo",Salo,ilmainen
3524195-5,Juhannuskoivu Oy,Osakeyhtiö,"Iiskolantie 13, 52920 Voikoski",Voikoski,ilmainen
3524415-2,Seinäjoen Autovarustelu Oy,Osakeyhtiö,"Keksijäntie 7, 60100 Seinäjoki",Seinäjoki,ilmainen
3524474-2,BMK Service Oy,Osakeyhtiö,"Järvihaantie 10 C, 01800 Klaukkala",Klaukkala,ilmainen
3524578-8,PJ Autofiksi Oy,Osakeyhtiö,"Linnunrata 27 as., 90440 Kempele",Kempele,ilmainen
3524869-8,FI MOTORS OY,Osakeyhtiö,"Jarrutie 12, 00770 Helsinki",Helsinki,ilmainen
3525234-7,JOSA AUTOHUOLTO OY,Osakeyhtiö,"Leppäkorventie 157, 19700 Sysmä",Sysmä,ilmainen
3525330-7,Autopesumestarit avoin yhtiö,Avoin yhtiö,"Muovitie 16, 33470 Ylöjärvi",Ylöjärvi,ilmainen
3525779-7,Vaihteistoykköset Oy,Osakeyhtiö,"Metsäkyläntie 279, 01810 Luhtajoki",Luhtajoki,ilmainen
3525835-1,CITY VARAOSA OY,Osakeyhtiö,"Alakyläntie 31, 45100 Kouvola",Kouvola,ilmainen
3525870-6,K-S Autodetailing Oy,Osakeyhtiö,"Saarikonrinne 42, 40950 Muurame",Muurame,ilmainen
3526017-9,Autohuolto Vyyryläinen Oy,Osakeyhtiö,"Repolankuja 16, 21270 Nousiainen",Nousiainen,ilmainen
3526018-7,Puto Oy,Osakeyhtiö,"Antinkatu 3 D, 00100 Helsinki",Helsinki,ilmainen
3526338-8,RMK Group Oy,Osakeyhtiö,"Vähäsuonmäentie 11, 27510 Eura",Eura,ilmainen
3526414-5,A-Talli Oy,Osakeyhtiö,"Haajaistentie 293, 74160 Iisalmi",Iisalmi,ilmainen
3526778-4,EVMS-Environmental Solutions Oy,Osakeyhtiö,"Huvilakatu 26 B, 80200 Joensuu",Joensuu,ilmainen
3527329-5,ProSpaces Oy,Osakeyhtiö,"Koudantie 15 B, 00760 Helsinki",Helsinki,ilmainen
3527686-7,MeikkiHub Oy,Osakeyhtiö,"Tervasuontie 2, 03100 Nummela",Nummela,ilmainen
3528319-4,APK-Yhtiöt Oy,Osakeyhtiö,"Luutatehtaantie 2, 91910 Tupos",Tupos,ilmainen
3528384-8,ELKAR Mecanor Oy,Osakeyhtiö,"Santaradantie 7 E, 01370 Vantaa",Vantaa,ilmainen
3528630-1,Vikavapaa Oy,Osakeyhtiö,"Lyhtykuja 6 A, 00750 Helsinki",Helsinki,ilmainen
3529424-8,DT Professional Service Oy,Osakeyhtiö,"Kisällinkatu 19, 70780 Kuopio",Kuopio,ilmainen
3529600-8,Koncar Autohuolto Oy,Osakeyhtiö,"Kuhmontie 1, 44300 Konnevesi",Konnevesi,ilmainen
3529682-5,Satakampi Oy,Osakeyhtiö,"Alhonmäenkatu 24, 38700 Kankaanpää",Kankaanpää,ilmainen
3529788-7,Itis autokorjaamo oy,Osakeyhtiö,"Linnanherrankuja 3 C, 00950 Helsinki",Helsinki,ilmainen
3529806-2,Hertsin garage Oy,Osakeyhtiö,"Laippatie 17, 00880 Helsinki",Helsinki,ilmainen
3529847-6,LEVEL Autopalvelu Oy,Osakeyhtiö,"Sulantie 14 J, 04300 Tuusula",Tuusula,ilmainen
3530126-8,AKG Ab,Osakeyhtiö,"Veikarsvägen 966, 66520 Veikkaala",Veikkaala,ilmainen
3530469-6,3StepDetailing Ky,Kommandiittiyhtiö,"Pakilantie 76 A, 00660 Helsinki",Helsinki,ilmainen
3530747-5,E. T. Garage Oy,Osakeyhtiö,"Reharinteentie 53, 12400 Tervakoski",Tervakoski,ilmainen
3530856-6,VMR Monitoimi Oy,Osakeyhtiö,"Normannikuja 6 D, 01200 Vantaa",Vantaa,ilmainen
3531738-2,Aluspinnoite Oy,Osakeyhtiö,"Konsantie 15a, 21260 Raisio",Raisio,ilmainen
3531809-4,AS76 OY,Osakeyhtiö,"Hannuksenpelto 2 B, 02270 Espoo",Espoo,ilmainen
1713395-0,Oy Tom & Tom Ab,Osakeyhtiö,"Hammarvägen 7, 65350 Vaasa",Vaasa,ilmainen
1714055-2,Ab Bilelektra Oy,Osakeyhtiö,"Kållbyvägen 650, 68600 Pietarsaari",Pietarsaari,ilmainen
1717654-7,Auto-Uuttera Oy,Osakeyhtiö,"Veneentekijäntie 12, 00210 Helsinki",Helsinki,ilmainen
1722503-8,Kanniston Autolasipalvelu Oy,Osakeyhtiö,"Lehtikatu 18, 33340 Tampere",Tampere,ilmainen
3532289-4,Mustalahti Service Oy,Osakeyhtiö,"Kalastajantie 9, 39200 Kyröskoski",Kyröskoski,ilmainen
3532474-2,Vilkut Oy,Osakeyhtiö,"Yrittäjäkatu 3, 39700 Parkano",Parkano,ilmainen
3532618-2,Nordicautocraft Oy,Osakeyhtiö,"Karsikkokuja 6 A, 01360 Vantaa",Vantaa,ilmainen
3532653-7,Lasiturva Oy,Osakeyhtiö,"Kosmoksenkatu 2 A, 37140 Nokia",Nokia,ilmainen
3533260-3,M.I&S Palvelut Oy,Osakeyhtiö,"Kiukkulantie 9, 50600 Mikkeli",Mikkeli,ilmainen
3533401-9,CarHelp Korjaamot OY,Osakeyhtiö,"Sillankulma 15, 02480 Kirkkonummi",Kirkkonummi,ilmainen
3533923-1,Korifix Oy,Osakeyhtiö,"Sitomokuja 6 A, 21200 Raisio",Raisio,ilmainen
3535008-6,SK Customs & Paint Oy,Osakeyhtiö,"Hannulantie 93, 30100 Forssa",Forssa,ilmainen
3535376-2,RoiCar Oy,Osakeyhtiö,"Kuusistontie 4 A, 96900 Saarenkylä",Saarenkylä,ilmainen
3535388-5,AnsioTech Oy,Osakeyhtiö,"Kuokkalammintie 212, 55800 Imatra",Imatra,ilmainen
3535758-7,Jomi Car Oy,Osakeyhtiö,"Juvan Teollisuuskatu 8, 02920 Espoo",Espoo,ilmainen
3536067-1,Maestro Motors Oy,Osakeyhtiö,"Seljankuja 3, 04260 Kerava",Kerava,ilmainen
3536085-8,Kivenlahden Autokorjaamo Oy,Osakeyhtiö,"Tillinmäentie 3 A, 02330 Espoo",Espoo,ilmainen
3536264-2,Myrskylän Autokorjaamo Oy,Osakeyhtiö,"Ylöstalontie 9 A, 07600 Myrskylä",Myrskylä,ilmainen
3536472-8,IJTwork Oy,Osakeyhtiö,"Aallopintie 9, 41310 Leppävesi",Leppävesi,ilmainen
3536655-5,ARA Group Oy,Osakeyhtiö,"Pratikankuja 2, 01900 Nurmijärvi",Nurmijärvi,ilmainen
3536691-8,Greenox Oy,Osakeyhtiö,"Kalkun Viertotie 2 A, 33330 Tampere",Tampere,ilmainen
3536913-1,Hawk Company Oy,Osakeyhtiö,"Minkkitie 16 B, 01450 Vantaa",Vantaa,ilmainen
3537244-5,Kohvakan Autohuolto Oy,Osakeyhtiö,"Raunilantie 1, 41340 Laukaa",Laukaa,ilmainen
3537272-8,Auto Shine lempäälä oy,Osakeyhtiö,"Kraatarinkuja 5, 37500 Lempäälä",Lempäälä,ilmainen
3537418-4,Al-Obaidi Autohuolto Oy,Osakeyhtiö,"Hannuksenpelto 8 B, 02270 Espoo",Espoo,ilmainen
3537780-1,To Autogroup Oy,Osakeyhtiö,"Porvoonkatu 3 B, 04200 Kerava",Kerava,ilmainen
3537974-3,Mesta Auto Oy,Osakeyhtiö,"Sulantie 28 A, 04300 Tuusula",Tuusula,ilmainen
3538449-7,URK Autohuolto Oy,Osakeyhtiö,"Takoraudantie 3, 00700 Helsinki",Helsinki,ilmainen
3539420-6,Ekodrive Oy,Osakeyhtiö,"Isonkiventie 13e, 04250 Kerava",Kerava,ilmainen
3539836-2,KM Detailing Oy,Osakeyhtiö,"Vapaudenkatu 62 A, 40100 Jyväskylä",Jyväskylä,ilmainen
3539886-4,Tule Pesulle oy,Osakeyhtiö,"Rääkänkatu 11, 05810 Hyvinkää",Hyvinkää,ilmainen
3540449-4,Autohuolto Vehmainen Oy,Osakeyhtiö,"Rasulankatu 7 A, 33730 Tampere",Tampere,ilmainen
3541079-8,ET-Autohuolto Oy,Osakeyhtiö,"Lampputie 1, 00740 Helsinki",Helsinki,ilmainen
3541425-4,Autohuolto T.Pispala Oy,Osakeyhtiö,"Pekontie 1, 01900 Nurmijärvi",Nurmijärvi,ilmainen
3541613-7,T-Car Oy,Osakeyhtiö,"Metsolantie 7, 59800 Kesälahti",Kesälahti,ilmainen
3541711-3,Kiili Car Service Oy,Osakeyhtiö,"Koukkurannankatu 5 B, 33870 Tampere",Tampere,ilmainen
3541911-9,V8 Auto huolto Oy,Osakeyhtiö,"Läntinen Teollisuuskatu 23 A, 02920 Espoo",Espoo,ilmainen
3541972-5,Ab Autokorjaamo Kanor Oy,Osakeyhtiö,"Poronkatu 10-12 D, 53850 Lappeenranta",Lappeenranta,ilmainen
3543926-7,Kermik Oy,Osakeyhtiö,"Pajakaarre 12, 89400 Hyrynsalmi",Hyrynsalmi,ilmainen
3543942-7,Oma HP Oy,Osakeyhtiö,"Tampereen Valtatie 106, 20360 Turku",Turku,ilmainen
3544095-4,T&S Car Service,Osakeyhtiö,"Teollisuustie 40 H, 96320 Rovaniemi",Rovaniemi,ilmainen
3544170-3,Raskashuolto M.Salminen Oy,Osakeyhtiö,"Teerenkuja 3, 08500 Lohja",Lohja,ilmainen
3544211-6,Klaukkalan Autohuoltokeskus Oy,Osakeyhtiö,"Yrittäjäntie 5, 01800 Klaukkala",Klaukkala,ilmainen
3544233-5,Karu Garage Oy,Osakeyhtiö,"Palokankaantie 36, 95530 Tornio",Tornio,ilmainen
3544255-4,Arctic Filter Cleaning Oy,Osakeyhtiö,"Ulakatu 5, 96300 Rovaniemi",Rovaniemi,ilmainen
3544385-6,DS-Automaalaus Oy,Osakeyhtiö,"Metsärinne 2 G, 04220 Kerava",Kerava,ilmainen
3544571-2,Eetu touhuu Oy,Osakeyhtiö,"Tuotekatu 6, 21200 Raisio",Raisio,ilmainen
3544575-5,E-SERVICE OY,Osakeyhtiö,"Piikkeenniementie 1, 59800 Kesälahti",Kesälahti,ilmainen
3544598-2,Kauten Oy,Osakeyhtiö,"Kankurinkuja 6, 11710 Riihimäki",Riihimäki,ilmainen
3544872-9,DL Fix Oy,Osakeyhtiö,"Hernetie 4 C, 01300 Vantaa",Vantaa,ilmainen
3544933-4,Revive Motors Oy,Osakeyhtiö,"Otavantie 7 D, 01450 Vantaa",Vantaa,ilmainen
3545344-8,Race World oy,Osakeyhtiö,"Teollisuuskatu 26, 05800 Hyvinkää",Hyvinkää,ilmainen
3545359-5,Maxi's Garage Oy,Osakeyhtiö,"Linjatie 1, 28430 Pori",Pori,ilmainen
3545705-1,Suni Master Oy,Osakeyhtiö,"Kalliopellonkatu 1 A, 53850 Lappeenranta",Lappeenranta,ilmainen
3545886-3,Terävän Metalli Oy,Osakeyhtiö,"Varikkotie 4, 06150 Porvoo",Porvoo,ilmainen
3546589-5,JTT Sijoitus Oy,Osakeyhtiö,"Palokatu 7, 74700 Kiuruvesi",Kiuruvesi,ilmainen
3546882-6,Bildo auto&rakennus Oy,Osakeyhtiö,"Rajakorventie 112, 90440 Kempele",Kempele,ilmainen
3546895-7,KSEH Oy,Osakeyhtiö,"Viitasaarentie 781, 43100 Saarijärvi",Saarijärvi,ilmainen
3547040-8,Dead End Engineering Oy,Osakeyhtiö,"Pysäkkitie 69, 95460 Tornio",Tornio,ilmainen
3547177-7,Besu Oy,Osakeyhtiö,"Seppelkatu 9 A, 20720 Turku",Turku,ilmainen
3547353-7,Marone Oy,Osakeyhtiö,"Rauhanpellontie 2, 07560 Pukkila",Pukkila,ilmainen
3547369-2,Automaalaamo M&N oy,Osakeyhtiö,"Pankonkatu 2, 94700 Kemi",Kemi,ilmainen
3547454-8,FINTAJ-AUTO89 Oy,Osakeyhtiö,"Kauppakartanonkuja 3 D, 00930 Helsinki",Helsinki,ilmainen
3547698-1,PE-TE Autohuolto Oy,Osakeyhtiö,"Ouluntie 187, 74160 Iisalmi",Iisalmi,ilmainen
3547991-2,HA Sähkö & Auto Ab Oy,Osakeyhtiö,"Gärdesvägen 14, 67600 Kokkola",Kokkola,ilmainen
3548084-1,NT Pesu Oy,Osakeyhtiö,"Vaakamestarinpolku 2 E, 00750 Helsinki",Helsinki,ilmainen
3548606-3,Hakamaa-yhtiöt Oy,Osakeyhtiö,"Yliskyläntie 213, 39700 Parkano",Parkano,ilmainen
3549244-7,Konehuolto Tuomenharju Oy,Osakeyhtiö,"Nykullantie 166, 03400 Vihti",Vihti,ilmainen
3549439-7,Espoon Super Palvelu Oy,Osakeyhtiö,"Liisankuja 4 A, 02230 Espoo",Espoo,ilmainen
3549819-5,EMT Palvelut Oy,Osakeyhtiö,"Honka-Ahontie 3, 51520 Hiirola",Hiirola,ilmainen
3549841-9,ML-konehuolto oy,Osakeyhtiö,"Kaunokkikuja 7, 51900 Juva",Juva,ilmainen
3550078-5,Kuijasvaaran Huoltopalvelut Oy,Osakeyhtiö,"Kuijasjoentie 192, 95690 Mellakoski",Mellakoski,ilmainen
3550465-5,V232V Auto Moto Korjaamo Oy,Osakeyhtiö,"Kimalaisentie 4 B, 01490 Vantaa",Vantaa,ilmainen
3550684-5,Autohuolto Mikkola Oy,Osakeyhtiö,"Ojantie 37, 28130 Pori",Pori,ilmainen
3550866-4,OS-Motors Oy,Osakeyhtiö,"Himangantie 730, 69100 Kannus",Kannus,ilmainen
3550897-1,Damian EK Oy,Osakeyhtiö,"Hiilloskuja 5 D, 00370 Helsinki",Helsinki,ilmainen
3551042-2,Toni2 Oy,Osakeyhtiö,"Keskuskatu 5 A, 48100 Kotka",Kotka,ilmainen
3551519-4,JN auto- ja konehuolto Oy,Osakeyhtiö,"Ämmänpääntie 40, 91300 Ylikiiminki",Ylikiiminki,ilmainen
3551782-7,HM Huoltopalvelu Oy,Osakeyhtiö,"Urajärvenraitti 11 B, 47400 Kausala",Kausala,ilmainen
3552379-2,Kuorma-autokorjaamo Mäkelä Oy,Osakeyhtiö,"Jokilevonkatu 10, 32700 Huittinen",Huittinen,ilmainen
3552720-8,Uudenmaan-Laatuhuolto Oy,Osakeyhtiö,"Rapuojanpolku 33, 04840 Hautjärvi",Hautjärvi,ilmainen
3553158-1,Peli Fix Oy,Osakeyhtiö,"Palokankaantie 11, 40320 Jyväskylä",Jyväskylä,ilmainen
3553514-4,M&K-työt Oy,Osakeyhtiö,"Kaurajärventie 2039, 62395 Petterinmäki",Petterinmäki,ilmainen
3553959-1,Sokojan Autohuolto Oy,Osakeyhtiö,"Mesibackantie 72 B, 67500 Kokkola",Kokkola,ilmainen
3554106-9,VK Tech Oy,Osakeyhtiö,"Ervastinkyläntie 7, 90470 Varjakka",Varjakka,ilmainen
3554138-4,Check Engine Group Oy,Osakeyhtiö,"Halmetie 7 H, 00730 Helsinki",Helsinki,ilmainen
3554473-7,Konepaja Känsäkoski Oy,Osakeyhtiö,"Isokalliontie 18, 69600 Kaustinen",Kaustinen,ilmainen
3554943-1,LoistoLoota Oy,Osakeyhtiö,"Eino Leinon Katu 27, 13130 Hämeenlinna",Hämeenlinna,ilmainen
3554971-4,JBS Service Oy,Osakeyhtiö,"Pikkulantie 9 A, 85100 Kalajoki",Kalajoki,ilmainen
3555088-9,PRMP Autohuolto Oy,Osakeyhtiö,"Kastellinpolku 6 B, 00970 Helsinki",Helsinki,ilmainen
3555288-4,FastGlass oy,Osakeyhtiö,"Kemiankatu 1 F, 33720 Tampere",Tampere,ilmainen
3555312-3,Auto- ja Konehuolto Jokinen Oy,Osakeyhtiö,"Haapakuja 5, 29570 Söörmarkku",Söörmarkku,ilmainen
3555746-6,PikkuFix Oy,Osakeyhtiö,"Harapaisentie 55, 53500 Lappeenranta",Lappeenranta,ilmainen
3555748-2,R autofiksaus Oy,Osakeyhtiö,"Rengastie 3, 60120 Seinäjoki",Seinäjoki,ilmainen
3555911-1,MM CAR SERVICE Oy,Osakeyhtiö,"Kallisenhaara 3, 90400 Oulu",Oulu,ilmainen
3555949-6,JM Auto ja Metalli Oy,Osakeyhtiö,"Saamaislahdentie 5, 70420 Kuopio",Kuopio,ilmainen
3556161-7,Konstan Tiimi Oy,Osakeyhtiö,"Kalliomäenkaari 33 A, 01150 Söderkulla",Söderkulla,ilmainen
3556775-2,Tuusulan Höyrypesupalvelu Oy,Osakeyhtiö,"Isonkivenkuja 2 F, 04300 Tuusula",Tuusula,ilmainen
3556860-8,ValmisFix Oy,Osakeyhtiö,"Lairolantie 20, 24910 Halikko As",Halikko As,ilmainen
3557019-3,JA TECH OY,Osakeyhtiö,"Timonkuja 2, 41160 Tikkakoski",Tikkakoski,ilmainen
3557302-8,Autokorjaamo Marcos Oy,Osakeyhtiö,"Vanha Kaarelantie 35, 01610 Vantaa",Vantaa,ilmainen
3557458-1,GT Autohuolto&Detailing Oy,Osakeyhtiö,"Tölkkimäenkuja 3, 13130 Hämeenlinna",Hämeenlinna,ilmainen
3557756-3,JaKopra Oy,Osakeyhtiö,"Kopsamontie 190, 35540 Juupajoki",Juupajoki,ilmainen
3557967-3,Koukkuplus Suomi Oy,Osakeyhtiö,"Portinkaarre 3, 90410 Oulu",Oulu,ilmainen
3558016-4,LuxMotor Kaarina Oy,Osakeyhtiö,"Lakimiehenkatu 3 A, 20780 Kaarina",Kaarina,ilmainen
3558091-4,Uudenmaan Rengashotelli Oy,Osakeyhtiö,"Perilänniitty 7 C, 02600 Espoo",Espoo,ilmainen
3558167-7,Autokorjaamo Merihaka Oy,Osakeyhtiö,"Hakaniemenranta 10, 00530 Helsinki",Helsinki,ilmainen
3558468-3,Jokelan Autohuolto ja Rengaspalvelu Oy,Osakeyhtiö,"Työkkyrintie 1, 05400 Jokela",Jokela,ilmainen
3558918-5,EA Restyling Oy,Osakeyhtiö,"Pakkalantie 15, 01510 Vantaa",Vantaa,ilmainen
3559014-3,MaHaCo Oy,Osakeyhtiö,"Jukolantie 37, 47400 Kausala",Kausala,ilmainen
3559932-4,Autopesu Kiilto & Loisto Oy,Osakeyhtiö,"Läkkisepäntie 15, 00620 Helsinki",Helsinki,ilmainen
3560063-9,Kapitec Oy,Osakeyhtiö,"Uimarannantie 75, 45370 Valkeala",Valkeala,ilmainen
3560382-1,Motiora Oy,Osakeyhtiö,"Torivoudintie 12 D, 00640 Helsinki",Helsinki,ilmainen
3560386-4,Ajonova Oy,Osakeyhtiö,"Torivoudintie 12 D, 00640 Helsinki",Helsinki,ilmainen
3560436-5,Itä-Helsingin Autohuolto Oy,Osakeyhtiö,"Turkhaudantie 2 A, 00700 Helsinki",Helsinki,ilmainen
3560531-7,JLA huolto Oy,Osakeyhtiö,"Merventie 39, 13720 Parola",Parola,ilmainen
3561249-6,Auto Prefix Oy,Osakeyhtiö,"Ruukkupolku 14 A, 01600 Vantaa",Vantaa,ilmainen
3561638-2,PKS Huoltopalvelut Oy,Osakeyhtiö,"Koivukummuntie 15, 01510 Vantaa",Vantaa,ilmainen
3561775-6,Automust oy,Osakeyhtiö,"Hilpi Kummilan Tie 16 A, 13200 Hämeenlinna",Hämeenlinna,ilmainen
3561787-9,Pilppalan Ahjo Oy,Osakeyhtiö,"Pilppala 143, 71160 Riistavesi",Riistavesi,ilmainen
3562101-8,Fleet solutions Oy,Osakeyhtiö,"Topaasipolku 4 A, 01700 Vantaa",Vantaa,ilmainen
3562126-1,Varikko Group Oy,Osakeyhtiö,"Katkontie 515, 38950 Honkajoki",Honkajoki,ilmainen
3562136-8,Hautala Custom Oy,Osakeyhtiö,"Saarenmaantie 249, 40270 Palokka",Palokka,ilmainen
3562202-9,J.Pihl Oy,Osakeyhtiö,"Kaukometsäntie 20, 58200 Kerimäki",Kerimäki,ilmainen
3562387-3,Fixauto Center Oy,Osakeyhtiö,"Mekaanikonkatu 15, 00880 Helsinki",Helsinki,ilmainen
3562662-8,Bemufix Oy,Osakeyhtiö,"Hankasuontie 7, 00390 Helsinki",Helsinki,ilmainen
3563064-3,Aviapesula Oy,Osakeyhtiö,"Tietotie 9, 01530 Vantaa",Vantaa,ilmainen
3563174-2,MB-Autoasennuspalvelu Oy,Osakeyhtiö,"Kuurnankatu 28, 80130 Joensuu",Joensuu,ilmainen
3563192-9,Fix4u Oy,Osakeyhtiö,"Tattarisuontie 18 H, 00770 Helsinki",Helsinki,ilmainen
3563205-9,Hajat Oy,Osakeyhtiö,"Keinutie 6-8 D, 00940 Helsinki",Helsinki,ilmainen
3563408-9,PJ Parts & Service Oy,Osakeyhtiö,"Luodontie 17, 21500 Piikkiö",Piikkiö,ilmainen
3563436-1,SMFix Oy,Osakeyhtiö,"Kauklahdentie 1 C, 02780 Espoo",Espoo,ilmainen
3563544-4,Team Herrala Garage Oy,Osakeyhtiö,"Jännepolku 1, 40950 Muurame",Muurame,ilmainen
3563596-2,Tammelan Pajari Oy,Osakeyhtiö,"Portaantie 56, 31300 Tammela",Tammela,ilmainen
3564138-5,DiagHaus Oy,Osakeyhtiö,"Sileesuonkatu 32/3, 33330 Tampere",Tampere,ilmainen
3564294-3,Mård & Co. Auto Aesthetics Oy,Osakeyhtiö,"Haapamäentie 116, 07280 Ilola",Ilola,ilmainen
3564641-8,HW-Autopaja Oy,Osakeyhtiö,"Pellervontie 11, 37600 Valkeakoski",Valkeakoski,ilmainen
3565232-4,THM-Tech Oy,Osakeyhtiö,"Kukintie 5 C, 01620 Vantaa",Vantaa,ilmainen
3565343-1,Rizani Car Care Oy,Osakeyhtiö,"Perkiönkatu 73 G, 33900 Tampere",Tampere,ilmainen
3565615-7,Jämsän Autohuolto Oy,Osakeyhtiö,"Pietiläntie 11, 42100 Jämsä",Jämsä,ilmainen
3565674-7,TS Services Oy,Osakeyhtiö,"Pajutie 26, 05200 Rajamäki",Rajamäki,ilmainen
3565740-8,Tuulilasitalo Oy,Osakeyhtiö,"Kruutinkuja 1 B, 33710 Tampere",Tampere,ilmainen
3566107-9,UGT Finland Oy,Osakeyhtiö,"Yrityspiha 1 lh., 00390 Helsinki",Helsinki,ilmainen
3566221-5,Ajoneuvohuolto T.Lundqvist Oy,Osakeyhtiö,"Yläniementie 51, 41340 Laukaa",Laukaa,ilmainen
3566503-7,Satakunnan Autohuolto Oy,Osakeyhtiö,"Kanahaukantie 17, 28220 Pori",Pori,ilmainen
3566656-6,Tapanilan Car Detailing Oy,Osakeyhtiö,"Liusketie 17 A, 00710 Helsinki",Helsinki,ilmainen
3567046-9,Fixill Oy,Osakeyhtiö,"Rajamaankaari 7, 02970 Espoo",Espoo,ilmainen
3567132-2,Sepotin Oy,Osakeyhtiö,"Kaatronpolku 4, 77600 Suonenjoki",Suonenjoki,ilmainen
3567325-6,Hikihatussa Oy,Osakeyhtiö,"Kukonharja 3 B, 01300 Vantaa",Vantaa,ilmainen
3567357-1,888 CUSTOMS OY,Osakeyhtiö,"Tuulilasintie 12, 00770 Helsinki",Helsinki,ilmainen
3567389-7,Karhu Service Oy,Osakeyhtiö,"Keuksuontie 8a A, 04220 Kerava",Kerava,ilmainen
3567516-3,Suomen Tuulilasikeskus Oy,Osakeyhtiö,"Laatukatu 13, 15680 Lahti",Lahti,ilmainen
3567655-3,H&N Autopiste Avoin yhtiö,Avoin yhtiö,"Porintie 193, 38740 Hapuoja",Hapuoja,ilmainen
3567808-1,KiesiFix Oy,Osakeyhtiö,"Lastaajantie 1, 86300 Oulainen",Oulainen,ilmainen
3568004-2,UkrFin motors Oy,Osakeyhtiö,"Meri-Rastilan Tie 34 G, 00980 Helsinki",Helsinki,ilmainen
3568157-1,Lahden Autohuolto Oy,Osakeyhtiö,"Suomäentie 28, 40660 Jyväskylä",Jyväskylä,ilmainen
3568329-4,TESS Logistics Suomi Oy,Osakeyhtiö,"Kilonkallio 10 F, 02610 Espoo",Espoo,ilmainen
3569028-3,Automaalaamo EV Paint Oy,Osakeyhtiö,"Vesiroineenkatu 16, 33720 Tampere",Tampere,ilmainen
3569057-4,Järviworks Oy,Osakeyhtiö,"Pensastie 8, 08800 Lohja",Lohja,ilmainen
3569085-7,ReSole Oy,Osakeyhtiö,"Eräpyhäntie 399, 35220 Eräjärvi",Eräjärvi,ilmainen
3569178-8,Ässä urakointi Oy,Osakeyhtiö,"Kolmospesä 2 A, 38700 Kankaanpää",Kankaanpää,ilmainen
3569316-9,Hitsit ja hommelit Oy,Osakeyhtiö,"Jokikyläntie 26 D, 75500 Nurmes",Nurmes,ilmainen
3569354-8,Venus Auto Oy,Osakeyhtiö,"Laajametsänkuja 6 C, 01620 Vantaa",Vantaa,ilmainen
3569563-1,Arvix Oy,Osakeyhtiö,"Ristikalliontie 8, 02460 Kantvik",Kantvik,ilmainen
3569626-3,Riksun Autohuolto Oy,Osakeyhtiö,"Ristipellontie 14, 00390 Helsinki",Helsinki,ilmainen
1701490-0,JV Motorsport Oy,Osakeyhtiö,"Tiilitie 16, 01720 Vantaa",Vantaa,ilmainen
0105763-1,Teinari Oy,Osakeyhtiö,"Sinimäentie 15, 02180 Espoo",Espoo,ilmainen
0106830-6,Auto-Ahonen Oy,Osakeyhtiö,"Martinlaaksontie 1, 01620 Vantaa",Vantaa,ilmainen
0108678-2,Helsingin Auto-Pelti Oy,Osakeyhtiö,"Heinäkedontie 3 B, 02390 Sarvvik",Sarvvik,ilmainen
0108679-0,Asvi Oy,Osakeyhtiö,"Simolantie 2, 53600 Lappeenranta",Lappeenranta,ilmainen
0108684-6,Helsingin Diesel Oy,Osakeyhtiö,"Käpyläntie 1 D, 00610 Helsinki",Helsinki,ilmainen
0110729-9,Lehile Oy,Osakeyhtiö,"Läntinen Teollisuuskatu 15 C, 02920 Espoo",Espoo,ilmainen
0115395-7,Oy Turbo Ab,Osakeyhtiö,"Päivöläntie 509, 10140 Päivölä",Päivölä,ilmainen
0124157-8,Melasalmi Oy,Osakeyhtiö,"Vantaanreitti 2, 01730 Vantaa",Vantaa,ilmainen
0124397-9,VTA Tekniikka Oy,Osakeyhtiö,"Lumijälki 1, 01740 Vantaa",Vantaa,ilmainen
0126798-9,Oy Finnel Ab,Osakeyhtiö,"Korjaamokatu 4, 10300 Karjaa",Karjaa,ilmainen
0127447-6,Autopoli Oy,Osakeyhtiö,"Jokitie 5, 04250 Kerava",Kerava,ilmainen
0128301-4,Ojamonharjun Auto Oy,Osakeyhtiö,"Braskintie, 08700 Lohja",Lohja,ilmainen
0132290-9,"Jasun Auto, Avoin yhtiö",Avoin yhtiö,"Linnaintie 2, 27100 Eurajoki",Eurajoki,ilmainen
0132736-3,Ahon Maalaamo Kommandiittiyhtiö,Kommandiittiyhtiö,"Jokilevonkatu 7, 32700 Huittinen",Huittinen,ilmainen
0133433-6,Hinauspalvelu Widén Oy,Osakeyhtiö,"Rotikonkatu 1, 38700 Kankaanpää",Kankaanpää,ilmainen
0134737-2,Loimaan Autokunnostus Oy,Kommandiittiyhtiö,"Leppäkuljunkatu 5, 32200 Loimaa",Loimaa,ilmainen
0135614-8,Kommandiittiyhtiö Mäenpää ja Salonen,Kommandiittiyhtiö,28100 Pori,Pori,ilmainen
0136453-5,Lastusen Autokorjaamo Pekka Lastunen ja Kumppani,Avoin yhtiö,"Hankkaantie 57, 25190 Pertteli",Pertteli,ilmainen
0138530-1,Auto-Korsman Oy,Osakeyhtiö,"Kairakatu 11, 26100 Rauma",Rauma,ilmainen
0139492-9,Virtasen Koneistamo Oy,Osakeyhtiö,"Salorankatu 8, 24240 Salo",Salo,ilmainen
0147780-4,Kangasalan Automaalaamo Kauko Kyden & Kumpp.,Avoin yhtiö,"Aakkulantie 3, 36220 Kangasala",Kangasala,ilmainen
0147871-9,Kangasalan Automaalaamo Oy,Osakeyhtiö,"Aakkulantie 33, 36220 Kangasala",Kangasala,ilmainen
0149418-8,Sopenkorven Autokorjaamo Oy,Osakeyhtiö,"Mestarinkatu 3, 15800 Lahti",Lahti,ilmainen
0152796-3,Ruoveden Autopaja Oy,Osakeyhtiö,"Teollisuustie 1, 34600 Ruovesi",Ruovesi,ilmainen
0154583-8,Pajakulma Oy,Osakeyhtiö,"Arvionkatu 4, 33840 Tampere",Tampere,ilmainen
0155300-2,Hakalan Verhoomo Oy,Osakeyhtiö,"Aunankorvenkatu 8, 33840 Tampere",Tampere,ilmainen
0159473-6,Joutsenon Dieselasennus Oy,Osakeyhtiö,"Dieselkuja 3, 55300 Rauha",Rauha,ilmainen
0159723-2,Reijon Diesel Oy,Osakeyhtiö,"Virsumäentie 81, 48600 Kotka",Kotka,ilmainen
0159747-8,"Uusi Autosuojaamo, Velj. Laine Oy",Osakeyhtiö,"Heposenkuja 6, 45100 Kouvola",Kouvola,ilmainen
0160011-2,Oravalan Auto Oy,Osakeyhtiö,"Ruuvikatu 4, 48770 Kotka",Kotka,ilmainen
0161888-1,Heiskamo O.Y. Autokorjaamo,Osakeyhtiö,"Kontiontie 2, 53300 Lappeenranta",Lappeenranta,ilmainen
0164475-6,Juvan Autohuolto ja Korjaamo Ky,Kommandiittiyhtiö,"Pyydystie 1, 51900 Juva",Juva,ilmainen
0164660-4,Kutemajärven Talouskauppa Ky,Kommandiittiyhtiö,51270 Kutemajärvi,Kutemajärvi,ilmainen
0164902-0,Automaalaamo J Konttinen Oy,Osakeyhtiö,"Jääkärinkatu 39, 50130 Mikkeli",Mikkeli,ilmainen
0164968-8,Mikkelin Autotyö Oy,Osakeyhtiö,"Yrittäjänkatu 15, 50130 Mikkeli",Mikkeli,ilmainen
0165467-1,SV Yhtiöt Oy,Osakeyhtiö,"Rahulantie 1 A, 50350 Norola",Norola,ilmainen
0166717-3,Savilahden Auto Oy Savonlinna,Osakeyhtiö,"Mertajärventie 3, 57220 Savonlinna",Savonlinna,ilmainen
0166747-2,Kone- ja Asennuspalvelu Oy,Osakeyhtiö,"Tuottajantie 8, 57230 Savonlinna",Savonlinna,ilmainen
0167390-1,Korjaamo Tarkiainen Oy,Osakeyhtiö,"Niittylammentie 129 B, 77350 Montola",Montola,ilmainen
0171076-8,Väänäsen Auto Oy,Osakeyhtiö,"Käenkuja 1, 70340 Kuopio",Kuopio,ilmainen
0178374-8,Tikkalan huolto ja korjaamo Oy,Osakeyhtiö,"Niemenkylä, 66320 Niemenkylä",Niemenkylä,ilmainen
0178783-7,"Akku ja autosähkö Ekman, kommandiittiyhtiö",Kommandiittiyhtiö,"Kangassompintie 16, 62200 Kauhava",Kauhava,ilmainen
0179054-2,Pro Engines Ky,Kommandiittiyhtiö,"Salmentie 18, 67700 Kokkola",Kokkola,ilmainen
0180077-1,Kangastien Kolarityöt Kommandiittiyhtiö,Kommandiittiyhtiö,"Takatie 235, 63530 Länsikylä",Länsikylä,ilmainen
0181244-9,Backholms Verkstad Öppet Bolag,Avoin yhtiö,"Stampsvägen 21, 66270 Pirttikylä",Pirttikylä,ilmainen
0182091-6,Seinäjoen Moottorihiomo Ylä-Autio & Knit,Avoin yhtiö,"Rajatie 48, 60120 Seinäjoki",Seinäjoki,ilmainen
0182672-8,"Teuvan Kolarityöt Kommandiittiyhtiö, Erkki Mäkelä",Kommandiittiyhtiö,61801 Kauhajoki,Kauhajoki,ilmainen
0183402-3,Oy Kardan Ab,Osakeyhtiö,"Mjölnaregatan 16, 65100 Vaasa",Vaasa,ilmainen
2548167-2,Autopesu Kristal Oy,Osakeyhtiö,"Isonkivenkuja 2 F, 04300 Tuusula",Tuusula,ilmainen
2548211-4,Kuopion Kolarikorjaus Ky,Kommandiittiyhtiö,"Oppipojankuja 6, 70780 Kuopio",Kuopio,ilmainen
2548435-5,M-Paint Oy,Osakeyhtiö,"Miemalantie 10, 13430 Hämeenlinna",Hämeenlinna,ilmainen
2548532-3,Tampereen Raskaspesut Ky,Kommandiittiyhtiö,"Nääjärventie 44, 37570 Lempäälä",Lempäälä,ilmainen
2548597-2,Mokopa Oy,Osakeyhtiö,"Hiltulantie, 91600 Utajärvi",Utajärvi,ilmainen
2548967-4,Pekant Lieto Oy,Osakeyhtiö,"Eteläkaari 2, 21420 Lieto",Lieto,ilmainen
2549349-7,Auto-Victoria Oy,Osakeyhtiö,"Porvoonkatu 4 A, 04200 Kerava",Kerava,ilmainen
2549969-6,J&T Dealers Oy,Osakeyhtiö,"Alapitkäntie 20, 71910 Alapitkä",Alapitkä,ilmainen
2550080-2,Ruostepaja Oy,Osakeyhtiö,00000 Osoite Tuntematon,Osoite Tuntematon,ilmainen
2550414-1,Autokorjaamo VP Niemi Oy,Osakeyhtiö,"Varastotie 8, 96100 Rovaniemi",Rovaniemi,ilmainen
2552008-8,HEINÄVEDEN AUTOHUOLTO LESKINEN OY,Osakeyhtiö,"Valamontie 26, 79860 Suuraho",Suuraho,ilmainen
2552061-9,Rauman Laatuhuolto OY,Osakeyhtiö,"Nummenkatu 23, 26100 Rauma",Rauma,ilmainen
2552088-9,Maken Moottori&Mökkiapu Ky,Kommandiittiyhtiö,"Teollisuustie 10, 34600 Ruovesi",Ruovesi,ilmainen
2552376-4,BilTec Oy,Osakeyhtiö,"Reinontie 8, 40800 Vaajakoski",Vaajakoski,ilmainen
2554011-8,Automaalaamo Rasi Oy,Osakeyhtiö,"Ohrapääntie 36, 15340 Lahti",Lahti,ilmainen
2554430-3,Ekun Konehuolto Ky,Kommandiittiyhtiö,"Ahvenlahdentie 21, 79150 Konnuslahti",Konnuslahti,ilmainen
2554793-4,Black Planet Ky,Kommandiittiyhtiö,"Sulantie 5 A, 04300 Tuusula",Tuusula,ilmainen
2555211-9,Autosähkö Marjoniemi Oy,Osakeyhtiö,"Rajakatu 2, 85800 Haapajärvi",Haapajärvi,ilmainen
2555664-6,SOS-Autoapu Oy,Osakeyhtiö,"Pihatörmä 1, 02240 Espoo",Espoo,ilmainen
2555933-7,InCar Järvenpää Oy,Osakeyhtiö,"Takomotie 1-3, 00380 Helsinki",Helsinki,ilmainen
2556108-2,RKH Lauhaluoma Oy,Osakeyhtiö,"Volttitie 3, 60510 Hyllykallio",Hyllykallio,ilmainen
2557212-8,Bilverkstad - Autokorjaamo STG Oy Ab,Osakeyhtiö,"Solfvägen 106, 65450 Sulva",Sulva,ilmainen
2557241-9,American Service Oy,Osakeyhtiö,"Laastikuja 1, 01720 Vantaa",Vantaa,ilmainen
2557336-6,ALCAR KORJAAMO KY,Kommandiittiyhtiö,"Sulantie 11, 04300 Tuusula",Tuusula,ilmainen
2557386-8,Outrik Oy,Osakeyhtiö,"Poikkipolku 15a, 87200 Kajaani",Kajaani,ilmainen
2558115-5,Liinaharjan Autopiste Oy,Osakeyhtiö,"Eteläväylä 1, 28610 Pori",Pori,ilmainen
2558427-6,Autopesula Express Oy Haukipudas,Osakeyhtiö,"Revontie 43, 90830 Haukipudas",Haukipudas,ilmainen
2558613-2,Vakka-Suomen Autohuolto Suominen Oy,Osakeyhtiö,"Perheentuvantie 9, 23800 Laitila",Laitila,ilmainen
2558709-8,Rovaniemen autokeskus Oy,Osakeyhtiö,"Matarantie 23, 97130 Hirvas",Hirvas,ilmainen
2558928-8,Kompi Oy,Osakeyhtiö,"Kanervakuja 5, 33420 Tampere",Tampere,ilmainen
2559077-2,AKIX MÄNTYNUMMI OY,Osakeyhtiö,"Mäntynummentie 46, 08500 Lohja",Lohja,ilmainen
2559450-3,Kone Konkarit Oy,Osakeyhtiö,"Särkkäkuja 6, 01390 Vantaa",Vantaa,ilmainen
2559643-7,Zeck Oy,Osakeyhtiö,"Tehtaantie 37 A, 60100 Seinäjoki",Seinäjoki,ilmainen
2559649-6,JJ SULANAUTOPALVELU OY,Osakeyhtiö,"Hiekkakuopantie 6 C, 04300 Tuusula",Tuusula,ilmainen
2560601-7,Haapajärven Autopalvelu Oy,Osakeyhtiö,"Viikatetie 8, 85800 Haapajärvi",Haapajärvi,ilmainen
2560720-4,Ulvilan Autohuolto Oy,Osakeyhtiö,"Sammontie 3, 28400 Ulvila",Ulvila,ilmainen
2562596-3,DOMAJ OY,Osakeyhtiö,"Takoraudantie 2, 00700 Helsinki",Helsinki,ilmainen
2564701-1,Espoon Autolasiasennus A-V Hjelm Oy,Osakeyhtiö,"Sillankorva 15, 02300 Espoo",Espoo,ilmainen
2565460-9,HIRVIPURO OY,Osakeyhtiö,"Pienen Villasaaren Tie 1 D, 00960 Helsinki",Helsinki,ilmainen
2565615-3,Athalay avoin yhtiö,Avoin yhtiö,"Launeenkatu 81, 15610 Lahti",Lahti,ilmainen
2565658-3,Automaalaamo Oulu Ky,Kommandiittiyhtiö,"Yritystie 3, 90940 Jääli",Jääli,ilmainen
2565680-7,JuneCar Oy,Osakeyhtiö,"Näätämöntie 12, 90900 Kiiminki",Kiiminki,ilmainen
2566893-9,jisako oy,Osakeyhtiö,"Raspinkatu 6, 33840 Tampere",Tampere,ilmainen
2567197-8,Thunder Korjaamopalvelut Ky,Kommandiittiyhtiö,"Hartikkalankatu 9, 53300 Lappeenranta",Lappeenranta,ilmainen
2567252-4,Pietikäisen Korjaamo Oy,Osakeyhtiö,"Linnasalmentie 2, 73100 Lapinlahti",Lapinlahti,ilmainen
2567897-7,JS Korjauspalvelu Oy,Osakeyhtiö,"Ahjokatu 13, 40320 Jyväskylä",Jyväskylä,ilmainen
2569158-1,Gill&Gill Oy,Osakeyhtiö,"Pyrytie 5, 00700 Helsinki",Helsinki,ilmainen
2569920-9,Aung Car Wash Oy,Osakeyhtiö,"Keilaranta 10-16, 02150 Espoo",Espoo,ilmainen
2571337-3,Baggas Bil & Traktor Ab,Osakeyhtiö,"Bruksgatan 383, 66820 Komossa",Komossa,ilmainen
2571541-6,Autopesu JR Oy,Osakeyhtiö,"Teollisuustie 22, 96320 Rovaniemi",Rovaniemi,ilmainen
2571787-6,K&I Kone- ja Autohuolto Oy,Osakeyhtiö,"Vuorelantie 251, 01860 Perttula",Perttula,ilmainen
2571876-4,E.K. Korjaamo Oy,Osakeyhtiö,"Jussintie 6, 85410 Sievi",Sievi,ilmainen
2573506-2,Autopesu K&GB Oy,Osakeyhtiö,"Porkkalankatu 20, 00180 Helsinki",Helsinki,ilmainen
2573791-4,Motormaster JP Oy,Osakeyhtiö,"Tehdastie 2, 36600 Pälkäne",Pälkäne,ilmainen
2574872-8,Cotec Oy,Osakeyhtiö,"Korpivaarantie 1, 01450 Vantaa",Vantaa,ilmainen
2575151-3,JR-Finlock Oy,Osakeyhtiö,"Kytkinkatu 4 C, 04220 Kerava",Kerava,ilmainen
2575239-9,JTK Autohuolto Oy,Osakeyhtiö,"Rääkänkatu 11, 05800 Hyvinkää",Hyvinkää,ilmainen
2575461-8,Nappa Machine Oy,Osakeyhtiö,"Teollisuustie 7, 45360 Valkeala",Valkeala,ilmainen
2575589-9,Rautasavon Auto Oy,Osakeyhtiö,"Tehdaskatu 10, 70620 Kuopio",Kuopio,ilmainen
2575968-9,Uudenmaan Kolarikorjaamo Oy,Osakeyhtiö,"Tervasuontie 2, 03100 Nummela",Nummela,ilmainen
2576346-9,HORT AUTO OY,Osakeyhtiö,"Tillinmäentie 1, 02330 Espoo",Espoo,ilmainen
2576643-2,Westdone Oy,Osakeyhtiö,"Satakunnankatu 29, 28130 Pori",Pori,ilmainen
2576774-2,Oy AlterEco Technologies Ltd,Osakeyhtiö,"Pääsintie 11, 45100 Kouvola",Kouvola,ilmainen
2577537-1,J. Olkoniemi Oy,Osakeyhtiö,"Rannantie 31, 91110 Ii As",Ii As,ilmainen
2578078-7,Autokorjaamo Urho Pirinen Oy,Osakeyhtiö,"Kaivertamontie 43, 57810 Savonlinna",Savonlinna,ilmainen
2578083-2,MB Koskinen Oy,Osakeyhtiö,"Nurmontie 120, 60510 Hyllykallio",Hyllykallio,ilmainen
2578643-3,HARJUN RASKASKONE OY,Osakeyhtiö,"Koroistentie 10, 00280 Helsinki",Helsinki,ilmainen
2578832-4,Pienkone- ja Moottorihuolto J. Saranpää Oy,Osakeyhtiö,"Jyrkkäkallionkatu 54, 60320 Seinäjoki",Seinäjoki,ilmainen
2579199-6,T & T Automaalaus Oy,Osakeyhtiö,"Vanha Helsingintie 1330, 16510 Luhtikylä",Luhtikylä,ilmainen
2579331-8,Petroil Oy,Osakeyhtiö,"Holmankuja 2, 08200 Lohja",Lohja,ilmainen
2579972-8,Ilpower Oy,Osakeyhtiö,"Louhijantie 12, 48220 Kotka",Kotka,ilmainen
2579987-5,Huollonpaikka Oy,Osakeyhtiö,00000 Osoite Tuntematon,Osoite Tuntematon,ilmainen
2580513-9,Automaalaamo A. Peltoniemi Oy,Osakeyhtiö,"Palohovintie 23, 95225 Viantie",Viantie,ilmainen
2580644-9,Kolarikorjaamo Repo Ky,Kommandiittiyhtiö,"Kisällinkuja 9, 70780 Kuopio",Kuopio,ilmainen
2580645-7,AR-Garage Oy,Osakeyhtiö,"Vaihdekatu 4, 37150 Nokia",Nokia,ilmainen
2580646-5,JMT-Autotyö Ky,Kommandiittiyhtiö,"Ampuhaukantie 8, 28220 Pori",Pori,ilmainen
2581105-3,Paultra Oy,Osakeyhtiö,"Koposenperäntie 420, 86710 Kärsämäki",Kärsämäki,ilmainen
2581838-6,MaroMax Remont Oy,Osakeyhtiö,"Vääräntie 109, 54750 Välijoki",Välijoki,ilmainen
2582314-2,Niittyrannan autohuolto oy,Osakeyhtiö,"Niittyrannantie 154, 90440 Kempele",Kempele,ilmainen
2583696-3,Pro Fix-Service PFS Oy,Osakeyhtiö,"Verstastie 2 B, 33470 Ylöjärvi",Ylöjärvi,ilmainen
2584008-1,Nelostien Korjaamo Oy,Osakeyhtiö,"Suomelantie 1, 86710 Kärsämäki",Kärsämäki,ilmainen
2584178-9,RK- Korjauspalvelut Oy,Osakeyhtiö,"Orakas 4, 00760 Helsinki",Helsinki,ilmainen
2584449-6,Vauriokorjaamo Selivaara Oy,Osakeyhtiö,"Karjasillantie 26, 28220 Pori",Pori,ilmainen
2585113-5,Autohuolto Repofix Oy,Osakeyhtiö,"Sulantie 4, 04300 Tuusula",Tuusula,ilmainen
2585774-8,TT Car Service Oy,Osakeyhtiö,"Pyörärinne 3 E, 01280 Vantaa",Vantaa,ilmainen
2585798-3,Konehuolto Happonen Oy,Osakeyhtiö,"Viinikankatu 53, 33800 Tampere",Tampere,ilmainen
2586032-2,Akselo Oy,Osakeyhtiö,00000 Osoite Tuntematon,Osoite Tuntematon,ilmainen
2586243-2,TMA Finland Oy,Osakeyhtiö,"Alhonkatu 2, 15610 Lahti",Lahti,ilmainen
2586415-5,Raskashuolto Kannisto Oy,Osakeyhtiö,"Patteritie 5, 14200 Turenki",Turenki,ilmainen
2589059-9,J Uddström Autoservice öppet bolag,Avoin yhtiö,"Mestarintie 1, 06150 Porvoo",Porvoo,ilmainen
2589072-4,MW Steel Oy,Osakeyhtiö,"Raiskiontie 8, 01900 Nurmijärvi",Nurmijärvi,ilmainen
2589502-3,Kokkolan Autofiksaus Oy,Osakeyhtiö,"Indolantie 16, 67600 Kokkola",Kokkola,ilmainen
2589821-6,Ekity Oy,Osakeyhtiö,"Sakarintie 16, 41120 Puuppola",Puuppola,ilmainen
2589835-5,Auto Club Suomi Oy,Osakeyhtiö,"Vaasankatu 15 A, 00500 Helsinki",Helsinki,ilmainen
2590464-7,Fibus WILLÄHDE OY,Osakeyhtiö,"Koritie 2, 15540 Villähde",Villähde,ilmainen
2590575-4,Sakun Paja Oy,Osakeyhtiö,"Juvantie 68, 51900 Juva",Juva,ilmainen
2590874-4,Automaalaamo Haverinen Oy,Osakeyhtiö,"Jakokunnantie 24, 00660 Helsinki",Helsinki,ilmainen
2590875-2,Virta Motors Oy,Osakeyhtiö,"Mynterläntie 116, 08500 Lohja",Lohja,ilmainen
2590940-5,Pogostan Palvelut Oy,Osakeyhtiö,"Ruskosillantie 18, 82900 Ilomantsi",Ilomantsi,ilmainen
2591418-3,Primabil Åland Ab,Osakeyhtiö,"Michaelsvägen 2 C, 22150 Jomala",Jomala,ilmainen
2591779-8,Lyijynen Group Oy,Osakeyhtiö,"Korjalankatu 10, 45130 Kouvola",Kouvola,ilmainen
2591914-4,MR-Racing Oy,Osakeyhtiö,"Ylitilantie 25, 01800 Klaukkala",Klaukkala,ilmainen
2592448-8,Kempsu-Huolto Oy,Osakeyhtiö,"Mentulantie 116, 53400 Lappeenranta",Lappeenranta,ilmainen
2592823-5,J.L Konehuolto Oy,Osakeyhtiö,"Latvakankaantie 38, 60640 Isokoski",Isokoski,ilmainen
2593966-3,Autokorjaamo Kokkolan Autoexpertti Oy,Osakeyhtiö,"Gärdesvägen 14, 67600 Kokkola",Kokkola,ilmainen
2598263-7,Moskun Auto oy,Osakeyhtiö,"Pitkäniityntie 1 B, 02810 Espoo",Espoo,ilmainen
2598404-2,Autokorjaamo Testipiste Oy,Osakeyhtiö,"Hallimestarinkatu 22, 20780 Kaarina",Kaarina,ilmainen
2599291-5,Auto Elite Oy,Osakeyhtiö,"Jäspilänkatu 18, 04250 Kerava",Kerava,ilmainen
2599305-3,Smart Autokoripalvelut Oy,Osakeyhtiö,"Palokankaantie 11, 40320 Jyväskylä",Jyväskylä,ilmainen
2599629-7,Bearfix Oy,Osakeyhtiö,"Hautoniementie 29, 72100 Karttula",Karttula,ilmainen
2600238-9,Pieksämäen Auto- ja Moottorikoneistamo Oy,Osakeyhtiö,"Ratakatu 43, 76100 Pieksämäki",Pieksämäki,ilmainen
2600424-5,Ville Koljonen Oy,Osakeyhtiö,"Kauppamäentie 83, 74230 Salahmi",Salahmi,ilmainen
2601006-3,Rauhan Auto Oy,Osakeyhtiö,"Koivistontie 43, 55300 Rauha",Rauha,ilmainen
2601327-2,Auto-Paja Lappalainen Ky,Kommandiittiyhtiö,"Pyhäsalmentie 2511, 72840 Saarela",Saarela,ilmainen
2601611-5,Lapin Konehuolto Ky,Kommandiittiyhtiö,"Äijähuhdantie 296, 95500 Tornio",Tornio,ilmainen
2601709-7,Bemu Expert Oy,Osakeyhtiö,"Rastikaari 12, 14200 Turenki",Turenki,ilmainen
2602444-9,Autohuolto Lohilahti Oy,Osakeyhtiö,"Hiltusenkaarre 28, 90620 Oulu",Oulu,ilmainen
2603530-8,Autohuolto SaKe avoin yhtiö,Avoin yhtiö,"Kettukalliontie 15, 87100 Kajaani",Kajaani,ilmainen
2603627-1,MBA-Autokorjaamo Oy,Osakeyhtiö,"Sahaajankatu 3, 15520 Lahti",Lahti,ilmainen
2604015-8,Autosuojaamo Herranen Oy,Kommandiittiyhtiö,"Kehäkuja 10, 05460 Hyvinkää",Hyvinkää,ilmainen
2604856-3,HK Kolarikorjaamo ja Automaalaamo Oy,Osakeyhtiö,"Puhdistamontie 6, 73500 Juankoski",Juankoski,ilmainen
2604901-3,Käsivarren Moottori ja Metalli Oy,Osakeyhtiö,"Käsivarrentie 3835, 99470 Karesuvanto",Karesuvanto,ilmainen
2604958-2,Suomen Korikorjaus Oy,Osakeyhtiö,"Kuormakatu 17, 20380 Turku",Turku,ilmainen
2604982-2,Nurmijärven Auto- ja Caravanhuolto Oy,Osakeyhtiö,"Alhonniityntie 2, 01900 Nurmijärvi",Nurmijärvi,ilmainen
2605487-5,Nura Autopesu Oy,Osakeyhtiö,"Tammimäentie 4, 01520 Vantaa",Vantaa,ilmainen
2605566-7,AM Autokorjaamo Imatra Oy,Osakeyhtiö,"Sukkulakatu 11, 55120 Imatra",Imatra,ilmainen
2605632-8,Autohuolto Ketonen Oy,Osakeyhtiö,"Nurmijärventie 18, 03400 Vihti",Vihti,ilmainen
2606847-6,GM Autohuolto Oy,Osakeyhtiö,"Vetotie 4, 01610 Vantaa",Vantaa,ilmainen
2608439-6,Moskun Guru OY,Osakeyhtiö,"Rovaniementie 2136, 99110 Kaukonen",Kaukonen,ilmainen
2609440-4,Ikaalisten Auto- ja huoltomestarit Oy,Osakeyhtiö,"Kortteenkatu 1, 39500 Ikaalinen",Ikaalinen,ilmainen
2610010-6,SJN-Service Oy,Osakeyhtiö,"Näkintie 362, 49570 Kannusjärvi",Kannusjärvi,ilmainen
2611121-9,Panelian Autohuolto Ky,Kommandiittiyhtiö,"Käkialhontie 22, 27430 Panelia",Panelia,ilmainen
2611341-7,Korjaustiimi Fixit Oy,Osakeyhtiö,"Rääkkölänpolku 2, 36200 Kangasala",Kangasala,ilmainen
2611431-3,A&K Lehtinen Oy,Osakeyhtiö,"Pukkilantie 60, 31130 Koijärvi",Koijärvi,ilmainen
2611527-9,Jytypesu Oy,Osakeyhtiö,"Nuutinkatu 27, 40270 Palokka",Palokka,ilmainen
2612170-8,Lång & Aronen Racing Oy,Osakeyhtiö,"Hommaksenkuja 1, 01740 Vantaa",Vantaa,ilmainen
2612679-5,TE-Service Oy,Osakeyhtiö,"Juusjärventie 140, 02520 Lapinkylä",Lapinkylä,ilmainen
2614493-4,Tero Kuosmanen Oy,Osakeyhtiö,"Lankkutie 2, 80100 Joensuu",Joensuu,ilmainen
2614713-1,Autosynkro Oy,Osakeyhtiö,00000 Osoite Tuntematon,Osoite Tuntematon,ilmainen
2615050-9,PTJ-Group Oy,Osakeyhtiö,"Konsankuja 4 A, 21260 Raisio",Raisio,ilmainen
2615117-3,Eräkone Oy,Osakeyhtiö,"Utsjoentie 36, 99980 Utsjoki",Utsjoki,ilmainen
2616639-1,Kytölän Auto ja Prätkähuolto Avoin yhtiö,Avoin yhtiö,"Viipurintie 1, 15150 Lahti",Lahti,ilmainen
2616803-9,Kuopion AP-Palvelut Ky,Kommandiittiyhtiö,"Neulalammentie 4, 70780 Kuopio",Kuopio,ilmainen
2617182-8,Bikestoppi Oy,Osakeyhtiö,"Kuusiniementie 136, 29200 Harjavalta",Harjavalta,ilmainen
2617520-4,Luukkaan Automaalaamo Oy,Osakeyhtiö,"Kaivurinkatu 11, 53300 Lappeenranta",Lappeenranta,ilmainen
2618712-5,Pesänen Oy,Osakeyhtiö,"Jokiranta 4, 37800 Akaa",Akaa,ilmainen
2619498-2,Kallen Autopalvelut Oy,Osakeyhtiö,"Perhekunnantie 24 C, 00430 Helsinki",Helsinki,ilmainen
2619512-5,Asennus Poka Ky,Kommandiittiyhtiö,"Viitostie 1315 B, 79100 Leppävirta",Leppävirta,ilmainen
2619762-2,Suomen Pesupaikat OY,Osakeyhtiö,"Friisinmäentie 3, 02600 Espoo",Espoo,ilmainen
2620485-3,Loni Autopalvelu Oy,Osakeyhtiö,"Teollisuustie 17, 06150 Porvoo",Porvoo,ilmainen
2620616-2,Kim Ström Oy,Osakeyhtiö,"Ristinkedonkatu 4 A, 24240 Salo",Salo,ilmainen
2621010-2,Autokorjaamo Niskanen Kempele Oy,Osakeyhtiö,"Planeettatie 6, 90440 Kempele",Kempele,ilmainen
2621414-6,Autoverhoomo Kallio Oy,Osakeyhtiö,"Metsäkukanviita 8 D, 60150 Seinäjoki",Seinäjoki,ilmainen
2622633-1,Avantin Auto Oy,Osakeyhtiö,"Pääskykalliontie 6, 21420 Lieto",Lieto,ilmainen
2623293-4,RTB Service Oy,Osakeyhtiö,"Knuuttilanraitti 10, 62300 Härmä",Härmä,ilmainen
2623351-5,german farm Oy,Osakeyhtiö,"Miettilänmäentie 172, 73600 Kaavi",Kaavi,ilmainen
2624251-8,Kanve Oy,Osakeyhtiö,"Kuurnankatu 15, 80100 Joensuu",Joensuu,ilmainen
2624333-4,Eyeball Products Oy,Osakeyhtiö,"Lenkkitie 20, 35300 Orivesi",Orivesi,ilmainen
2625250-5,Oulun Caravanhuolto Oy,Osakeyhtiö,"Myyntimiehenkuja 12 B, 90410 Oulu",Oulu,ilmainen
2625644-2,Oy Wasa CarWash Ab,Osakeyhtiö,"Pursimiehenkatu 5 B, 65200 Vaasa",Vaasa,ilmainen
2625703-1,Suomen Autorahasto Oy,Osakeyhtiö,"Laaksolahdentie 41, 02730 Espoo",Espoo,ilmainen
2626995-6,Savon uusautohuolto Ky,Kommandiittiyhtiö,"Jokikuja 2, 78880 Kuvansi",Kuvansi,ilmainen
2628330-1,Linna-Team Oy,Osakeyhtiö,"Haaraojantie 18, 57210 Savonlinna",Savonlinna,ilmainen
2628712-6,Auto-Komi Oy,Osakeyhtiö,"Retikankuja 6, 55800 Imatra",Imatra,ilmainen
2629192-6,Autohuolto Outinen Oy,Osakeyhtiö,"Repolankuja 16, 21270 Nousiainen",Nousiainen,ilmainen
2629405-1,Työkonehuolto Heikkinen Oy,Osakeyhtiö,"Kukkolantie 30, 91560 Kylmälänkylä",Kylmälänkylä,ilmainen
2629992-8,Huoltopalvelut Kinnunen E&J Oy,Osakeyhtiö,"Kiteentie 48, 82500 Kitee",Kitee,ilmainen
2630077-3,Lahden Tuulilasipiste Oy,Osakeyhtiö,"Laatukatu 11, 15680 Lahti",Lahti,ilmainen
2630262-1,DCF Huoltopalvelut Oy,Osakeyhtiö,"Sattontie 71, 21290 Rusko",Rusko,ilmainen
2630598-8,Automotive Solutions Nordic Oy,Osakeyhtiö,"Keulakaari 9, 40900 Säynätsalo",Säynätsalo,ilmainen
2630733-4,Ilotek Oy,Osakeyhtiö,"Kesärinteentie 4, 90910 Kontio",Kontio,ilmainen
2630834-5,Autohuolto Puhakka Oy,Osakeyhtiö,"Mäntytie 13, 81100 Kontiolahti",Kontiolahti,ilmainen
2630873-2,JML Autohuolto Oy,Osakeyhtiö,"Yrittäjäntie 14, 74130 Iisalmi",Iisalmi,ilmainen
2631149-9,Kuorma-autokorjaamo Selekon Oy,Osakeyhtiö,"Ilveskaari 9, 01900 Nurmijärvi",Nurmijärvi,ilmainen
2632008-8,GedaFix Oy,Osakeyhtiö,"Tehontie 25 C, 45200 Kouvola",Kouvola,ilmainen
2632312-3,Patalammen Rasvakeisari Oy,Osakeyhtiö,"Katajapiha 8, 45100 Kouvola",Kouvola,ilmainen
2632638-3,Autokorjaamo KOV Oy,Osakeyhtiö,"Sulantie 7, 04300 Tuusula",Tuusula,ilmainen
2633294-3,TATTARISUON RENGASHOTELLI Oy,Osakeyhtiö,"Jarrutie 14 B, 00770 Helsinki",Helsinki,ilmainen
2633503-6,Stadin Varaosaliiteri ky,Kommandiittiyhtiö,"Mekaanikonkatu 5, 00880 Helsinki",Helsinki,ilmainen
2634913-9,Suomenojan Autohuolto Oy,Osakeyhtiö,"Suomalaistentie 5, 02270 Espoo",Espoo,ilmainen
2636347-5,Puolangan Osteri Oy,Osakeyhtiö,"Ouluntie 18, 89200 Puolanka",Puolanka,ilmainen
2637049-9,R. Autohuollot Oy,Osakeyhtiö,"Tuotekuja 5, 90420 Oulu",Oulu,ilmainen
2637410-7,Autohuolto Pöntinen Oy,Osakeyhtiö,"Yrittäjänkatu 17, 50130 Mikkeli",Mikkeli,ilmainen
2638691-7,TIMOV OY,Osakeyhtiö,"Oppipojankuja 8, 70780 Kuopio",Kuopio,ilmainen
2638750-6,Servon Oy,Osakeyhtiö,"Hannuksenpelto 14 A, 02270 Espoo",Espoo,ilmainen
2638918-1,Värivuori Oy,Osakeyhtiö,"Kiljavantie 6, 05200 Rajamäki",Rajamäki,ilmainen
2639226-8,JESTER Yhtiöt Ky,Kommandiittiyhtiö,"Varastokatu 7, 87100 Kajaani",Kajaani,ilmainen
2639538-9,Automaalaamo Tähti Oy,Osakeyhtiö,"Sokojantie 720, 67500 Kokkola",Kokkola,ilmainen
2640177-7,ASPService Ky,Kommandiittiyhtiö,"Riimukatu 4-6 D, 15830 Lahti",Lahti,ilmainen
2641504-4,Maxcar Oy,Osakeyhtiö,"Tuupakantie 4, 01740 Vantaa",Vantaa,ilmainen
2641999-3,MALOKS OY,Osakeyhtiö,"Viistotie 10, 62200 Kauhava",Kauhava,ilmainen
2642498-7,CarTech OY,Osakeyhtiö,"Martinsillantie 24, 02300 Espoo",Espoo,ilmainen
2643635-5,Autokorjaamo J Ala-Könni Oy,Osakeyhtiö,"Mestarintie 10, 41310 Leppävesi",Leppävesi,ilmainen
2643642-7,Hyvinkään Ajoneuvohuolto Oy,Osakeyhtiö,"Sillankorvankatu 21, 05810 Hyvinkää",Hyvinkää,ilmainen
2644427-5,KR Motors Ky,Kommandiittiyhtiö,"Rengastie 40, 60120 Seinäjoki",Seinäjoki,ilmainen
2644906-8,Loimiauto Oy,Osakeyhtiö,"Karsolantie 7, 32210 Loimaa",Loimaa,ilmainen
2645031-7,Motofix Oy,Osakeyhtiö,"Akkalankuja 1, 40420 Jyskä",Jyskä,ilmainen
2645663-9,Tuulilasi1.com Suomi Oy,Osakeyhtiö,"Karhunkedontie 6 L, 90410 Oulu",Oulu,ilmainen
2647790-7,Pohjaset Service Oy,Osakeyhtiö,"Valiontie 8, 94450 Keminmaa",Keminmaa,ilmainen
2649555-8,Finnord Power Oy,Osakeyhtiö,"Palkkikuja 8, 04300 Tuusula",Tuusula,ilmainen
2650219-9,Kallkos Oy,Osakeyhtiö,"Kerkkolankatu 14, 05800 Hyvinkää",Hyvinkää,ilmainen
2651518-4,Tohmajärven Autohuolto Oy,Osakeyhtiö,"Ruukkitie 6, 82600 Tohmajärvi",Tohmajärvi,ilmainen
2654430-5,Uudenmaan kaivuu- ja konetyö avoin yhtiö,Avoin yhtiö,"Palotie 22 A, 02760 Espoo",Espoo,ilmainen
2654559-4,Savon Rekkahuolto Oy,Osakeyhtiö,"Pajatie 4, 78850 Varkaus",Varkaus,ilmainen
2654632-7,MH-Huoltopalvelu Oy,Osakeyhtiö,"Marjalantie 46, 04350 Nahkela",Nahkela,ilmainen
2655140-9,Lieksan Auto ja Konehuolto Oy,Osakeyhtiö,"Mitro 7, 81560 Vuonisjärvi",Vuonisjärvi,ilmainen
2655157-2,Varkauden Automaalaamo Oy,Osakeyhtiö,"Tokinpysäkki 3, 78850 Varkaus",Varkaus,ilmainen
2655251-6,VRT Service Oy,Osakeyhtiö,"Penttilänkatu 6 B, 45120 Kouvola",Kouvola,ilmainen
2655463-4,Autohuolto Kosonen Oy,Osakeyhtiö,"Melkoniementie 219, 59310 Särkisalmi",Särkisalmi,ilmainen
2655539-7,PH Bowling Ky,Kommandiittiyhtiö,"Pilvikuja 14, 04740 Sälinkää",Sälinkää,ilmainen
2655602-3,MTO-Services Oy,Osakeyhtiö,"Espoontie 32, 02740 Espoo",Espoo,ilmainen
2655664-8,Automotorgroup Turku Oy,Osakeyhtiö,"Huuskantie 21, 21380 Aura",Aura,ilmainen
2656415-4,KMR Service Avoin yhtiö,Avoin yhtiö,"Saikarintie 1991, 72220 Eliaksela",Eliaksela,ilmainen
2656567-5,Winmek Oy,Osakeyhtiö,"Käsityökatu 56, 78200 Varkaus",Varkaus,ilmainen
2657106-3,Workshop Team Oy,Osakeyhtiö,"Suukarintie 6b, 23500 Uusikaupunki",Uusikaupunki,ilmainen
2657278-7,Satakunnan Monimerkki Korjaamo Oy,Osakeyhtiö,"Korjuuntie 26, 28360 Pori",Pori,ilmainen
2657957-5,TL Kone & Service Oy,Osakeyhtiö,"Ahvenlammentie 233, 63530 Länsikylä",Länsikylä,ilmainen
2658235-2,Teemux Ky,Kommandiittiyhtiö,"Varpukuja 2, 70420 Kuopio",Kuopio,ilmainen
2658662-8,MW Auto Espoo Oy,Osakeyhtiö,"Sillankorva 15, 02300 Espoo",Espoo,ilmainen
2658837-5,Ruskon Autohuolto Oy,Osakeyhtiö,"Marmoritie 9, 90620 Oulu",Oulu,ilmainen
2659133-9,Autohuolto Pippuri Oy,Osakeyhtiö,"Eestintaival 10 B, 02280 Espoo",Espoo,ilmainen
2659864-5,Littoisten Autohuolto OY,Osakeyhtiö,"Pyydysmetsäntie 18, 20660 Littoinen",Littoinen,ilmainen
2659987-5,Dieselfabriken Eckerö Ab,Osakeyhtiö,"Torpvägen 114, 22270 Eckerö",Eckerö,ilmainen
2661974-1,KTJK-Huolto Oy,Osakeyhtiö,"Pirjolantie 92, 12240 Hikiä",Hikiä,ilmainen
2662301-1,Porin Raudoitus- ja Pohjatyö ky,Kommandiittiyhtiö,"Lankoskenkylätie 73, 29790 Tuorila",Tuorila,ilmainen
2662566-6,TLV-palvelut Oy,Osakeyhtiö,"Hausjärventie 8, 14200 Turenki",Turenki,ilmainen
2662651-1,AW Nord Oy,Osakeyhtiö,"Lokomonkatu 25 C, 33900 Tampere",Tampere,ilmainen
2663708-5,Hartolan Redem Oy,Osakeyhtiö,"Sysmäntie 213, 19600 Hartola",Hartola,ilmainen
2664296-8,Turun Purkupojat Ky,Kommandiittiyhtiö,"Pelttarinkatu 4 A, 20610 Turku",Turku,ilmainen
2664377-6,Moniala Numminen Oy,Osakeyhtiö,"Torajärventie 625, 14450 Rimmilä",Rimmilä,ilmainen
2664483-2,NL-Automaalaus & Peltikorjaus Oy,Osakeyhtiö,"Litmaniementie 1377 B, 71360 Litmaniemi",Litmaniemi,ilmainen
2664707-2,Pro Street Ky,Kommandiittiyhtiö,"Helsingintie 136, 16300 Orimattila",Orimattila,ilmainen
2664742-7,Fenelinn Oy,Osakeyhtiö,"Selkämerenkatu 13 A, 00180 Helsinki",Helsinki,ilmainen
2666511-5,Pienkonekorjaamo Jukan Kone Oy,Osakeyhtiö,"Teollisuuskaari 7, 45740 Kuusankoski",Kuusankoski,ilmainen
2667002-9,Lapin Caravanhuolto Oy,Osakeyhtiö,"Teollisuustie 42 H, 96320 Rovaniemi",Rovaniemi,ilmainen
2667918-9,Plus Pikahuolto Oy,Osakeyhtiö,"Vähäheikkiläntie 55, 20810 Turku",Turku,ilmainen
2667953-3,Alppilan Autokorjaamo Oy,Osakeyhtiö,"Kaarnatie 26, 90530 Oulu",Oulu,ilmainen
2668059-3,Kaarinan Autoveljet avoin yhtiö,Avoin yhtiö,"Lautamiehenkatu 3, 20780 Kaarina",Kaarina,ilmainen
2670645-8,Konekiesi Oy,Osakeyhtiö,"Rantatie 67, 27800 Säkylä",Säkylä,ilmainen
2671673-6,Anton's Garage Oy,Osakeyhtiö,"Pysäkkitie 2 B, 08680 Lohja",Lohja,ilmainen
2673427-2,HK-Automaalaus Oy,Osakeyhtiö,"Perniöntie 1967 B, 25500 Perniö",Perniö,ilmainen
2674621-4,Cleanmark Oy,Osakeyhtiö,"Kaivokatu 23 A, 48100 Kotka",Kotka,ilmainen
2674763-9,RKK Machine Center Oy,Osakeyhtiö,"Syvälahdentie 1133, 44200 Suolahti",Suolahti,ilmainen
2676117-4,LMM-Kiinteistöt Oy,Osakeyhtiö,"Yrittäjäntie 8, 01800 Klaukkala",Klaukkala,ilmainen
2677606-9,KBC garage Oy,Osakeyhtiö,"Harjuntie 29 C, 79140 Kotalahti",Kotalahti,ilmainen
2678040-4,NP Vatanen Oy,Osakeyhtiö,"Rahtikatu 15, 80100 Joensuu",Joensuu,ilmainen
2678490-7,Automaalaamo Pykäläinen Oy,Osakeyhtiö,"Peltomäenkatu 9 B, 04250 Kerava",Kerava,ilmainen
2679298-2,Autohuolto W Oy,Osakeyhtiö,"Linkkikatu 14, 21100 Naantali",Naantali,ilmainen
2679576-1,Shine Factor Oy,Osakeyhtiö,"Puutarhatie 26 A, 01300 Vantaa",Vantaa,ilmainen
2679978-9,Vesa-Set Oy,Osakeyhtiö,"Sammon Valtatie 70, 33560 Tampere",Tampere,ilmainen
2680005-7,Autodemy Oy,Osakeyhtiö,"Aurinkotuulenkatu 3 C, 00990 Helsinki",Helsinki,ilmainen
2680081-5,Javel Oy,Osakeyhtiö,"Teollisuuskatu 8, 08150 Lohja",Lohja,ilmainen
2680296-8,Tommacin Oy,Osakeyhtiö,"Murukuja 6, 30100 Forssa",Forssa,ilmainen
2680587-8,Hi-Tech Auto-Vene Oy,Osakeyhtiö,"Palomiehentie 6, 02750 Espoo",Espoo,ilmainen
2680959-6,Auto & Konefix Ky,Kommandiittiyhtiö,"Luttusentie 4, 88300 Paltamo",Paltamo,ilmainen
2681426-4,Hionta ja Koneistus HS Oy,Osakeyhtiö,"Paanakedonkatu 23, 28100 Pori",Pori,ilmainen
2681551-5,Laitakangas Oy,Osakeyhtiö,"Kärsämäentie 1574, 86600 Haapavesi",Haapavesi,ilmainen
2681613-9,CARSU Oy,Osakeyhtiö,"Höyränmäenkatu 13, 78200 Varkaus",Varkaus,ilmainen
2682371-8,Keuruun Mart-Auto Oy,Osakeyhtiö,"Ahjokuja 6, 42700 Keuruu",Keuruu,ilmainen
2682840-4,Husso Yhtiöt Oy,Osakeyhtiö,"Ahjotie 6, 80100 Joensuu",Joensuu,ilmainen
2683520-9,Rahumets Service Oy,Osakeyhtiö,"Pajukonkuja 25, 04300 Tuusula",Tuusula,ilmainen
2683780-2,ProPolish Ab,Osakeyhtiö,"Blomstringevägen 10, 22150 Jomala",Jomala,ilmainen
2683989-1,Klasipojat Oy,Osakeyhtiö,23501 Uusikaupunki,Uusikaupunki,ilmainen
2684091-3,Teletiimi Ky,Kommandiittiyhtiö,"Herrdahlintie 17, 08500 Lohja",Lohja,ilmainen
2684146-5,Kiuru Palvelut Oy,Osakeyhtiö,"Kankitie 16, 48400 Kotka",Kotka,ilmainen
2684279-1,Jussilan Autohuolto Ky,Kommandiittiyhtiö,"Ainolankatu 14, 94200 Kemi",Kemi,ilmainen
2684796-3,TTT-Service Oy,Osakeyhtiö,"Sudentie 22, 58900 Rantasalmi",Rantasalmi,ilmainen
2685191-1,Mestarimeikkaajat Oy,Osakeyhtiö,"Näse-Jutten Katu 5 D, 06100 Porvoo",Porvoo,ilmainen
2685932-3,MP-Huolto Suokas Oy,Osakeyhtiö,"Aurinkoniityntie 3, 05800 Hyvinkää",Hyvinkää,ilmainen
2686298-7,Monetpa Oy,Osakeyhtiö,"Latojantie 2, 62100 Lapua",Lapua,ilmainen
2686524-8,Mastertank Oy,Osakeyhtiö,"Hampuntie 2 B, 36220 Kangasala",Kangasala,ilmainen
2686765-7,Satkone Oy,Osakeyhtiö,"Hakunintie 44 C, 26100 Rauma",Rauma,ilmainen
2687136-5,Jonnen Vene ja Auto Oy,Osakeyhtiö,"Högberginhaara 3 C, 04360 Tuusula",Tuusula,ilmainen
2687433-9,Kii-Kone Oy,Osakeyhtiö,"Tunkelontie 2, 38360 Sastamala",Sastamala,ilmainen
2688090-7,Konekorjaamo Hämäläinen Ky,Kommandiittiyhtiö,"Koivutie 51, 79630 Kolma",Kolma,ilmainen
2688139-5,Matin Pesumesta Ky,Kommandiittiyhtiö,"Kuusikkotie 12, 06650 Hamari",Hamari,ilmainen
2688258-2,Kellomäen Korjaamo Oy,Osakeyhtiö,"Mantereentie 2, 45720 Kuusankoski",Kuusankoski,ilmainen
2688973-3,River Road Design Oy,Osakeyhtiö,"Tavitie 1 H, 01450 Vantaa",Vantaa,ilmainen
2689535-9,Bemax Oy,Osakeyhtiö,"Tiilipojanlenkki 4, 01720 Vantaa",Vantaa,ilmainen
2689604-4,Suomen autocaravanpalvelut Oy,Osakeyhtiö,"Kössintie 239, 01830 Lepsämä",Lepsämä,ilmainen
2689693-3,KR Finland Oy,Osakeyhtiö,"Toivontie 12, 31600 Jokioinen",Jokioinen,ilmainen
2690427-8,L.L TRUCK´S OY,Osakeyhtiö,"Hainarinkatu 9, 33730 Tampere",Tampere,ilmainen
2690438-2,JP Fastigheter AB,Osakeyhtiö,"Torpvägen 3, 22240 Hammarland",Hammarland,ilmainen
2690782-3,AutoImatra Oy,Osakeyhtiö,"Pumppukuja 12, 55100 Imatra",Imatra,ilmainen
2690791-1,MT-TEK Oy,Osakeyhtiö,"Krootilantie 16, 27510 Eura",Eura,ilmainen
2690836-7,MO Automaalaamo Oy,Osakeyhtiö,"Vaajakoskentie 568, 40800 Vaajakoski",Vaajakoski,ilmainen
2690868-2,Klistec Oy,Osakeyhtiö,"Lummetie 1 G, 01300 Vantaa",Vantaa,ilmainen
2691030-1,Karjalan automaalaamo Oy,Osakeyhtiö,"Varastotie 65, 55300 Rauha",Rauha,ilmainen
2692013-9,Coffert Finland Oy,Osakeyhtiö,00000 Osoite Tuntematon,Osoite Tuntematon,ilmainen
2692182-8,Juvan Ras-palvelut Oy,Osakeyhtiö,"Kankaisentie 359, 51900 Juva",Juva,ilmainen
2692292-7,Autohuolto Sotkamo Oy,Osakeyhtiö,"Kainuuntie 1, 88600 Sotkamo",Sotkamo,ilmainen
2692380-7,Kotkan Autolasi Oy,Osakeyhtiö,"Kiilatie 11 D, 48400 Kotka",Kotka,ilmainen
2692922-1,SS-Truck Service Oy,Osakeyhtiö,"Jaakonkuruntie 1, 26510 Rauma",Rauma,ilmainen
2692932-8,Autohuolto Fido Oy,Osakeyhtiö,"Vestonkatu 13 H, 33580 Tampere",Tampere,ilmainen
2692970-7,JVO Konehuolto Oy,Osakeyhtiö,"Teollisuustie 6, 16300 Orimattila",Orimattila,ilmainen
2693283-4,Savon Raskashuolto Oy,Osakeyhtiö,"Telkkistentie 14-16, 70460 Kuopio",Kuopio,ilmainen
2693480-5,Loimaan Kolarikorjaamo Oy,Osakeyhtiö,"Myllytie 77, 32440 Alastaro",Alastaro,ilmainen
2694250-6,Joensuun Autofiksaamo Ky,Kommandiittiyhtiö,"Arppentie 10, 80170 Joensuu",Joensuu,ilmainen
2694789-2,MTK-Huolto Ky,Kommandiittiyhtiö,"Aleksanterinkatu 25, 15140 Lahti",Lahti,ilmainen
2695300-2,Autohuolto TamCar Oy,Osakeyhtiö,"Rahtarinkatu 1, 00980 Helsinki",Helsinki,ilmainen
2695879-4,JMN Autohuolto Oy,Osakeyhtiö,"Akinkuja 4, 37800 Akaa",Akaa,ilmainen
2695925-2,JR Autocenter Oy,Osakeyhtiö,"Portinkaarre 9 lt., 90410 Oulu",Oulu,ilmainen
2697092-9,Okatek Oy,Osakeyhtiö,"Luhtikyläntie 176 B, 16300 Orimattila",Orimattila,ilmainen
2697666-9,AP-Hyvärinen Autokorjaamo Oy,Osakeyhtiö,"Ahjokatu 1-3, 87400 Kajaani",Kajaani,ilmainen
2697879-5,PP Garage Oy,Osakeyhtiö,"Valimontie 5, 60510 Hyllykallio",Hyllykallio,ilmainen
2698269-8,Mikress Oy,Osakeyhtiö,"Yrittäjänkatu 17, 50130 Mikkeli",Mikkeli,ilmainen
2699138-3,MM Autopalvelut Oy,Osakeyhtiö,"Ulakatu 5, 96300 Rovaniemi",Rovaniemi,ilmainen
2700076-4,Oulun Dieselhuolto OY,Osakeyhtiö,"Hautakorventie 13 B, 90620 Oulu",Oulu,ilmainen
2701071-9,SE-8 Motorfix Ky,Kommandiittiyhtiö,"Tervonlammentie 85, 79100 Leppävirta",Leppävirta,ilmainen
2701258-9,Autotrio Oy,Osakeyhtiö,"Juvan Teollisuuskatu 26, 02920 Espoo",Espoo,ilmainen
2701532-5,Dip Design Ky,Kommandiittiyhtiö,"Kukinkuja 2 P, 01620 Vantaa",Vantaa,ilmainen
2701755-8,Automaalaamo Palmulehto Oy,Osakeyhtiö,"Ohrakuja 15, 21360 Lieto As",Lieto As,ilmainen
2702533-9,Kustavin Autokorjaamo Oy,Kommandiittiyhtiö,"Kustavintie 5129, 23360 Kustavi",Kustavi,ilmainen
2702621-9,PP Speedshop Oy,Osakeyhtiö,"Päiviönkatu 43, 74100 Iisalmi",Iisalmi,ilmainen
2703386-5,2K Autovaraosat ja Huolto Oy,Osakeyhtiö,"Niementie 10 A, 16300 Orimattila",Orimattila,ilmainen
2703657-2,MH Huolto-osa Oy,Avoin yhtiö,"Tehdastie 5, 31400 Somero",Somero,ilmainen
2704013-3,JYMI Huolto Ky,Kommandiittiyhtiö,"Kuurilantie 6, 31230 Susikas",Susikas,ilmainen
2705213-4,Hämeen CarFix Oy,Osakeyhtiö,"Parolantie 63, 13130 Hämeenlinna",Hämeenlinna,ilmainen
2705335-6,Autohuolto Kivelä Oy,Osakeyhtiö,"Sivutie 6, 92140 Pattijoki",Pattijoki,ilmainen
2705722-6,Lippulaivan autopesu Oy,Osakeyhtiö,"Espoonlahdenkatu 14 B, 02320 Espoo",Espoo,ilmainen
2705926-4,Painava Keskus Oy,Osakeyhtiö,"Puulaaksonkuja 1, 43640 Humppi",Humppi,ilmainen
2705998-5,HYFIX OY,Osakeyhtiö,"Martinsyrjäntie 8 A, 05810 Hyvinkää",Hyvinkää,ilmainen
2707081-8,SUOMEN AUTONPESU Oy,Osakeyhtiö,"Mekaanikonkatu 19 B, 00880 Helsinki",Helsinki,ilmainen
2707521-3,Paint Garage Oy,Osakeyhtiö,"Jaspiskuja 1 B, 01700 Vantaa",Vantaa,ilmainen
2707671-8,North Actor Oy,Osakeyhtiö,"Korttilankatu 7, 95450 Tornio",Tornio,ilmainen
2709656-7,Mosan Autohuolto Oy,Osakeyhtiö,"Ristipellontie 14, 00390 Helsinki",Helsinki,ilmainen
2710529-1,Korson Autohuolto Oy,Osakeyhtiö,"Uranuksenkuja 1 D, 01480 Vantaa",Vantaa,ilmainen
2710734-2,Autotek Valenci Oy,Osakeyhtiö,"Susikuja 9, 04130 Sipoo",Sipoo,ilmainen
2710785-2,Best Team Oy,Osakeyhtiö,"Sudenkatu 8, 20760 Piispanristi",Piispanristi,ilmainen
2711242-4,Juhan Automaalaamo Oy,Osakeyhtiö,"Tyrnäväntie 3, 90400 Oulu",Oulu,ilmainen
2711931-9,Truck & Auto Service Ii Oy,Osakeyhtiö,"Vaneritie 6, 91100 Ii",Ii,ilmainen
2712026-4,Vente Oy,Osakeyhtiö,"Kuusanlammentie 3 N, 45160 Kouvola",Kouvola,ilmainen
2712536-4,Hietsun Autopesu Oy,Osakeyhtiö,"Mallaskatu 1, 00120 Helsinki",Helsinki,ilmainen
2713082-5,123 AUTOLASI OY,Osakeyhtiö,"Ristipellontie 25, 00390 Helsinki",Helsinki,ilmainen
2713339-9,Pirkanmaan Ajoneuvohuolto Oy,Osakeyhtiö,"Lempääläntie 22, 33820 Tampere",Tampere,ilmainen
2713731-4,Rekkasepät Oy,Osakeyhtiö,"Haavistontie 4, 63100 Kuortane",Kuortane,ilmainen
2714255-1,ML Optimointi Oy,Osakeyhtiö,"Ahrolantie 248, 39100 Hämeenkyrö",Hämeenkyrö,ilmainen
2714566-4,FinVinyl Oy,Osakeyhtiö,"Voisalmentie 5, 53920 Lappeenranta",Lappeenranta,ilmainen
2715052-7,Joensuun Korivärikeskus Oy,Osakeyhtiö,"Puusepänpolku 2 A, 80400 Ylämylly",Ylämylly,ilmainen
2715141-5,Kallantien Autohuolto Oy,Osakeyhtiö,"Kallantie 7, 70340 Kuopio",Kuopio,ilmainen
2715754-2,SHV-Autotalo Oy,Osakeyhtiö,"Keskikankaantie 4, 15860 Hollola",Hollola,ilmainen
2716036-2,AutoAnamaker OY,Osakeyhtiö,"Hyppytie 5 B, 01280 Vantaa",Vantaa,ilmainen
2716322-1,Voikkaan Autohuolto Ky,Kommandiittiyhtiö,"Sipintie 11, 45910 Voikkaa",Voikkaa,ilmainen
2716573-7,RannikkoGroup Oy,Osakeyhtiö,"Kannistontie 4, 36220 Kangasala",Kangasala,ilmainen
2716699-1,Angry Sports Oy,Osakeyhtiö,"Eteläesplanadi 4, 00130 Helsinki",Helsinki,ilmainen
2717062-4,Ruosteenesto Niskakoski Oy,Osakeyhtiö,"Jokisivuntie 21, 85820 Oksava",Oksava,ilmainen
2718223-8,MMK-Power Oy,Osakeyhtiö,"Tupatallinkatu 5, 53500 Lappeenranta",Lappeenranta,ilmainen
2718739-7,MJE-Fix Oy,Osakeyhtiö,"Taninkatu 11, 33400 Tampere",Tampere,ilmainen
2718803-1,OK-Senic Oy,Osakeyhtiö,"Säynäskuja 4, 00560 Helsinki",Helsinki,ilmainen
2718988-6,Kaakon Autohuolto Oy,Osakeyhtiö,"Alasuutarintie 5, 48400 Kotka",Kotka,ilmainen
2719304-1,Mäntsälän Autopalvelu Oy,Osakeyhtiö,"Päivärinteenpolku 3, 04600 Mäntsälä",Mäntsälä,ilmainen
2720081-1,Kankaanpään Autotyö Oy,Osakeyhtiö,"Nikkarintie 5, 31760 Urjala",Urjala,ilmainen
2720088-9,Suonenjoen Autosähkö Oy,Osakeyhtiö,"Yrittäjänkatu 2, 77600 Suonenjoki",Suonenjoki,ilmainen
2721656-5,TM Bil & Maskinservice Ab,Osakeyhtiö,"Nedranvägen 19, 66840 Pensala",Pensala,ilmainen
2722016-9,Klassik-Trans Oy,Osakeyhtiö,"Mäntytie 11, 37550 Lempäälä",Lempäälä,ilmainen
2723163-4,Sara-Fixi Oy,Osakeyhtiö,"Jussinkuja 22, 91410 Jokirinne",Jokirinne,ilmainen
2723810-7,RengasPoint Oy,Osakeyhtiö,"Teollisuustie 12 B, 96320 Rovaniemi",Rovaniemi,ilmainen
2724225-3,MM-Tuning Oy,Osakeyhtiö,"Voudinkatu 35a, 21200 Raisio",Raisio,ilmainen
2724281-9,Sisu Pesu Oy,Osakeyhtiö,"Kiiliänkuja 2 A, 00940 Helsinki",Helsinki,ilmainen
2724573-7,MarineTeam Oy,Osakeyhtiö,"Merenkävijänkatu 80, 20900 Turku",Turku,ilmainen
2725593-5,Neulamäen Auto- ja kolarikorjaamo Oy,Osakeyhtiö,"Teräskatu 7, 70150 Kuopio",Kuopio,ilmainen
2725738-3,HeisCar Oy,Osakeyhtiö,"Kuurnankatu 13, 80100 Joensuu",Joensuu,ilmainen
2726326-5,Pikkuvolkkari Oy,Osakeyhtiö,"Haapaniitynkatu 6, 04230 Kerava",Kerava,ilmainen
2726700-4,Kurkota Oy,Osakeyhtiö,"Raappavuorenkuja 1 D, 01620 Vantaa",Vantaa,ilmainen
2726967-5,Muurajan Auto Oy,Osakeyhtiö,"Suvisrannantie 15, 83500 Outokumpu",Outokumpu,ilmainen
2727267-1,TeeKoo-Auto Oy,Osakeyhtiö,"Osuusmyllynkatu 5, 33700 Tampere",Tampere,ilmainen
2727388-5,Osaratas Kemi Oy,Osakeyhtiö,"Korjaamontie 2, 94200 Kemi",Kemi,ilmainen
2727661-3,Jalator Oy,Osakeyhtiö,"Rajamyllyntie 1c, 01760 Vantaa",Vantaa,ilmainen
2728245-8,NC Detailing Öppet bolag,Avoin yhtiö,"Chaufförsvägen 12, 10600 Tammisaari",Tammisaari,ilmainen
2728794-5,Autopalvelut Keronen Oy,Osakeyhtiö,"Rahkeentie 10, 80100 Joensuu",Joensuu,ilmainen
2729047-4,Kaarinan Autohuolto Oy,Osakeyhtiö,"Kaijantie 7, 21420 Lieto",Lieto,ilmainen
2729085-3,Pelit ja Vehkeet Oy,Osakeyhtiö,"Airotie 6, 93600 Kuusamo",Kuusamo,ilmainen
2729367-5,Pikkuwille J&J oy,Osakeyhtiö,"Santalankuja 19, 04660 Numminen",Numminen,ilmainen
2729672-9,Forcedes Oy,Osakeyhtiö,"Mäkelänlenkki 20, 52700 Mäntyharju",Mäntyharju,ilmainen
2730305-2,Autopuhdistus Hero Ky,Kommandiittiyhtiö,"Levytie 5, 37800 Akaa",Akaa,ilmainen
2730348-2,OHMI Invest Oy,Osakeyhtiö,"Viljasenkatu 13, 40720 Jyväskylä",Jyväskylä,ilmainen
2731272-5,Mikkelin Car Clean Oy,Osakeyhtiö,"Pulttikatu 2, 50170 Mikkeli",Mikkeli,ilmainen
2731305-8,Easy Go Oy,Osakeyhtiö,"Aamuruskontie 6, 00750 Helsinki",Helsinki,ilmainen
2731322-6,S & M Autohuolto Osk,Osuuskunta,"Erkonkatu 8b as., 57100 Savonlinna",Savonlinna,ilmainen
2731854-5,Granin Auto Oy,Osakeyhtiö,"Kuurinmäentie 12, 02750 Espoo",Espoo,ilmainen
2732472-6,PL-Autohuolto Oy,Osakeyhtiö,"Mäkelänlenkki 14, 52700 Mäntyharju",Mäntyharju,ilmainen
2732494-5,LK Autopesu Doni Oy,Osakeyhtiö,"Rautkalliontie 4 D, 01360 Vantaa",Vantaa,ilmainen
2732535-8,Ruutupojat Oy,Osakeyhtiö,"Punasillanmäentie 6 A, 40950 Muurame",Muurame,ilmainen
2732760-1,Autohuolto Piispa Ky,Kommandiittiyhtiö,"Yrittäjänkatu 30, 50130 Mikkeli",Mikkeli,ilmainen
2732991-4,Glasspoint Oy,Osakeyhtiö,"Haarakaari 48, 04360 Tuusula",Tuusula,ilmainen
2734127-8,AJM Huolto Oy,Osakeyhtiö,"Kerkkolankatu 24, 05800 Hyvinkää",Hyvinkää,ilmainen
2734357-2,Autohifi Turku Oy,Osakeyhtiö,"Purokatu 2, 21200 Raisio",Raisio,ilmainen
2734449-5,Autopeltikorjaamo Fireriver Ky,Kommandiittiyhtiö,"Lehmojantie 59, 01940 Palojoki",Palojoki,ilmainen
2734523-6,PP Huoltamopalvelut Oy,Osakeyhtiö,"Puustellintie 22, 72400 Pielavesi",Pielavesi,ilmainen
2734834-9,Autokorjaamo Konepukki Oy,Osakeyhtiö,"Huoltomiehentie 11, 21420 Lieto",Lieto,ilmainen
2735314-8,Autopalvelu JW-Service Oy,Osakeyhtiö,"Korvenmäentie 15, 21500 Piikkiö",Piikkiö,ilmainen
2736087-4,Raskashuolto J. Levo Oy,Osakeyhtiö,"Piisitie 6, 24910 Halikko As",Halikko As,ilmainen
2736154-3,Huoltiainen Oy,Osakeyhtiö,"Ruissaarentie 141, 23450 Lokalahti",Lokalahti,ilmainen
2737240-2,Kenutek Oy,Osakeyhtiö,"Mehiläisenkuja 3 B, 02770 Espoo",Espoo,ilmainen
2737632-3,Juukone Oy,Osakeyhtiö,"Kauppilantie 17, 44580 Huopanankoski",Huopanankoski,ilmainen
2737842-5,M1-AutoService OY,Osakeyhtiö,"Vasarakatu 6 A, 37150 Nokia",Nokia,ilmainen
2738777-8,Uudenmaan Autospa Oy,Osakeyhtiö,"Yrjönkatu 8-10, 00120 Helsinki",Helsinki,ilmainen
2739440-9,Rovahuolto Oy,Osakeyhtiö,"Alakorkalontie 10, 96300 Rovaniemi",Rovaniemi,ilmainen
2739456-4,Jampit Oy,Osakeyhtiö,"Sammontie 8, 70900 Toivala",Toivala,ilmainen
2739821-5,Kuopion Ruoste-Esto Martikainen Oy,Osakeyhtiö,"Rautakatu 4, 70150 Kuopio",Kuopio,ilmainen
2741906-3,Konepalvelu R. Aho Oy,Osakeyhtiö,"Hitsaajankatu 8, 61300 Kurikka",Kurikka,ilmainen
2744890-5,Kirkkonummen Autofiksi Oy,Osakeyhtiö,"Asentajantie 3, 02400 Kirkkonummi",Kirkkonummi,ilmainen
2745492-6,RR-Autofix Oy,Osakeyhtiö,"Kyminlinnantie 22, 48600 Kotka",Kotka,ilmainen
2746982-9,Lepi Palvelut Oy,Osakeyhtiö,"Laivalahdenkaari 22 A, 00810 Helsinki",Helsinki,ilmainen
2747286-8,Paulakorpi Oy,Osakeyhtiö,"Tuottotie 4, 33470 Ylöjärvi",Ylöjärvi,ilmainen
2747898-7,Kesälahden Koneasennus Oy,Osakeyhtiö,"Vanha Kuninkaantie 120, 04130 Sipoo",Sipoo,ilmainen
2748212-6,Ajoneuvosähkö Tervaniemi Oy,Osakeyhtiö,"Kirkonkyläntie 80, 32700 Huittinen",Huittinen,ilmainen
2748316-1,Luotto huollot Oy,Osakeyhtiö,"Salontie 1, 66300 Jurva",Jurva,ilmainen
2748568-5,SW-Autohuolto Oy,Osakeyhtiö,"Kuskinkierros 9 B, 03100 Nummela",Nummela,ilmainen
2748689-9,Automaalaamo Järvinen Ky,Kommandiittiyhtiö,"Viikarintie 92, 16300 Orimattila",Orimattila,ilmainen
2748978-2,Autokorjaamo Levomäki Oy,Osakeyhtiö,"Mikkolantie 14, 28130 Pori",Pori,ilmainen
2749553-3,Konehuolto Seppänen Oy,Osakeyhtiö,"Huurretie 3, 87500 Kajaani",Kajaani,ilmainen
2749596-3,Kouvolan Autokiilto Lux Oy,Osakeyhtiö,"Kaupinkuja 2, 45130 Kouvola",Kouvola,ilmainen
2750502-5,Autohuolto Tero Pirkkanen Oy,Osakeyhtiö,"Palokärjentie 1, 40320 Jyväskylä",Jyväskylä,ilmainen
2750781-3,MotoCar Salo Oy,Osakeyhtiö,"Perojantie 9, 69300 Toholampi",Toholampi,ilmainen
2751630-6,TT Kodit Oy,Osakeyhtiö,"Pikkusirkuntie 6, 02660 Espoo",Espoo,ilmainen
2751800-2,Pohjanmaan Raskasvaruste Oy,Osakeyhtiö,"Jylhäntie 131, 69600 Kaustinen",Kaustinen,ilmainen
2752306-3,Autokapteeni Oy,Osakeyhtiö,"Mekaanikonkuja 6, 70900 Toivala",Toivala,ilmainen
2752550-1,Koillismaan Vauriokorjaus Oy,Osakeyhtiö,"Revontulentie 20 A, 93600 Kuusamo",Kuusamo,ilmainen
2752782-2,OK - Konehuolto Oy,Osakeyhtiö,"Emalikatu 10, 04440 Järvenpää",Järvenpää,ilmainen
2752819-8,ML Kansityö Oy,Osakeyhtiö,"Ahkiomaantie 4 lt., 96300 Rovaniemi",Rovaniemi,ilmainen
2752968-4,Suomen Autopinnoite Oy,Osakeyhtiö,"Tehtaankatu 14, 38700 Kankaanpää",Kankaanpää,ilmainen
2753282-4,Repairbox Oy,Osakeyhtiö,"Kaarikuja 1 F, 00940 Helsinki",Helsinki,ilmainen
2753478-2,VMK Service Oy,Osakeyhtiö,"Sulantie 28 B, 04300 Tuusula",Tuusula,ilmainen
2754190-7,Autokorjaamo UCCO Oy,Osakeyhtiö,"Uistintie 15, 90550 Oulu",Oulu,ilmainen
2754584-4,Niko Korsumäki Racing Oy,Osakeyhtiö,"Yrittäjäntie 2, 63700 Ähtäri",Ähtäri,ilmainen
2755638-3,AUTOHUOLTO POWER OY,Osakeyhtiö,"Siikarannantie 7, 89600 Suomussalmi",Suomussalmi,ilmainen
2755796-8,Pohjanmaan Korjaus ja Metallipalvelu Oy,Osakeyhtiö,"Turppalantie 31, 61500 Isokyrö",Isokyrö,ilmainen
2755809-8,Autopeltityö Koivumäki Oy,Osakeyhtiö,"Tommilankatu 17 A, 20300 Turku",Turku,ilmainen
2756852-8,RuosteSohlberg Oy,Osakeyhtiö,"Tuulilasintie 13, 00770 Helsinki",Helsinki,ilmainen
2756855-2,EcoKiilto OY,Osakeyhtiö,"Björkövägen 35, 21630 Lielahti Tl",Lielahti Tl,ilmainen
2756868-3,Autokorjaamo Taskinen Oy,Osakeyhtiö,"Harkkotie 2 A, 80100 Joensuu",Joensuu,ilmainen
2756942-4,ARTE Company Oy,Osakeyhtiö,"Kalaistenvuorentie 19, 17500 Padasjoki",Padasjoki,ilmainen
2757098-6,KH Fordonsservice Ab Oy,Osakeyhtiö,"Härmävägen 6, 66600 Vöyri",Vöyri,ilmainen
2757434-6,MP Huolto Make Ky,Kommandiittiyhtiö,"Airakselantie 256, 71490 Airaksela",Airaksela,ilmainen
2757516-2,Sky Yhtiöt Oy,Osakeyhtiö,"Viikintie 21, 00560 Helsinki",Helsinki,ilmainen
2758011-3,Autopaja Tuusula Oy,Osakeyhtiö,"Korvenrannantie 15, 04320 Tuusula",Tuusula,ilmainen
2758514-1,Porin pesupiste Oy,Osakeyhtiö,"Helmentie 28, 28100 Pori",Pori,ilmainen
2758648-6,SKD Auto Ky,Kommandiittiyhtiö,"Polunmäenkatu 49, 33720 Tampere",Tampere,ilmainen
2759090-1,KETTULAN KONE OY,Osakeyhtiö,"Nevanperäntie 498, 38360 Sastamala",Sastamala,ilmainen
2759513-9,Bilverkstan i Mariehamn Ab,Osakeyhtiö,"Ickullavägen 12, 22120 Mariehamn",Mariehamn,ilmainen
2759601-9,Jyväskylän Auto- ja Konehuolto Ky,Avoin yhtiö,"Säkkitie 7, 40320 Jyväskylä",Jyväskylä,ilmainen
2760344-2,Thunebergs träbåtsrenovering Ab,Osakeyhtiö,"Slipstensvägen 4, 06400 Porvoo",Porvoo,ilmainen
2760449-6,Lahden Autotekniikka Oy,Osakeyhtiö,"Aukeankatu 8, 15680 Lahti",Lahti,ilmainen
2760618-4,Ajoneuvopiste Oy,Osakeyhtiö,"Alaniityntie 6, 01900 Nurmijärvi",Nurmijärvi,ilmainen
2760916-6,Wecarell Oy,Osakeyhtiö,"Jänisjärventie 226, 14820 Tuulos",Tuulos,ilmainen
2761133-8,Truck Service Lohja Oy,Osakeyhtiö,"Lohjanharjuntie 1109, 08500 Lohja",Lohja,ilmainen
2761168-8,JOTEKO OY,Osakeyhtiö,"Mäkitie 60 A, 01390 Vantaa",Vantaa,ilmainen
2761218-9,Autopesu Satafix Ky,Kommandiittiyhtiö,"Isojoenrannantie 93, 28240 Pori",Pori,ilmainen
2761601-6,TJ Palola Oy,Osakeyhtiö,"Korventie 52, 85500 Nivala",Nivala,ilmainen
2761738-5,Sepcar Group Oy,Osakeyhtiö,"Kelatie 16 A, 01450 Vantaa",Vantaa,ilmainen
2761838-8,SaKaPe Oy,Osakeyhtiö,"Peltolantie 89, 21360 Lieto As",Lieto As,ilmainen
2762097-1,Autohoitaja Avoin yhtiö,Avoin yhtiö,"Tiilipojanlenkki 6, 01720 Vantaa",Vantaa,ilmainen
2762166-7,Hannula Service Oy,Osakeyhtiö,"Kuuminaistentie 12, 28660 Pori",Pori,ilmainen
2762424-3,Launeen Autohuolto Oy,Osakeyhtiö,"Launeenkatu 82, 15610 Lahti",Lahti,ilmainen
2762660-1,Sjöberg Truck Service Oy,Osakeyhtiö,"Koskelonsilta 1, 02920 Espoo",Espoo,ilmainen
2763545-2,Muuramen Autopesu Oy,Osakeyhtiö,"Punasillantie 6, 40950 Muurame",Muurame,ilmainen
2764630-3,Lakeuden korjaamo oy,Osakeyhtiö,"Ikkeläjärventie 857, 61880 Ikkeläjärvi",Ikkeläjärvi,ilmainen
2764634-6,Autofix Tampere Oy,Osakeyhtiö,"Mäkirinteentie 13, 36220 Kangasala",Kangasala,ilmainen
2764897-4,Kone Pistemaa Oy,Osakeyhtiö,"Limingankuja 4, 90400 Oulu",Oulu,ilmainen
2764973-1,JT Fix Oy,Osakeyhtiö,"Metsontie 4 B, 04320 Tuusula",Tuusula,ilmainen
2765340-7,Kepun Auto Oy,Osakeyhtiö,"Sarvikatu 2, 18100 Heinola",Heinola,ilmainen
2765548-8,Tomatic Oy,Osakeyhtiö,"Konekorjaamontie 13, 15550 Nastola",Nastola,ilmainen
2765582-4,PKJ-Huolto Ky,Kommandiittiyhtiö,"Näätäkuja 2, 16900 Lammi",Lammi,ilmainen
2766123-9,Autokorjaamo Pamex Oy,Osakeyhtiö,"Myllymäenkatu 17, 53550 Lappeenranta",Lappeenranta,ilmainen
2766432-5,Kotkan Autohuolto Oy,Osakeyhtiö,"Ruuvikatu 7, 48770 Kotka",Kotka,ilmainen
2768045-6,Autopalvelu Markko Oy,Osakeyhtiö,"Punasillantie 6, 40950 Muurame",Muurame,ilmainen
2768046-4,Komek Oy,Osakeyhtiö,"Sahinniementie 75, 77330 Virtasalmi",Virtasalmi,ilmainen
2768065-9,Ronnys-Mek Ab,Osakeyhtiö,"Saltviksvägen 885, 22430 Saltvik",Saltvik,ilmainen
2768122-1,Finn Auto Service avoin yhtiö,Avoin yhtiö,"Linnanherrankuja 7 A, 00950 Helsinki",Helsinki,ilmainen
2768984-8,J. Hietapakka Oy,Osakeyhtiö,"Kuruntie 56, 69450 Yli-Lesti",Yli-Lesti,ilmainen
2769473-5,Rokanco Oy,Osakeyhtiö,"Kalmasmäentie 21, 21570 Sauvo",Sauvo,ilmainen
2770713-7,JAL Kaivuu Oy,Osakeyhtiö,"Karjasillantie 27, 28220 Pori",Pori,ilmainen
2771248-9,Kokkolan Autohuolto Oy,Osakeyhtiö,"Mestarintie 10, 67100 Kokkola",Kokkola,ilmainen
2771270-2,DIAGRAMI OY,Osakeyhtiö,"Hauklampi 211, 08480 Lohja",Lohja,ilmainen
2771344-9,Truckshop Häggblom Ab Oy,Osakeyhtiö,"Vagnsmakarevägen 16, 68600 Pietarsaari",Pietarsaari,ilmainen
2771539-9,Stone Service Oy,Osakeyhtiö,"Tulimäki 9, 13210 Hämeenlinna",Hämeenlinna,ilmainen
2771694-9,HuoltoAsennus Toikkanen Oy,Osakeyhtiö,"Aarteenetsijänkuja 10 B, 00970 Helsinki",Helsinki,ilmainen
2771833-8,Ylivieskan Autonlasit Oy,Osakeyhtiö,"Ruutihaantie 2 B, 84100 Ylivieska",Ylivieska,ilmainen
2771873-3,TS-Car Oy,Osakeyhtiö,"Ostomiehentie 13, 90420 Oulu",Oulu,ilmainen
2772131-8,Konekorjaus Viinamäki Oy,Osakeyhtiö,"Tyyneläntie 70 B, 62600 Lappajärvi",Lappajärvi,ilmainen
2772393-8,Autofix 321 Oy,Osakeyhtiö,00000 Osoite Tuntematon,Osoite Tuntematon,ilmainen
2772414-8,Kempeleen Konehuolto Oy,Osakeyhtiö,"Rasivainiontie 4, 90440 Kempele",Kempele,ilmainen
2772737-3,Alasmaat Oy,Osakeyhtiö,"Laihiantie 31, 27400 Kiukainen",Kiukainen,ilmainen
2772860-8,Stadin Korjaamo Oy,Osakeyhtiö,"Läkkisepäntie 15, 00620 Helsinki",Helsinki,ilmainen
2773112-9,ALL Motors Oy,Osakeyhtiö,"Valuraudantie 23, 00700 Helsinki",Helsinki,ilmainen
2773332-7,OK Center Oy,Osakeyhtiö,"Sammonvaltatie 70, 33560 Tampere",Tampere,ilmainen
2773383-7,Raskashinaus Eskola Oy,Osakeyhtiö,"Viralantie 650, 14240 Janakkala",Janakkala,ilmainen
2773530-6,BC Motors Oy,Osakeyhtiö,"Kisällintie 4, 04500 Kellokoski",Kellokoski,ilmainen
2774402-6,SR-Motorsport Oy,Osakeyhtiö,"Huhtaniemi 15 B, 31500 Koski Tl",Koski Tl,ilmainen
2774431-7,Pesonen Group Oy,Osakeyhtiö,"Maljakiventie 10 A, 82500 Kitee",Kitee,ilmainen
2774633-9,Ylivieskan Auto-Pesula Fixari Oy,Osakeyhtiö,"Ruutihaantie 9, 84100 Ylivieska",Ylivieska,ilmainen
2775266-7,Autohuolto JVP Oy,Osakeyhtiö,"Kaivontekijänkatu 3, 39500 Ikaalinen",Ikaalinen,ilmainen
2775389-7,TS Auto- ja raskaskonekorjaamo Ky,Kommandiittiyhtiö,"Hokkaranlenkki 126, 15540 Villähde",Villähde,ilmainen
2776026-1,Wrapit Oy,Osakeyhtiö,"Sipulintie 7, 02450 Sundsberg",Sundsberg,ilmainen
2776192-6,Varikkosuora Oy,Osakeyhtiö,"Kainuuntie 117, 88900 Kuhmo",Kuhmo,ilmainen
2776300-8,MM-Ratkaisu Oy,Osakeyhtiö,"Vaakunatie 35, 20780 Kaarina",Kaarina,ilmainen
2776380-9,Autokorjaamo Hagström Oy,Osakeyhtiö,"Myllyojankatu 26, 24100 Salo",Salo,ilmainen
2776695-4,JS-Bike Service Oy,Osakeyhtiö,"Niipperintie 51 B, 02920 Espoo",Espoo,ilmainen
2777141-1,Autollesi Group Oy,Osakeyhtiö,"Lavatie 5, 45610 Koria",Koria,ilmainen
2777170-2,Tecvest Oy,Osakeyhtiö,"Petäälammentie 8, 41340 Laukaa",Laukaa,ilmainen
2777275-6,AutoNikkari Oy,Osakeyhtiö,"Neulakatu 4, 04410 Järvenpää",Järvenpää,ilmainen
2778055-3,E & K Konetiimi Ky,Kommandiittiyhtiö,"Saarikko 82, 35320 Hirsilä",Hirsilä,ilmainen
2778133-7,XL-Autopesu.com Oy,Osakeyhtiö,"Runsorin Puistokatu 6, 65380 Vaasa",Vaasa,ilmainen
2778550-6,bCare Oy,Osakeyhtiö,"Kauhatie 6, 40320 Jyväskylä",Jyväskylä,ilmainen
2778677-9,MTS multi teknic service Oy,Osakeyhtiö,"Sammontie 10, 70900 Toivala",Toivala,ilmainen
2778696-3,Tuomas Gee OY,Osakeyhtiö,"Gotlanninkatu 2, 20240 Turku",Turku,ilmainen
2779969-2,FixLin Oy,Osakeyhtiö,"Höytiäntie 468, 41220 Höytiä",Höytiä,ilmainen
2780206-2,Voutilan Autohuolto Oy,Osakeyhtiö,"Varsikuja 3, 01740 Vantaa",Vantaa,ilmainen
2780762-1,MK Star Service Oy,Osakeyhtiö,"Haatintie 20, 21270 Nousiainen",Nousiainen,ilmainen
2781038-8,Myllymäen Auto ja Konehuolto Oy,Kommandiittiyhtiö,"Kaakkoiskaari 18 A, 53500 Lappeenranta",Lappeenranta,ilmainen
2781116-1,Lapinrajan Autohuolto Ky,Kommandiittiyhtiö,"Keskustie 37, 97700 Ranua",Ranua,ilmainen
2781296-5,JH Tint Oy,Osakeyhtiö,"Kuriiritie 22 E, 01510 Vantaa",Vantaa,ilmainen
2782116-7,Dayhill Customs Oy,Osakeyhtiö,"Alppikylänkatu 2 B, 00770 Helsinki",Helsinki,ilmainen
2782485-1,AutoHaus Boost Oy,Osakeyhtiö,"Putkitie 3, 00880 Helsinki",Helsinki,ilmainen
2782598-5,GP Korjaus oy,Osakeyhtiö,"Juslansuu 7, 04360 Tuusula",Tuusula,ilmainen
2782761-4,JKL Asennus Oy,Osakeyhtiö,"Vihtiäläntie 154, 41310 Leppävesi",Leppävesi,ilmainen
2783530-7,Akin Autohuolto Oy,Osakeyhtiö,"Vilhonkatu 22, 24240 Salo",Salo,ilmainen
2783768-7,Autocirc Erikssons Ab,Osakeyhtiö,"Åsbackavägen 164, 68810 Ytteresse",Ytteresse,ilmainen
2784180-3,Autohuolto Havukainen Oy,Osakeyhtiö,"Vierikatu 5, 04430 Järvenpää",Järvenpää,ilmainen
2784418-2,Autopesula Karlen Oy,Osakeyhtiö,"Kampikatu 4 A, 15810 Lahti",Lahti,ilmainen
2784484-4,LJ-Autohuolto Oy,Osakeyhtiö,04601 Mäntsälä,Mäntsälä,ilmainen
2785095-3,SnakeGarage Oy,Osakeyhtiö,"Puusepäntie 12 B, 00570 Helsinki",Helsinki,ilmainen
2785693-3,S&A Kankaala Oy,Osakeyhtiö,"Ritakumpu 1, 90540 Oulu",Oulu,ilmainen
2785748-5,Dipma Oy,Osakeyhtiö,"Juhalantie 13, 28760 Pori",Pori,ilmainen
2786381-8,AUTOKORJAAMO HUOLTOJARI Ky,Kommandiittiyhtiö,"Muuntamontie 2, 28400 Ulvila",Ulvila,ilmainen
2786998-8,Setälä Service Oy,Osakeyhtiö,"Ohrapolku 1, 45120 Kouvola",Kouvola,ilmainen
2787413-8,Motors Auto Service Oy,Osakeyhtiö,"Pitkämäenkatu 15, 20250 Turku",Turku,ilmainen
2787912-3,HJ Auto- ja Konekorjaamo Oy,Osakeyhtiö,"Itälehdontie 31, 21250 Masku",Masku,ilmainen
2789614-2,Autoasennus A&V Oy,Osakeyhtiö,"Yrittäjäntie 2, 82500 Kitee",Kitee,ilmainen
2790406-9,Autokorjaamo M. Ihalainen Oy,Osakeyhtiö,"Yrittäjäntie 6, 79100 Leppävirta",Leppävirta,ilmainen
2790796-4,Auto- ja prätkähuolto Marjamaa Oy,Osakeyhtiö,"Metsähiirenkatu 3 C, 20240 Turku",Turku,ilmainen
2790967-9,Jocar Autohuolto Oy,Osakeyhtiö,"Prosessikatu 2 C, 21110 Naantali",Naantali,ilmainen
2791138-1,Ab Krs Autolack Oy,Osakeyhtiö,"Vanha Vaasantie 88a, 64300 Lapväärtti",Lapväärtti,ilmainen
2791451-5,Korjaamopalvelu Ahokas & Leppänen Oy,Osakeyhtiö,"Tillinmäentie 3, 02330 Espoo",Espoo,ilmainen
2791961-5,Taboada Enterprises Ab Oy,Osakeyhtiö,"Mussorvägen 5 A, 65320 Vaasa",Vaasa,ilmainen
2792664-7,Ahmamotor Oy,Osakeyhtiö,"Ahmaniementie 84, 52100 Anttola",Anttola,ilmainen
2793313-4,Car Clinic Oy,Osakeyhtiö,"Hepolamminkatu 47, 33720 Tampere",Tampere,ilmainen
2793326-5,JJ Style Oy,Osakeyhtiö,"Puukorventie 6, 69700 Veteli",Veteli,ilmainen
2793427-6,AutoDent PDR Oy,Osakeyhtiö,"Vähäntuvantie 1a lh., 00390 Helsinki",Helsinki,ilmainen
2794810-9,TL Autopesu Oy,Osakeyhtiö,"Palomäentie 2 A, 37800 Akaa",Akaa,ilmainen
2795051-6,Silmukkatien Autohuolto Oy,Osakeyhtiö,"Silmukkatie 17, 65100 Vaasa",Vaasa,ilmainen
2795167-4,Auto Goro Oy,Osakeyhtiö,"Tasakalliontie 8 B, 02760 Espoo",Espoo,ilmainen
2795482-4,Lännen auto- ja venehuolto Oy,Osakeyhtiö,"Kauppatie 117, 29900 Merikarvia",Merikarvia,ilmainen
2796055-4,Paakki's Demolition Inc. Suomen sivuliike,Sivuliike,,,ilmainen
2796152-2,Hämeenlinnan Autopesu Oy,Osakeyhtiö,"Kaivokatu 7, 13100 Hämeenlinna",Hämeenlinna,ilmainen
2796515-2,Konepalvelu Lammi Oy,Osakeyhtiö,"Rataskatu 18, 60320 Seinäjoki",Seinäjoki,ilmainen
2797192-3,Allcar Service Oy,Osakeyhtiö,"Kaapelikatu 5, 50130 Mikkeli",Mikkeli,ilmainen
2797559-6,SMI Racing Oy,Osakeyhtiö,00000 Osoite Tuntematon,Osoite Tuntematon,ilmainen
2797672-4,AUTOKORJAAMO J. STEN OY,Osakeyhtiö,"Vuoksenniskantie 105 C, 55800 Imatra",Imatra,ilmainen
2797753-2,JP Truck Tuning Oy,Osakeyhtiö,"Ruokosmetsänkatu 13 B, 37570 Lempäälä",Lempäälä,ilmainen
2797758-3,Leathered Oy,Osakeyhtiö,"Purukuja 1 B, 04440 Järvenpää",Järvenpää,ilmainen
2798174-2,MXCAR OY,Osakeyhtiö,"Komeetankatu 1, 02210 Espoo",Espoo,ilmainen
2798254-2,Porvoon Autopiste Oy,Osakeyhtiö,"Mestarintie 9, 06150 Porvoo",Porvoo,ilmainen
2798329-7,OJ Garage OY,Osakeyhtiö,"Takkatie 20, 00370 Helsinki",Helsinki,ilmainen
2798807-1,HanAuto Oy,Osakeyhtiö,"Tiemestarintie 68, 21510 Hevonpää",Hevonpää,ilmainen
2799360-4,Mossea Ky,Kommandiittiyhtiö,"Kirkkopolku 18, 83500 Outokumpu",Outokumpu,ilmainen
2800353-7,MECRO SERVICE OY,Osakeyhtiö,"Ruskakatu 5, 05810 Hyvinkää",Hyvinkää,ilmainen
2800452-1,Autokorjaamo Haukka Oy,Osakeyhtiö,"Haukantie 130, 77700 Rautalampi",Rautalampi,ilmainen
2800515-3,Cdituikku OY,Osakeyhtiö,"Avaintie 17, 87700 Kajaani",Kajaani,ilmainen
2800742-3,AJ Performance Oy,Osakeyhtiö,"Puurtajantie 18, 60100 Seinäjoki",Seinäjoki,ilmainen
2800754-6,TDI Tuning Finland Oy,Osakeyhtiö,"Palokärjentie 1, 40320 Jyväskylä",Jyväskylä,ilmainen
2800878-4,Cars and parts garage Oy,Osakeyhtiö,"Mattilankuja 6, 37500 Lempäälä",Lempäälä,ilmainen
2801765-6,T.Reinola Oy,Osakeyhtiö,"Vastamäentie 183, 34110 Lakiala",Lakiala,ilmainen
2802070-8,ALU-KOLVI OY,Osakeyhtiö,"Teollisuustie 7, 54800 Savitaipale",Savitaipale,ilmainen
2802075-9,Rebel Paint Finland Oy,Osakeyhtiö,"Aakkulankatu 23, 33700 Tampere",Tampere,ilmainen
2802208-4,Holstinmäen Autohuolto Oy,Osakeyhtiö,"Kaarnikkatie 1, 90820 Kello",Kello,ilmainen
2802449-3,Kamuko Oy,Osakeyhtiö,"Jalostajantie 4, 60100 Seinäjoki",Seinäjoki,ilmainen
2802507-4,Kane's Garage Oy,Osakeyhtiö,"Pansiontie 48-52, 20240 Turku",Turku,ilmainen
2802749-1,Kurikan Auto- ja konehuolto Oy,Osakeyhtiö,"Jussinkatu 6, 61300 Kurikka",Kurikka,ilmainen
2803503-7,Joutsin kone Oy,Osakeyhtiö,"Staversbyvägen 213 C, 66520 Veikkaala",Veikkaala,ilmainen
2804054-9,LMD Service Oy,Osakeyhtiö,"Pietiläntie 8, 13130 Hämeenlinna",Hämeenlinna,ilmainen
2804989-3,KonneService Oy,Osakeyhtiö,"Jokirannantie 265, 44330 Hytölä",Hytölä,ilmainen
2806626-3,Perito Group Oy,Osakeyhtiö,"Louhentie 14, 28370 Pori",Pori,ilmainen
2807569-6,Aittakorven Auto Oy,Osakeyhtiö,"Aittakorventie 2, 48400 Kotka",Kotka,ilmainen
2808465-6,JV-Detailing Oy,Osakeyhtiö,"Raasakankatu 20, 69100 Kannus",Kannus,ilmainen
2808862-2,Fissio Oy,Osakeyhtiö,"Myllyojankatu 2, 24100 Salo",Salo,ilmainen
2808892-1,Auto Lehtonen Oy,Osakeyhtiö,"Mäntymäentie 4, 42700 Keuruu",Keuruu,ilmainen
2809345-6,Robins Marin Ab Oy,Osakeyhtiö,"Valsverksvägen 17, 25900 Taalintehdas",Taalintehdas,ilmainen
2809987-4,PRIME AUTO OY,Osakeyhtiö,"Piennarpolku 5, 53300 Lappeenranta",Lappeenranta,ilmainen
2810193-8,Kuopion Auto-Diesel Oy,Osakeyhtiö,"Mestarinkatu 6, 70700 Kuopio",Kuopio,ilmainen
2810436-2,AT-Huolto Mikkeli Oy,Osakeyhtiö,"Latukaari 6, 50600 Mikkeli",Mikkeli,ilmainen
2811078-9,Bruks Bilservice Ab,Osakeyhtiö,"Lingonvägen 1, 25900 Taalintehdas",Taalintehdas,ilmainen
2811091-4,Autoasia Ky,Kommandiittiyhtiö,"Etanakuja 32, 01480 Vantaa",Vantaa,ilmainen
2811120-4,HK Racing Ky,Kommandiittiyhtiö,"Sahratie 19, 12310 Ryttylä",Ryttylä,ilmainen
2811502-9,Konehuolto Juha Korri Oy,Osakeyhtiö,"Sahantie 60, 85500 Nivala",Nivala,ilmainen
2811858-8,Lahden Ruoste-expertit Oy,Osakeyhtiö,"Siirintie 18, 13270 Hämeenlinna",Hämeenlinna,ilmainen
2812306-1,MV AUTO avoin yhtiö,Avoin yhtiö,"Mosabackantie 104a, 02540 Kylmälä",Kylmälä,ilmainen
2812320-5,Konehuolto M Vanha-Kuitti Ky,Kommandiittiyhtiö,"Lauttakyläntie 369 as., 31900 Punkalaidun",Punkalaidun,ilmainen
2812453-1,Etelä-Pohjanmaan Autopesu Oy,Osakeyhtiö,"Varastotie 11, 60100 Seinäjoki",Seinäjoki,ilmainen
2812644-9,XT Works Oy,Osakeyhtiö,"Linnainmaankatu 8, 33580 Tampere",Tampere,ilmainen
2813550-5,AACC Oy,Osakeyhtiö,"Klingstorpintie 120, 10120 Tähtelä",Tähtelä,ilmainen
2814317-7,Teemu Äijälä Oy,Osakeyhtiö,"Äimätie 2, 90400 Oulu",Oulu,ilmainen
2814554-3,Tokahima Oy,Osakeyhtiö,"Jokikyläntie 29, 75500 Nurmes",Nurmes,ilmainen
2815806-1,Raskaspari Oy,Osakeyhtiö,"Puutarhakatu 9, 70300 Kuopio",Kuopio,ilmainen
2815870-7,Auto- ja Konekorjaamo AJO Oy,Osakeyhtiö,"Alikuja 3, 21380 Aura",Aura,ilmainen
2816235-1,Vettepeikko Oy,Osakeyhtiö,"Korpikuusentie 6, 41160 Tikkakoski",Tikkakoski,ilmainen
2816931-8,Kontiolahden Autopalvelu Oy,Osakeyhtiö,"Kruununtie 7, 80710 Lehmo",Lehmo,ilmainen
2817377-1,Laplease Oy,Osakeyhtiö,"Ahjotie 7, 96320 Rovaniemi",Rovaniemi,ilmainen
2817668-1,Autokorjaamo Laine Oy,Osakeyhtiö,"Ratamestarinkatu 2, 28100 Pori",Pori,ilmainen
2818538-5,Lapland Team Oy,Osakeyhtiö,"Lutontie 4, 99830 Saariselkä",Saariselkä,ilmainen
2818569-2,SLOPE SERVICE OY,Osakeyhtiö,"Simolantie 13, 21380 Aura",Aura,ilmainen
2818926-3,Kyhek Oy,Osakeyhtiö,"Koskitie 136, 44580 Huopanankoski",Huopanankoski,ilmainen
2819897-9,ATS Autohuolto Oy,Osakeyhtiö,"Takumäenkuja 5, 13130 Hämeenlinna",Hämeenlinna,ilmainen
2820031-1,Rockaroll Oy,Osakeyhtiö,"Jokelantie 537, 05470 Hyvinkää",Hyvinkää,ilmainen
2820143-7,MODENA AUTOHUOLTO OY,Osakeyhtiö,"Takoraudantie 3, 00700 Helsinki",Helsinki,ilmainen
2820224-5,Ile's Brilliancy Oy,Osakeyhtiö,"Areenakatu 4, 37570 Lempäälä",Lempäälä,ilmainen
2820296-6,MK MOTORS Oy,Osakeyhtiö,00000 Osoite Tuntematon,Osoite Tuntematon,ilmainen
2820605-1,Nano meikki Oy,Osakeyhtiö,"Vetokuja 4, 01610 Vantaa",Vantaa,ilmainen
2820668-4,Päijät-Hämeen Autohuolto Oy,Osakeyhtiö,"Lahdentie 33, 17200 Vääksy",Vääksy,ilmainen
2821116-8,Chrome Service Oy,Osakeyhtiö,"Arvidintie 3, 02590 Lappers",Lappers,ilmainen
2821354-2,Harjun Auto Oy,Osakeyhtiö,"Koskenvarrentie 384, 62900 Alajärvi",Alajärvi,ilmainen
2822170-2,Autokorjaamo Carsam Oy,Osakeyhtiö,"Koskelontie 16 B, 02920 Espoo",Espoo,ilmainen
2823435-1,Mobile Car Services Finland Oy,Osakeyhtiö,"Rantakatu 14 D, 65100 Vaasa",Vaasa,ilmainen
2824131-6,Stevicon Oy,Osakeyhtiö,"Koivutie 4, 69730 Tunkkari",Tunkkari,ilmainen
2824530-9,Naantalin Tehopesut Oy,Osakeyhtiö,"Putkikatu 14 C, 21110 Naantali",Naantali,ilmainen
2825169-6,Autosähkökorjaamo Ässä Oy,Osakeyhtiö,"Riitetie 13, 87500 Kajaani",Kajaani,ilmainen
2825426-4,E B SUOMI GENERAL TRADING OY,Osakeyhtiö,"Tuulilasintie 31b, 00770 Helsinki",Helsinki,ilmainen
2826108-5,Moventus Oy,Osakeyhtiö,"Vistantie 45, 21530 Paimio",Paimio,ilmainen
2826675-9,Huolto Riihi Oy,Osakeyhtiö,"Ampumaradantie 28, 40320 Jyväskylä",Jyväskylä,ilmainen
2827341-4,WS Nordic Oy,Osakeyhtiö,"Hankasuontie 5, 00390 Helsinki",Helsinki,ilmainen
2827980-8,NNO Store Oy,Osakeyhtiö,"Soininkatu 1, 21280 Raisio",Raisio,ilmainen
2828239-6,Kultapellon Korjaamo Oy,Osakeyhtiö,"Kultapellonkuja 120, 36810 Kuhmalahti",Kuhmalahti,ilmainen
2828327-6,KooHoo-Autokorjaamo Oy,Osakeyhtiö,"Myrkyntie 264, 64720 Perälä",Perälä,ilmainen
2828498-1,Koskisen Konekorjaamo Oy,Osakeyhtiö,"Marjakankaantie 24, 37900 Akaa",Akaa,ilmainen
2828900-2,Autokorjaamo Huhtaviita Oy,Osakeyhtiö,"Könnönkyläntie 325, 61940 Hyyppä",Hyyppä,ilmainen
2829116-1,Tehotohtori Oy,Osakeyhtiö,"Jättänväljäntie 7 B, 21500 Piikkiö",Piikkiö,ilmainen
2829356-2,KURDA OY,Osakeyhtiö,"Kaarenjalka 4 D, 00940 Helsinki",Helsinki,ilmainen
2829865-4,Eco Team Universal osk,Osuuskunta,"Säynäskuja 4, 00560 Helsinki",Helsinki,ilmainen
2830034-7,KKM Service Oy,Osakeyhtiö,"Metsäperäntie 172, 61270 Luopajärvi",Luopajärvi,ilmainen
2830348-4,UUDENKAUPUNGIN AUTOMAALAAMO OY,Osakeyhtiö,"Kirveskuja 3, 23500 Uusikaupunki",Uusikaupunki,ilmainen
2830689-6,Eeron Autohuolto Oy,Osakeyhtiö,"Simanantie 4, 82900 Ilomantsi",Ilomantsi,ilmainen
2831087-9,Tikatech Ky,Kommandiittiyhtiö,"Rinnekuja 3, 74200 Vieremä",Vieremä,ilmainen
2831128-1,Salon huolto ja rengaspiste Oy,Osakeyhtiö,"Maatullinkuja 6 E, 00750 Helsinki",Helsinki,ilmainen
2831988-1,Heavy Marine Ky,Kommandiittiyhtiö,"Käpylänperäntie 52, 90820 Kello",Kello,ilmainen
2832284-5,Huoltopioneerit Oy,Osakeyhtiö,"Korjuuntie 26 A, 28360 Pori",Pori,ilmainen
2832604-5,R & M Erkkilä Oy,Osakeyhtiö,"Rinnakkaistie 17, 65350 Vaasa",Vaasa,ilmainen
2832611-7,Kesälän Konehuolto Ky,Kommandiittiyhtiö,"Peltohaantie 11, 92140 Pattijoki",Pattijoki,ilmainen
2833332-5,JM Detailing Oy,Osakeyhtiö,"Silmuntie 16, 13270 Hämeenlinna",Hämeenlinna,ilmainen
2833859-9,JPH Team Oy,Osakeyhtiö,"Välirinne 8, 90940 Jääli",Jääli,ilmainen
2834155-2,Mäntytec Oy,Osakeyhtiö,"Jämsäntie 11, 42300 Jämsänkoski",Jämsänkoski,ilmainen
2834187-8,JK-Maanrakennus & Huolto Oy,Osakeyhtiö,"Paavolantie 1, 86300 Oulainen",Oulainen,ilmainen
2834247-5,Raahen Automaalaamo Oy,Osakeyhtiö,"Muurarinkatu 5, 92120 Raahe",Raahe,ilmainen
2834667-9,Dodone Oy,Osakeyhtiö,"Kivikonkierto 1, 05460 Hyvinkää",Hyvinkää,ilmainen
2835703-6,Rovaservice Oy,Osakeyhtiö,"Alatie 30, 96100 Rovaniemi",Rovaniemi,ilmainen
2836138-5,EK Erikoiskaupat Oy,Osakeyhtiö,"Poijutie 12, 70460 Kuopio",Kuopio,ilmainen
2836740-2,Startauto Oy,Osakeyhtiö,"Alikeravantie 37, 04260 Kerava",Kerava,ilmainen
2836981-1,Autokorjaamo Sahala Oy,Osakeyhtiö,"Kokkokalliontie 14, 65300 Vaasa",Vaasa,ilmainen
2837401-2,Pirkanmaan HYAcenter Oy,Osakeyhtiö,"Vesalantie 4, 33960 Pirkkala",Pirkkala,ilmainen
2838135-1,Juvanmalmin Autokorjaamo Oy,Osakeyhtiö,"Läntinen Teollisuuskatu 6, 02920 Espoo",Espoo,ilmainen
2839447-8,Raskassepät Oy,Osakeyhtiö,"Jumppajussintie 17, 90830 Haukipudas",Haukipudas,ilmainen
2840053-2,8&Client Oy,Osakeyhtiö,"Pomonkatu 2, 50100 Mikkeli",Mikkeli,ilmainen
2840341-8,Autopaja Vilander Oy,Osakeyhtiö,"Aulangontie 3, 13210 Hämeenlinna",Hämeenlinna,ilmainen
2841674-5,h&r Mäkinen Oy,Osakeyhtiö,"Arolantie 23, 23500 Uusikaupunki",Uusikaupunki,ilmainen
2841774-8,Jormakan Korjaamo Oy,Osakeyhtiö,"Urpiaisentie 7, 01450 Vantaa",Vantaa,ilmainen
2842155-2,Huittisten huolto- ja apumiespalvelu Ky,Kommandiittiyhtiö,"Tiemestarinkatu 2, 32700 Huittinen",Huittinen,ilmainen
2842373-4,Truck Center Group Oy,Osakeyhtiö,"Lentoasemantie 10 D, 80140 Joensuu",Joensuu,ilmainen
2842546-5,Konehuolto Pasi Törmänen Oy,Osakeyhtiö,"Pororaito 10, 96440 Rovaniemi",Rovaniemi,ilmainen
2842751-6,Autowash Center Oy,Osakeyhtiö,"Torikatu 9, 05800 Hyvinkää",Hyvinkää,ilmainen
2842876-2,Samiteck Oy,Osakeyhtiö,"Jousitie 5, 26100 Rauma",Rauma,ilmainen
2844476-2,Aki Korpelainen Oy,Osakeyhtiö,"Routakuja 6, 50190 Mikkeli",Mikkeli,ilmainen
2844866-7,Vantaan Auto ja Rengas Oy,Osakeyhtiö,"Kelatie 3, 01450 Vantaa",Vantaa,ilmainen
2845175-1,J & A Car Service Ab,Osakeyhtiö,"Jakobsgatan 43, 68600 Pietarsaari",Pietarsaari,ilmainen
2845274-6,MKS-Yhtiöt Oy,Osakeyhtiö,"Heinarontie 515, 04820 Kaukalampi",Kaukalampi,ilmainen
2845825-9,Auto- ja konehuolto Vesala Oy,Osakeyhtiö,"Köyliöntie 120, 27710 Köyliö",Köyliö,ilmainen
2846829-7,Autosähkö Laulumaa Oy,Osakeyhtiö,"Puistolantie 7, 21240 Askainen",Askainen,ilmainen
2849588-5,S-Autohuolto Oy,Osakeyhtiö,"Turuntie 2, 00370 Helsinki",Helsinki,ilmainen
2849619-1,Raaseporin Autokiilto Oy,Osakeyhtiö,"Gropintie 6 H, 10600 Tammisaari",Tammisaari,ilmainen
2849955-2,Savo Speed Shop Oy,Osakeyhtiö,"Pioneerinkatu 18, 70800 Kuopio",Kuopio,ilmainen
2850374-2,MaxAuto korjaamo & maalaamo Oy,Osakeyhtiö,00000 Osoite Tuntematon,Osoite Tuntematon,ilmainen
2850828-7,JJL Service Oy,Osakeyhtiö,"Teollisuustie 2, 14500 Iittala",Iittala,ilmainen
2851792-5,Konehuolto KTP Oy,Osakeyhtiö,"Junkalantie 362, 69100 Kannus",Kannus,ilmainen
2851841-8,Trialis Oy,Osakeyhtiö,"Vasarakatu 4 H, 37150 Nokia",Nokia,ilmainen
2851978-7,AutoH Oy,Osakeyhtiö,"Sähkömestarintie 2, 13130 Hämeenlinna",Hämeenlinna,ilmainen
2852806-9,Espoon Rengas ja Huolto Oy,Osakeyhtiö,"Matinkulma 5 D, 02230 Espoo",Espoo,ilmainen
2853495-2,Suomen Pesukone Oy,Osakeyhtiö,"Laturinkatu 5, 45130 Kouvola",Kouvola,ilmainen
2853956-9,Punavuoren Autohuolto Oy,Osakeyhtiö,"Uudenmaankatu 16-20, 00120 Helsinki",Helsinki,ilmainen
2854470-4,888 autokorjaamo Oy,Osakeyhtiö,"Hankasuontie 5, 00390 Helsinki",Helsinki,ilmainen
2854918-5,Kajaanin autokulma Oy,Osakeyhtiö,"Timperintie 9, 87400 Kajaani",Kajaani,ilmainen
2855274-7,Redsven Service Oy,Osakeyhtiö,"Hirvisuontie 255, 16500 Herrala",Herrala,ilmainen
2855626-2,O.S.N Power Oy,Osakeyhtiö,"Töyränojantie 2, 33470 Ylöjärvi",Ylöjärvi,ilmainen
2856059-5,Lohjan Ecu Tuning Ky,Kommandiittiyhtiö,"Punatorpantie 45, 08700 Lohja",Lohja,ilmainen
2856223-2,RM autohuolto Oy,Osakeyhtiö,"Palontie 35, 82140 Kiihtelysvaara",Kiihtelysvaara,ilmainen
2856758-6,Vagpro Group OY,Osakeyhtiö,"Risupadontie 47 F, 00640 Helsinki",Helsinki,ilmainen
2857475-1,M.Ruohisto oy,Osakeyhtiö,"Liesniementie 74, 16600 Järvelä",Järvelä,ilmainen
2857479-4,Savarin Autohuolto Oy,Osakeyhtiö,"Hakatie 3, 84100 Ylivieska",Ylivieska,ilmainen
2857510-5,Kiiltoputsi Oy,Osakeyhtiö,"Vesilaitoksentie 6, 21200 Raisio",Raisio,ilmainen
2858391-4,Antrek oy,Osakeyhtiö,"Kauriinpolku 4 B, 13500 Hämeenlinna",Hämeenlinna,ilmainen
2858413-2,Autohuolto J. Kivelä Oy,Osakeyhtiö,"Kiskotie 2, 93400 Taivalkoski",Taivalkoski,ilmainen
2858894-2,Kestilän Työapu Ky,Kommandiittiyhtiö,"Vaalantie 168, 92700 Kestilä",Kestilä,ilmainen
2859634-4,Autokorjaamo TehoLehto Oy,Osakeyhtiö,"Maatullinkuja 6 E, 00750 Helsinki",Helsinki,ilmainen
2860184-4,AJ Autohuolto Oy,Osakeyhtiö,"Valajankatu 6, 94600 Kemi",Kemi,ilmainen
2860548-2,JMH-Car Service Oy,Osakeyhtiö,"Odilammentie 12, 02970 Espoo",Espoo,ilmainen
2861647-2,JTE-Sijoitus Oy,Osakeyhtiö,"Kylätie 60, 92330 Karinkanta",Karinkanta,ilmainen
2861729-9,Mäntsälän autohuolto oy,Osakeyhtiö,"Riihenmäentie 5, 04600 Mäntsälä",Mäntsälä,ilmainen
2861886-5,Koskoja Painting & Coating Oy,Osakeyhtiö,"Kirjaltajantie 7 A, 06150 Porvoo",Porvoo,ilmainen
2861961-4,Anttila&Sas Oy,Osakeyhtiö,"Saukonkatu 3, 48230 Kotka",Kotka,ilmainen
2861999-9,AUTOTOP OY,Osakeyhtiö,"Punkalaitumentie 118, 32700 Huittinen",Huittinen,ilmainen
2862322-6,HL Auto- ja konepalvelu Oy,Osakeyhtiö,"Lasitehtaantie 8, 12310 Ryttylä",Ryttylä,ilmainen
2864351-8,PS-Autohuolto Oy,Osakeyhtiö,"Helmentie 3, 28360 Pori",Pori,ilmainen
2864477-2,ABS1 Oy,Osakeyhtiö,"Ideaparkinkatu 11 B, 37570 Lempäälä",Lempäälä,ilmainen
2864720-1,Viking Assistance Oy,Osakeyhtiö,"Kutojantie 6-8, 02630 Espoo",Espoo,ilmainen
2864882-9,Teräskunto Oy,Osakeyhtiö,"Kangasalantie 921, 36200 Kangasala",Kangasala,ilmainen
2865053-1,Lahden autoehostus Oy,Osakeyhtiö,"Ajokatu 261, 15610 Lahti",Lahti,ilmainen
2865406-5,Dixtron-Service Oy,Osakeyhtiö,"Teollisuustie 8 A, 60100 Seinäjoki",Seinäjoki,ilmainen
2865473-5,JSA Service Oy,Osakeyhtiö,"Vanha Skrabbintie 67, 67500 Kokkola",Kokkola,ilmainen
2867021-7,Motorwise Oy,Osakeyhtiö,04401 Järvenpää,Järvenpää,ilmainen
2867079-4,KR Trucks Oy,Osakeyhtiö,"Kannistontie 141, 33880 Lempäälä",Lempäälä,ilmainen
2867545-6,JaSa-Autohuolto Oy,Osakeyhtiö,"Topintie 2 B, 16300 Orimattila",Orimattila,ilmainen
2867665-1,RL-Maalaus Oy,Osakeyhtiö,"Ruustinnanpolku 5, 60200 Seinäjoki",Seinäjoki,ilmainen
2867880-9,Euro Steam Oy,Osakeyhtiö,"Kalevankatu 46, 00180 Helsinki",Helsinki,ilmainen
2868527-5,LuxPalvelu DG Oy,Osakeyhtiö,"Avainkierto 21, 05840 Hyvinkää",Hyvinkää,ilmainen
2869304-8,Rakema Oy Ab,Osakeyhtiö,"Kristinagatan 32, 64100 Kristiinankaupunki",Kristiinankaupunki,ilmainen
2869545-7,TMT Pro Service Oy,Osakeyhtiö,"Kuormaajantie 3, 40320 Jyväskylä",Jyväskylä,ilmainen
2869722-5,Metase Oy,Osakeyhtiö,"Eskolanniementie 199, 86600 Haapavesi",Haapavesi,ilmainen
2869896-5,Kolarikorjaus Sailokoski Oy,Osakeyhtiö,"Pohjolantie 1, 84100 Ylivieska",Ylivieska,ilmainen
2870035-9,AHK rakennus oy,Osakeyhtiö,"Kittiläntie 3129, 97280 Tapio",Tapio,ilmainen
2870188-8,Autohuolto Tapiainen Oy,Osakeyhtiö,"Kortteenkatu 4, 39500 Ikaalinen",Ikaalinen,ilmainen
2870350-9,Huoltokorjaamo J. Parviainen Oy,Osakeyhtiö,"Pernänmetsäntie 7, 25500 Perniö",Perniö,ilmainen
2870375-2,Autoverkko.com Korjaamo Oy,Osakeyhtiö,"Avainkierto 2, 05840 Hyvinkää",Hyvinkää,ilmainen
2872209-9,JT Pakki Oy,Osakeyhtiö,"Täkytie 16, 01490 Vantaa",Vantaa,ilmainen
2872614-5,Parkanon Automaalaamo Oy,Osakeyhtiö,"Sepänkatu 1, 39700 Parkano",Parkano,ilmainen
2872673-5,Karaokekorjaamo Oy,Osakeyhtiö,"Kalajoentie 53 B, 85100 Kalajoki",Kalajoki,ilmainen
2873458-3,Asennustyö Nieminen Oy,Osakeyhtiö,"Särkitie 6, 51200 Kangasniemi",Kangasniemi,ilmainen
2873915-7,Timi Palvelut Oy,Osakeyhtiö,"Laivasillankatu 20, 00130 Helsinki",Helsinki,ilmainen
2874359-4,Vauriopiste Oy,Osakeyhtiö,"Pulkkisentie 5, 90440 Kempele",Kempele,ilmainen
2874980-6,Raision Tehofiksaus Oy,Osakeyhtiö,"Tuotekatu 7, 21200 Raisio",Raisio,ilmainen
2875094-6,CclDesign Oy,Osakeyhtiö,"Laanikuja 2, 15870 Hollola",Hollola,ilmainen
2875766-2,Markela-Group Oy,Osakeyhtiö,"Ylinenkatu 6, 23500 Uusikaupunki",Uusikaupunki,ilmainen
2875925-4,Juurussuon Autohuolto Oy,Osakeyhtiö,"Juurussuontie 65 B, 90310 Oulu",Oulu,ilmainen
2875959-6,Kuusaan Auto ja Lasi Oy,Osakeyhtiö,"Harjunraitti 1, 45200 Kouvola",Kouvola,ilmainen
2875991-6,Fiksupesu Oy,Osakeyhtiö,"Terminaalitie 26, 13430 Hämeenlinna",Hämeenlinna,ilmainen
2876288-3,JV Car Service Oy,Osakeyhtiö,00000 Osoite Tuntematon,Osoite Tuntematon,ilmainen
2876624-3,JKM Automaalaamo Oy,Osakeyhtiö,"Maisalantie 4, 04600 Mäntsälä",Mäntsälä,ilmainen
2877323-2,TykkiFix Oy,Osakeyhtiö,"Lepistönkatu 9, 30100 Forssa",Forssa,ilmainen
2877334-7,ATR KERAVA OY,Osakeyhtiö,"Rajatie 40, 04260 Kerava",Kerava,ilmainen
2877513-1,A-osat Sastamala Oy,Osakeyhtiö,"Kruusintie 21b, 37100 Nokia",Nokia,ilmainen
2877529-7,AE Bilverkstad Ab,Osakeyhtiö,"Thurevägen 7, 22120 Mariehamn",Mariehamn,ilmainen
2877798-9,Autohuolto Carmax Oy,Osakeyhtiö,"Munkinkuja 6, 02400 Kirkkonummi",Kirkkonummi,ilmainen
2878134-7,JL Autohoito Oy,Osakeyhtiö,"Kukkilantie 1, 15270 Kukkila",Kukkila,ilmainen
2878173-4,EJ-Konehuolto Oy,Osakeyhtiö,"Suojasentie 28, 33960 Pirkkala",Pirkkala,ilmainen
2878400-3,Syyläri City Oy,Osakeyhtiö,"Rengontie 109, 12920 Topeno",Topeno,ilmainen
2878636-7,Nihtisillan Autopesu Oy,Osakeyhtiö,"Nihtisillantie 1, 02630 Espoo",Espoo,ilmainen
2879386-6,PP Detailing avoin yhtiö,Avoin yhtiö,"Vesitie 3, 70460 Kuopio",Kuopio,ilmainen
2880417-4,Konehuolto Tolonen Oy,Osakeyhtiö,"Juntusrannantie 63, 89600 Suomussalmi",Suomussalmi,ilmainen
2880724-4,Taselta Oy,Osakeyhtiö,"Linnankatu 15 A, 90100 Oulu",Oulu,ilmainen
2881326-5,RS-moniapu Oy,Osakeyhtiö,"Rataniityntie 8 B, 36240 Kangasala",Kangasala,ilmainen
2881381-2,AM Gear Oy,Osakeyhtiö,"Tuottajankatu 10-14, 04440 Järvenpää",Järvenpää,ilmainen
2882664-8,Jävel oy,Osakeyhtiö,"Kivikontie 32, 72600 Keitele",Keitele,ilmainen
2884484-6,Restyling Point Oy,Osakeyhtiö,"Kääpätie 6 G, 00760 Helsinki",Helsinki,ilmainen
2885192-3,ObiTech Oy,Osakeyhtiö,"Gumbölentie 1, 02770 Espoo",Espoo,ilmainen
2887588-8,Nordic Detailing Oy,Osakeyhtiö,"Tuottajantie 37 H, 60100 Seinäjoki",Seinäjoki,ilmainen
2888593-9,Autohelahoito Oy,Osakeyhtiö,"Saarikontie 227, 32100 Ypäjä",Ypäjä,ilmainen
2888595-5,PajaGroup Oy,Osakeyhtiö,"Korpimaantie 101, 38770 Lohikko",Lohikko,ilmainen
2888738-7,Velmotec Oy,Osakeyhtiö,"Pyyryväistie 17, 90940 Jääli",Jääli,ilmainen
2888746-7,Juha Kuosmanen avoin yhtiö,Avoin yhtiö,"Nokkamäentie 278, 32700 Huittinen",Huittinen,ilmainen
2889033-2,Autohuolto Kape Oy,Osakeyhtiö,"Sotaplassintie 5, 92140 Pattijoki",Pattijoki,ilmainen
2889126-3,Autoapu Nordica Oy,Osakeyhtiö,"Keskitie 33, 36760 Luopioinen",Luopioinen,ilmainen
2889991-9,Kangasalan ajoneuvopesu Oy,Osakeyhtiö,"Lindforsinkatu 16 A, 33720 Tampere",Tampere,ilmainen
2890017-4,Autohuolto Seitoy Oy,Osakeyhtiö,"Päivölänkatu 34, 60120 Seinäjoki",Seinäjoki,ilmainen
2890952-3,Konehuolto HSV Oy,Osakeyhtiö,"Aurinkotie 57, 03850 Pusula",Pusula,ilmainen
2892229-3,KustoMods Oy,Osakeyhtiö,"Rengontie 109, 12920 Topeno",Topeno,ilmainen
2892907-3,Askolan Auto- ja Konekorjaamo Oy,Osakeyhtiö,"Teollisuustie 3, 07230 Askola",Askola,ilmainen
2893464-9,Autopesulle Oy,Osakeyhtiö,"Vanha Porintie 1371, 03300 Otalampi",Otalampi,ilmainen
2894038-7,JTR-Huoltopalvelut Oy,Osakeyhtiö,"Norokatu 3, 15170 Lahti",Lahti,ilmainen
2894214-7,Korjaamo J&J Kaarina Oy,Osakeyhtiö,"Varastomiehenkatu 6, 20780 Kaarina",Kaarina,ilmainen
2895673-3,Anttolan auto- ja konehuolto Oy,Osakeyhtiö,"Mikkelintie 63, 52100 Anttola",Anttola,ilmainen
2896092-7,CarBody Restorations Oy,Osakeyhtiö,"Sulantie 28 A, 04300 Tuusula",Tuusula,ilmainen
2896102-2,Pro-Paja Oy,Osakeyhtiö,"Ratakatu 18, 75700 Valtimo",Valtimo,ilmainen
2898943-9,TT-Fix Oy,Osakeyhtiö,"Anssinkatu 9 A, 55100 Imatra",Imatra,ilmainen
2899169-4,Autohuolto Hyry Oy,Osakeyhtiö,"Rajalansuontie 30, 90910 Kontio",Kontio,ilmainen
2899746-3,JJ Karvonen Ky,Kommandiittiyhtiö,"Luostaritie 49 C, 79820 Varistaipale",Varistaipale,ilmainen
2900450-7,Jifix Ab Oy,Osakeyhtiö,"Lillgränd 2 A, 68600 Pietarsaari",Pietarsaari,ilmainen
2900456-6,Hinaus 24h Siiki Oy,Osakeyhtiö,"Korjaamonkatu 1, 33840 Tampere",Tampere,ilmainen
2900860-4,E. Lötjönen Oy,Osakeyhtiö,"Ravurinkatu 13, 20380 Turku",Turku,ilmainen
2901352-6,Autolania Oy,Osakeyhtiö,00000 Osoite Tuntematon,Osoite Tuntematon,ilmainen
2901736-7,OA Hyvönen Oy,Osakeyhtiö,"Pollentie 29, 13500 Hämeenlinna",Hämeenlinna,ilmainen
2902248-1,DPFPRO Oy,Osakeyhtiö,"Kauriinkuja 11, 13720 Parola",Parola,ilmainen
2902609-5,Itä-Suomen Pesutiimi Oy,Osakeyhtiö,"Mikonkiventie 50, 57310 Savonlinna",Savonlinna,ilmainen
2903082-8,HuoltoLähde Oy,Osakeyhtiö,"Ihantie 4, 33400 Tampere",Tampere,ilmainen
2903496-8,Nurmijärven Korihuolto Oy,Osakeyhtiö,"Kössintie 239, 01830 Lepsämä",Lepsämä,ilmainen
2904515-7,Huoltokorjaamo Mikko Nieminen Oy,Osakeyhtiö,"Perähaantie 48, 36110 Ruutana",Ruutana,ilmainen
2904552-8,Autopaja Detroitista Itään Oy,Osakeyhtiö,"Kehäkuja 18, 05460 Hyvinkää",Hyvinkää,ilmainen
2904745-1,Ehostus 10 Oy,Osakeyhtiö,"Liinakkokuja 17, 01200 Vantaa",Vantaa,ilmainen
2904846-2,Vene- ja konehuolto Ritvanen Oy,Osakeyhtiö,"Piilopirtintie 33, 72350 Pienola",Pienola,ilmainen
2905043-1,JOY Car Wash Oy,Osakeyhtiö,"Itäkatu 3 B, 00930 Helsinki",Helsinki,ilmainen
2905105-5,KHK Konehuoltokeskus Oy,Osakeyhtiö,"Ukintie 9, 03250 Ojakkala",Ojakkala,ilmainen
2905168-8,Vääksyn Autohuolto Oy,Osakeyhtiö,"Pasolanharjuntie 7, 17200 Vääksy",Vääksy,ilmainen
2905260-5,Lahden Autohoito Oy,Kommandiittiyhtiö,"Asentajankatu 3, 15520 Lahti",Lahti,ilmainen
2905440-8,Siltanen yhtiöt Oy,Osakeyhtiö,"Vaihtotie 4 B, 33470 Ylöjärvi",Ylöjärvi,ilmainen
2905515-2,WL - Åland AB,Osakeyhtiö,"Briggstigen 4, 22100 Mariehamn",Mariehamn,ilmainen
2906739-9,BMhuolto Oy,Osakeyhtiö,"Tuulilasintie 13, 00770 Helsinki",Helsinki,ilmainen
2907806-3,MB-Autopesu avoin yhtiö,Avoin yhtiö,"Tavitie 1 H, 01450 Vantaa",Vantaa,ilmainen
2908092-1,MH group oy,Osakeyhtiö,"Rihmakuja 6, 01260 Vantaa",Vantaa,ilmainen
2908754-1,Tavofix Oy,Osakeyhtiö,"Kelatie 30 H, 01450 Vantaa",Vantaa,ilmainen
2908888-6,Cartu Oy,Osakeyhtiö,"Kolmihaarankatu 9 C, 33330 Tampere",Tampere,ilmainen
2909326-3,Kuukifix Oy,Osakeyhtiö,"Rekolanpohjankatu 1, 15300 Lahti",Lahti,ilmainen
2909451-4,Kiveriöcustoms oy,Osakeyhtiö,"Kiveriönkatu 45, 15200 Lahti",Lahti,ilmainen
2909864-6,Ab Auto-Center Horsbäck Oy,Osakeyhtiö,"Chaufförsvägen 8, 10600 Tammisaari",Tammisaari,ilmainen
2910020-8,JS Hand car wash Oy,Osakeyhtiö,"Hiekkalaiturintie 3 B, 00980 Helsinki",Helsinki,ilmainen
2910482-3,Korjaamo Puhakka Oy,Osakeyhtiö,"Sotkumantie 4, 83430 Käsämä",Käsämä,ilmainen
2910867-2,Korjaamosi Oy,Osakeyhtiö,"Lapinniementie 40, 44740 Keitelepohja",Keitelepohja,ilmainen
2911421-2,Klin autopesu Oy,Osakeyhtiö,"Rajamaankaari 11 A, 02970 Espoo",Espoo,ilmainen
2911515-1,Hyötyajoneuvo Mik-Kone Oy,Osakeyhtiö,"Huurretie 6 C, 33470 Ylöjärvi",Ylöjärvi,ilmainen
2912088-2,Hantu Oy,Osakeyhtiö,"Pakkamestarinkatu 4 E, 00520 Helsinki",Helsinki,ilmainen
2912323-1,Porvoon Autofix Oy,Osakeyhtiö,"Ruiskumestarinkatu 4, 06100 Porvoo",Porvoo,ilmainen
2912341-8,PH-Car Service OY,Osakeyhtiö,"Salinsuontie 17, 33480 Ylöjärvi",Ylöjärvi,ilmainen
2912365-3,Lommox Oy,Osakeyhtiö,"Säkkitie 1, 40320 Jyväskylä",Jyväskylä,ilmainen
2912777-7,Emma's Paint Oy,Osakeyhtiö,"Muottikuja 5 A, 00380 Helsinki",Helsinki,ilmainen
2913020-4,Caravanpalvelu Caraven Oy,Osakeyhtiö,"Konetie 19 D, 90620 Oulu",Oulu,ilmainen
2913525-9,Raahen Autohuolto Oy,Osakeyhtiö,"Kirkkotarhantie 12, 92140 Pattijoki",Pattijoki,ilmainen
2915225-1,Kempeleen Autoklinikka Oy,Osakeyhtiö,"Paiturintie 26, 90440 Kempele",Kempele,ilmainen
2915380-1,Bici Oy,Osakeyhtiö,"Niittyläntie 2 A, 00620 Helsinki",Helsinki,ilmainen
2916166-8,Auto ja Kone Merkkiniemi Oy,Osakeyhtiö,"Raudoittajantie 26, 06450 Porvoo",Porvoo,ilmainen
2916213-4,Aatun auto ja kone Oy,Osakeyhtiö,"Toimenkuja 4, 38250 Sastamala",Sastamala,ilmainen
2916247-6,Kälviän Autohuolto Oy,Osakeyhtiö,"Kumpulantie 39, 68300 Kälviä",Kälviä,ilmainen
2916896-6,Henytek Oy,Osakeyhtiö,"Pietarsaarentie 618, 62420 Kortesjärvi",Kortesjärvi,ilmainen
2917629-6,Autohuolto Mönkkönen Oy,Osakeyhtiö,"Aholantie 2, 71800 Siilinjärvi",Siilinjärvi,ilmainen
2918854-5,LeviMotor Oy,Osakeyhtiö,"Varastotie 6, 99130 Sirkka",Sirkka,ilmainen
2919183-2,Autopelti Häkkinen Oy,Osakeyhtiö,"Katajaharjuntie 5, 44800 Pihtipudas",Pihtipudas,ilmainen
2919528-6,T. Kaasinen Oy,Osakeyhtiö,"Lumpeisentie 399, 71480 Kurkimäki",Kurkimäki,ilmainen
2919536-6,Mirani Oy,Osakeyhtiö,00000 Osoite Tuntematon,Osoite Tuntematon,ilmainen
2920532-5,Auto- ja Pienkonehuolto Jarski Oy,Osakeyhtiö,"Kokoojatie 11, 79100 Leppävirta",Leppävirta,ilmainen
2921571-8,Ruoholahden Autopesula Oy,Osakeyhtiö,"Itämerentori 2, 00180 Helsinki",Helsinki,ilmainen
2922310-1,THA Car Service Oy,Osakeyhtiö,"Palkkikuja 5 A, 04300 Tuusula",Tuusula,ilmainen
2922322-4,ArumeS Oy,Osakeyhtiö,"Tietyntie 29, 12400 Tervakoski",Tervakoski,ilmainen
2922425-1,Raivel Oy,Osakeyhtiö,"Karhiantie 61 B, 27840 Köyliö",Köyliö,ilmainen
2922860-7,PTA Service Oy,Osakeyhtiö,"Silmukkatie 7, 65100 Vaasa",Vaasa,ilmainen
2922975-7,Huolto-Siili Oy,Osakeyhtiö,"Jukolantie 9, 71800 Siilinjärvi",Siilinjärvi,ilmainen
2923598-9,VeePeeJii Oy,Osakeyhtiö,"Herralantie 865, 16500 Herrala",Herrala,ilmainen
2924099-9,Fiksu-Välkkyset Oy,Osakeyhtiö,"Latvakaarre 2, 14200 Turenki",Turenki,ilmainen
2924955-5,Tazi Oy,Osakeyhtiö,"Hannusranta 8 B, 02260 Espoo",Espoo,ilmainen
2925012-6,"JVM AUTOHUOLTO OY LIMITED, SUOMEN SIVULIIKE",Sivuliike,"Juvan-Teollisuuskatu 10, 02920 Espoo",Espoo,ilmainen
2926182-9,Korimekaanikot Pirkanmaa Oy,Osakeyhtiö,"Rounionkatu 132, 37150 Nokia",Nokia,ilmainen
2926722-7,LauVil Services avoin yhtiö,Avoin yhtiö,"Sakselantie 3, 40320 Jyväskylä",Jyväskylä,ilmainen
2927490-2,Saarisen Verstas Oy,Osakeyhtiö,"Arontie 6, 39310 Viljakkala",Viljakkala,ilmainen
2927937-5,Autokorjaamo veljekset TJ avoin yhtiö,Avoin yhtiö,"Hiiskanaukeantie 12, 20660 Littoinen",Littoinen,ilmainen
2928093-1,Saaren Autohuolto Oy,Osakeyhtiö,"Perkkiöntie 126, 84100 Ylivieska",Ylivieska,ilmainen
2928999-5,EkiVille avoin yhtiö,Avoin yhtiö,"Keskustie 18, 71160 Riistavesi",Riistavesi,ilmainen
2929154-2,HSV Partners Oy,Osakeyhtiö,"Teollisuuskatu 1e, 42100 Jämsä",Jämsä,ilmainen
2929372-4,Konehuolto Pyykkönen Oy,Osakeyhtiö,"Saanionpolku 18, 90860 Halosenniemi",Halosenniemi,ilmainen
2930403-2,JV Autohuolto Oy,Osakeyhtiö,00000 Osoite Tuntematon,Osoite Tuntematon,ilmainen
2931726-3,Wezco Oy,Osakeyhtiö,"Koroistentie 11 A, 00280 Helsinki",Helsinki,ilmainen
2931833-8,EV Motors Oy,Osakeyhtiö,"Ristikalliontie 37, 02460 Kantvik",Kantvik,ilmainen
2931954-1,Paulamäkicustoms Ab,Osakeyhtiö,"Paulamäkivägen 62, 66600 Vöyri",Vöyri,ilmainen
2932224-9,RM Bilservice Ab Oy,Osakeyhtiö,"Kroggränd 9, 25700 Kemiö",Kemiö,ilmainen
2932465-8,Bluebarrel Partners Oy,Osakeyhtiö,"Tuulosentie 1, 14810 Tuulos",Tuulos,ilmainen
2932539-4,Konehuolto Tikkinen Oy,Osakeyhtiö,"Teletie 10, 96100 Rovaniemi",Rovaniemi,ilmainen
2932814-9,Autokorjaamo Drive-In Oy,Osakeyhtiö,"Leppäkaarteentie 41 C, 71850 Leppäkaarre",Leppäkaarre,ilmainen
2932815-7,Fast Taksi Oy,Osakeyhtiö,00000 Osoite Tuntematon,Osoite Tuntematon,ilmainen
2933430-3,Autopalvelu Kortelainen Oy,Osakeyhtiö,"Kaarelantie 84, 00420 Helsinki",Helsinki,ilmainen
2934075-4,Helsinki Motor Company Oy,Osakeyhtiö,"Torpanmäki 5, 02740 Espoo",Espoo,ilmainen
2934095-7,Akaan Liikennepalvelut Oy,Osakeyhtiö,"Tehtaankatu 15, 37830 Akaa",Akaa,ilmainen
2934356-8,M.Keskilä Oy,Osakeyhtiö,"Kollantie 77, 26560 Kolla",Kolla,ilmainen
2935751-3,Heavy Center Hirvaskangas Oy,Osakeyhtiö,"Keskustie 13, 43500 Karstula",Karstula,ilmainen
2936093-1,Autokorjaamo M. Tikkanen Oy,Osakeyhtiö,"Yrittäjänkuja 3, 74130 Iisalmi",Iisalmi,ilmainen
2936686-6,Konehuolto Myyryläinen Oy,Osakeyhtiö,"Hohontie 770, 41400 Lievestuore",Lievestuore,ilmainen
2936771-1,Kaarto Service Oy,Osakeyhtiö,"Tuottajantie 53, 60100 Seinäjoki",Seinäjoki,ilmainen
2937042-7,Mehuli Oy,Osakeyhtiö,"Allastie 8 A, 21200 Raisio",Raisio,ilmainen
2937101-6,Mukava Rillipää Oy,Osakeyhtiö,"Rinnetie 4 A, 56100 Ruokolahti",Ruokolahti,ilmainen
2937686-1,MV Mekan öppet bolag,Avoin yhtiö,"Kärrleden 1 B, 68800 Kolppi",Kolppi,ilmainen
2937693-3,Freeze Racing Ky,Kommandiittiyhtiö,"Putaankatu 35, 95420 Tornio",Tornio,ilmainen
2938059-6,Haukiputaan Autohuolto Oy,Osakeyhtiö,"Jokelantie 254, 90830 Haukipudas",Haukipudas,ilmainen
2938832-8,Tynninharjun Autohuolto Oy,Osakeyhtiö,"Maksjoentie 12, 08200 Lohja",Lohja,ilmainen
2939351-4,Osk Vasako Service,Osuuskunta,"Pajasuora 9, 90830 Haukipudas",Haukipudas,ilmainen
2940125-4,Ämmän Automaalaamo Ky,Kommandiittiyhtiö,"Lahnatie 3, 89600 Suomussalmi",Suomussalmi,ilmainen
2940408-4,TT Auto ja konehuolto Oy,Osakeyhtiö,"Kurikkatie 17, 90440 Kempele",Kempele,ilmainen
2940594-1,Koneasennus Kujala Oy,Osakeyhtiö,"Kesälahdentie 76, 59800 Kesälahti",Kesälahti,ilmainen
2940746-1,Anttila & Kujander Oy,Osakeyhtiö,"Pläkkisepänkatu 2 B, 20320 Turku",Turku,ilmainen
2941042-5,Pohjoisen Mittariasennus Oy,Osakeyhtiö,"Teollisuustie 17 A, 96320 Rovaniemi",Rovaniemi,ilmainen
2941492-8,Colorkit Oy,Osakeyhtiö,"Betonitie 10 E, 33470 Ylöjärvi",Ylöjärvi,ilmainen
2941531-4,Maucca Ky,Kommandiittiyhtiö,"Ylätalontie 2 A, 52100 Anttola",Anttola,ilmainen
2941548-8,HJH SERVICE OY,Osakeyhtiö,"Kalliokierto 10, 05460 Hyvinkää",Hyvinkää,ilmainen
2941972-9,AMV Autohuolto Oy,Osakeyhtiö,"Kauppatie 38, 44300 Konnevesi",Konnevesi,ilmainen
2941999-9,Valza Autopesu Oy,Osakeyhtiö,"Hämeentie 111, 00550 Helsinki",Helsinki,ilmainen
2942008-4,J-Team autohuolto oy,Osakeyhtiö,"Teollisuuskatu 1 E, 42100 Jämsä",Jämsä,ilmainen
2942342-9,JK Atlas Oy,Osakeyhtiö,"Tehdaskatu 23, 24100 Salo",Salo,ilmainen
2942715-5,Niskan Huolto Oy,Osakeyhtiö,"Vuoksenniskantie 111, 55800 Imatra",Imatra,ilmainen
2943121-8,Huippufiksi Oy,Osakeyhtiö,"Voudintie 8, 90400 Oulu",Oulu,ilmainen
2943260-8,VA Pro Oy,Osakeyhtiö,"Linnanpellonkuja 10a, 00950 Helsinki",Helsinki,ilmainen
2943318-4,TJ-autofiksauskeskus Ky,Kommandiittiyhtiö,"Maaherrankatu 4a B, 68300 Kälviä",Kälviä,ilmainen
2943415-2,Autohuolto Pyykkönen Oy,Osakeyhtiö,"Telkkistentie 8, 70460 Kuopio",Kuopio,ilmainen
2943422-4,Hubon Auto Oy,Osakeyhtiö,"Sulantie 17, 04300 Tuusula",Tuusula,ilmainen
2943444-3,BESA PALVELUT OY,Osakeyhtiö,"Kraatarinkatu 3 E, 20610 Turku",Turku,ilmainen
2943496-1,Huoltopalvelu Suikkari Oy,Osakeyhtiö,"Korpitie 45, 81200 Eno",Eno,ilmainen
2944132-8,Tuusulan Car Korjaamo Oy,Osakeyhtiö,"Sulantie 11, 04300 Tuusula",Tuusula,ilmainen
2944237-1,Automesta AA - Milit avoin yhtiö,Avoin yhtiö,"Koskelontie 15, 02920 Espoo",Espoo,ilmainen
2944587-1,Selivaara Classic Oy,Osakeyhtiö,"Lemmenkuja 15, 29700 Ahlainen",Ahlainen,ilmainen
2944673-5,123 HERTTONIEMI OY,Osakeyhtiö,"Sahaajankatu 33, 00880 Helsinki",Helsinki,ilmainen
2944885-3,Espoo Wash Center Avoin yhtiö,Avoin yhtiö,"Bertel Jungin Aukio 5, 02600 Espoo",Espoo,ilmainen
2945047-8,Mikkola Business Operations Oy,Osakeyhtiö,"Yrittäjäntie 1, 37910 Akaa",Akaa,ilmainen
2946036-9,Killen Autokorjaamo Oy,Osakeyhtiö,"Muttilantie 314, 07600 Myrskylä",Myrskylä,ilmainen
2947030-5,SESU OY,Osakeyhtiö,"Juolukanvarsi 8, 01150 Söderkulla",Söderkulla,ilmainen
2947947-3,DGT Autokorjaamo Oy,Osakeyhtiö,"Valuraudankuja 6, 00700 Helsinki",Helsinki,ilmainen
2948031-9,JÄSPIN PYÖRÄ KONE JA HUOLTO OY,Osakeyhtiö,"Pilppulantie 1, 23800 Laitila",Laitila,ilmainen
2948139-7,Autopalvelu Pälkäne Oy,Osakeyhtiö,"Onkkaalantie 50, 36600 Pälkäne",Pälkäne,ilmainen
2948797-5,Caracter Oy,Osakeyhtiö,"Isonniitynkatu 5 I, 00520 Helsinki",Helsinki,ilmainen
3569836-5,Autolleni Oy,Osakeyhtiö,"Yrittäjäntie 14, 74130 Iisalmi",Iisalmi,ilmainen
3570052-5,Sawon Koneistus- ja Dieselhuolto Oy,Osakeyhtiö,"Rahulantie 1 A, 50350 Norola",Norola,ilmainen
3570060-5,HF Autofix oy,Osakeyhtiö,"Talvilahti 84, 19210 Lusi",Lusi,ilmainen
3570149-9,AutoVirta Oy,Osakeyhtiö,"Eurakoskentie 23, 27400 Kiukainen",Kiukainen,ilmainen
3570168-3,TJH Works Oy,Osakeyhtiö,"Ansaritie 5 A, 40520 Jyväskylä",Jyväskylä,ilmainen
3570376-9,Raskashuolto Takala Oy,Osakeyhtiö,"Laanitie 1, 72600 Keitele",Keitele,ilmainen
3570926-3,Korjaus KoJu Oy,Osakeyhtiö,"Suunnistajankuja 10 B, 01280 Vantaa",Vantaa,ilmainen
3571012-5,All In One Studio Oy,Osakeyhtiö,"Gräsantörmä 1 B, 02200 Espoo",Espoo,ilmainen
0641118-5,Espoon Ajokkikorjaus Oy,Osakeyhtiö,"Tiilinrinne 15, 02330 Espoo",Espoo,ilmainen
0643664-9,Holstinmäen Automaalaamo Oy,Osakeyhtiö,"Palosuontie 8, 90820 Kello",Kello,ilmainen
0646371-9,Pietarsaaren Kolarikorjaus Oy,Osakeyhtiö,"Teollisuustie 5, 68660 Pietarsaari",Pietarsaari,ilmainen
0646516-7,Automaalaamo ja Väriliike Ari Varjonen Värix Ky,Kommandiittiyhtiö,"Kaunismäentie 17, 23800 Laitila",Laitila,ilmainen
0646564-2,Laatuvaunu Oy,Osakeyhtiö,"Ahertajantie 3, 15880 Hollola",Hollola,ilmainen
3571483-9,Joleset oy,Osakeyhtiö,"Turkimuspolku 10, 39200 Kyröskoski",Kyröskoski,ilmainen
3571683-4,Autopaja Inari Oy,Osakeyhtiö,"Siulantie 13, 99870 Inari",Inari,ilmainen
3572006-7,Bilservice Åland Ab,Osakeyhtiö,"Vikingagränd 2, 22100 Mariehamn",Mariehamn,ilmainen
3572347-9,HL Autohuolto Oy,Osakeyhtiö,"Toritie 13, 17800 Kuhmoinen",Kuhmoinen,ilmainen
3572583-7,Auroran Autopalvelut Oy,Osakeyhtiö,"Kylänportti 12 H, 02940 Espoo",Espoo,ilmainen
3572622-3,TE rengas- ja huoltopalvelu oy,Osakeyhtiö,"Pakkalanrinne 3 A, 01510 Vantaa",Vantaa,ilmainen
3572638-9,JKN Motors Oy,Osakeyhtiö,"Kivisaarentie 5 C, 60510 Hyllykallio",Hyllykallio,ilmainen
3572836-8,Sundström Autoservice Ab,Osakeyhtiö,"Sysimiehenkatu 3, 10300 Karjaa",Karjaa,ilmainen
3572854-4,Nordic Heavy Care Oy,Osakeyhtiö,"Myllyojankatu 5, 24100 Salo",Salo,ilmainen
3573008-9,Tuusrak Oy,Osakeyhtiö,"Olkimaantie 12, 04310 Tuusula",Tuusula,ilmainen
3573028-1,Garage40 Oy,Osakeyhtiö,"Puutarhatie 9 B, 01300 Vantaa",Vantaa,ilmainen
3573579-5,NiXTec Ab,Osakeyhtiö,"Överbyvägen 86, 22150 Jomala",Jomala,ilmainen
3573637-6,SmartCarrier Oy,Osakeyhtiö,24101 Salo,Salo,ilmainen
3573724-8,Kaarinan Autokorjaamo Oy,Osakeyhtiö,"Kuljettajankatu 5, 20780 Kaarina",Kaarina,ilmainen
3573742-4,Sakasi Oy,Osakeyhtiö,"Someronkyläntie 73, 85200 Alavieska",Alavieska,ilmainen
3574272-5,VL trading oy,Osakeyhtiö,"Punkalaitumentie 1280, 31860 Tursa",Tursa,ilmainen
3574422-9,PKS-Fix Oy,Osakeyhtiö,"Martinkyläntie 45, 01720 Vantaa",Vantaa,ilmainen
3574430-9,Varsinais-suomen autotalo oy,Osakeyhtiö,"Keulatie 8 A, 23500 Uusikaupunki",Uusikaupunki,ilmainen
3574452-8,Dpfpesula.fi Joensuu Oy,Osakeyhtiö,"Rahtikatu 15, 80100 Joensuu",Joensuu,ilmainen
3574658-2,M-Korjaamo Oy,Osakeyhtiö,"Rasulankatu 7 A, 33730 Tampere",Tampere,ilmainen
3574829-7,JJY-Service Oy,Osakeyhtiö,"Tuuliviiri 7, 26200 Rauma",Rauma,ilmainen
3575159-2,Oulun autohuolto ja diagnostiikka Oy,Osakeyhtiö,"Kuikkatie 15 C, 90150 Oulu",Oulu,ilmainen
3575214-9,Empire Babylon Oy,Osakeyhtiö,"Kontulankaari 11 H, 00940 Helsinki",Helsinki,ilmainen
3575230-9,Keski-Suomen Autohuolto Oy,Osakeyhtiö,"Puistokatu 19 C, 40100 Jyväskylä",Jyväskylä,ilmainen
3575413-6,JM PRO SERVICE OY,Osakeyhtiö,"Elmontie 7 B, 01400 Vantaa",Vantaa,ilmainen
3575551-8,Teemu Tahvanainen Oy,Osakeyhtiö,"Pajatie 4, 82900 Ilomantsi",Ilomantsi,ilmainen
3575935-9,PesuPaja Oy,Osakeyhtiö,"Salavakatu 5, 15320 Lahti",Lahti,ilmainen
3576114-1,MS Auto Oy,Osakeyhtiö,"Mäkipuistontie 17 A, 28430 Pori",Pori,ilmainen
3576193-4,JO Tuned Oy,Osakeyhtiö,"Taivaanpankontie 13 A, 70200 Kuopio",Kuopio,ilmainen
3576196-9,EP Motorworks Oy,Osakeyhtiö,"Härkäläntie 152 B, 51940 Härkälä",Härkälä,ilmainen
3576352-6,Kivik Oy,Osakeyhtiö,"Tiukukuja 4, 04300 Tuusula",Tuusula,ilmainen
3576936-2,AD-fix Ab,Osakeyhtiö,"Kristinestadsvägen 651 C, 64240 Böle",Böle,ilmainen
3576958-1,KSA Works Oy,Osakeyhtiö,"Leinolantie 64, 41370 Kuusa",Kuusa,ilmainen
3577065-4,Keuruun Autopalvelu Oy,Osakeyhtiö,"Ahjokuja 6, 42700 Keuruu",Keuruu,ilmainen
3577128-6,AjoneuvoPro Oy,Osakeyhtiö,"Pehtorinkatu 4 A, 20780 Kaarina",Kaarina,ilmainen
3577233-4,Portti Motors Oy,Osakeyhtiö,"Inarijärventie 279, 99800 Ivalo",Ivalo,ilmainen
3577873-6,Raision Autopesu Oy,Osakeyhtiö,"Rieskalähteentie 85, 20300 Turku",Turku,ilmainen
3578220-9,PotinPaja Oy,Osakeyhtiö,"Potintie 12, 90480 Hailuoto",Hailuoto,ilmainen
3578645-3,Atm-Garage Oy,Osakeyhtiö,"Mäntytie 5, 91600 Utajärvi",Utajärvi,ilmainen
3578822-1,VIP Autopesula Oy,Osakeyhtiö,"Niinimäentie 2 D, 00700 Helsinki",Helsinki,ilmainen
3578857-1,Autocare Hannula Oy,Osakeyhtiö,"Hakokappelintie 3, 21800 Kyrö",Kyrö,ilmainen
3578875-8,Atlas auto Oy,Osakeyhtiö,"Sulantie 4, 04300 Tuusula",Tuusula,ilmainen
3578922-4,Österbottens EW Service öppet bolag,Avoin yhtiö,"Storåkersvägen 39, 65870 Björköby",Björköby,ilmainen
3579015-3,AutoLaboratorio Oy,Osakeyhtiö,"Kylmämäentie 5 C, 70800 Kuopio",Kuopio,ilmainen
3579040-1,Glow Garage Oy,Osakeyhtiö,"Salmirannantie 2 A, 40520 Jyväskylä",Jyväskylä,ilmainen
3579116-4,Vettenranta Group Oy,Osakeyhtiö,"Kruusintie 21 B, 37100 Nokia",Nokia,ilmainen
3579196-5,ESA Company Oy,Osakeyhtiö,"Siltapuistonkatu 14, 28100 Pori",Pori,ilmainen
3579719-5,Broafix Oy,Osakeyhtiö,"Sakkolan Kylätie 424, 09120 Karjalohja",Karjalohja,ilmainen
3579802-4,Z Auto Service Oy,Osakeyhtiö,"Siilotie 1 A, 90520 Oulu",Oulu,ilmainen
3579905-1,PS Visio Oy,Osakeyhtiö,"Eerolantie 124, 19650 Joutsa",Joutsa,ilmainen
3579997-5,INT4Pro Oy,Osakeyhtiö,"Eerontie 4 A, 03100 Nummela",Nummela,ilmainen
3580455-1,PajaRahti Oy,Osakeyhtiö,"Asematie 5 D, 82900 Ilomantsi",Ilomantsi,ilmainen
3580459-4,Kst Service Oy,Osakeyhtiö,"Savistentie 37, 16510 Luhtikylä",Luhtikylä,ilmainen
3580779-5,Autohuolto Salonen & Siekkinen Oy,Osakeyhtiö,"Ahjokuja 4, 42700 Keuruu",Keuruu,ilmainen
3580812-2,ATS e-tech Oy,Osakeyhtiö,"Alimaantie 183, 14200 Turenki",Turenki,ilmainen
3581259-4,Teracar Oy,Osakeyhtiö,"Sepäntie 4, 63300 Alavus",Alavus,ilmainen
3581345-8,TomCraft Oy,Osakeyhtiö,"Riihirinteentie 6 B, 33450 Siivikkala",Siivikkala,ilmainen
3581400-4,Ranya Oy,Osakeyhtiö,"Munkinmäentie 25, 02400 Kirkkonummi",Kirkkonummi,ilmainen
3581551-7,Kisun Auto ja Venehuolto Oy,Osakeyhtiö,"Ratakatu 7, 78850 Varkaus",Varkaus,ilmainen
3581827-5,Hollolan Ecopesu Oy,Osakeyhtiö,"Tarmontie 5, 15860 Hollola",Hollola,ilmainen
3582158-9,Raskaan kaluston korjaamo Madness Service oy,Osakeyhtiö,"Telinetie 19 B, 33880 Lempäälä",Lempäälä,ilmainen
3582189-6,Luxaro Oy,Osakeyhtiö,"Niittäjäntie 21 A, 01660 Vantaa",Vantaa,ilmainen
3582204-7,Perus Autohuolto Oy,Osakeyhtiö,"Rajamaankuja 5 A, 02970 Espoo",Espoo,ilmainen
3583292-3,ModHaus Autokorjaamo Oy,Osakeyhtiö,"Harkkokatu 5, 05800 Hyvinkää",Hyvinkää,ilmainen
3583423-2,Törhönen Service Oy,Osakeyhtiö,"Keihärinkoskentie 682 A, 44760 Keihärinkoski",Keihärinkoski,ilmainen
3583908-4,Autopesu Tapiolapark Oy,Osakeyhtiö,"Ensimmäinentie 5, 01520 Vantaa",Vantaa,ilmainen
3583914-8,NB Autofix Oy,Osakeyhtiö,"Kuusikuja 1, 42300 Jämsänkoski",Jämsänkoski,ilmainen
3583919-9,Savikoski Service Oy,Osakeyhtiö,"Rykmentintie 45, 86600 Haapavesi",Haapavesi,ilmainen
3584011-4,DetailRoom Oy,Osakeyhtiö,"Gräsantörmä 1 B, 02200 Espoo",Espoo,ilmainen
3584029-6,Joensuun Ruoste-Esto Oy,Osakeyhtiö,"Kuurnankatu 15, 80100 Joensuu",Joensuu,ilmainen
3584170-7,NTS Support oy,Osakeyhtiö,"Kuusistontie 51, 39150 Pinsiö",Pinsiö,ilmainen
3584185-4,VV Konehuolto Oy,Osakeyhtiö,"Airakselantie 700, 71490 Airaksela",Airaksela,ilmainen
3584271-8,Tammelan Autoasennus Oy,Osakeyhtiö,"Matintuomiontie 9, 31300 Tammela",Tammela,ilmainen
3584401-9,Joe's wash avoin yhtiö,Avoin yhtiö,"Käköläntie 109, 21100 Naantali",Naantali,ilmainen
3585079-3,Nordic Mounting oy,Osakeyhtiö,"Raahentie 18, 85100 Kalajoki",Kalajoki,ilmainen
3585108-3,Paalikan Paja Oy,Osakeyhtiö,"Paalikantie 16, 75500 Nurmes",Nurmes,ilmainen
3585457-5,A-car wash Oy,Osakeyhtiö,"Yliskylän Puistokatu 9 A, 00840 Helsinki",Helsinki,ilmainen
3585571-1,Rekka Puhtaaksi Hyvinkää Oy,Osakeyhtiö,"Arolamminkatu 2, 05880 Hyvinkää",Hyvinkää,ilmainen
3585832-2,Alppilan Auto Oy,Osakeyhtiö,"Viipurinkatu 1, 00510 Helsinki",Helsinki,ilmainen
3585895-5,Autofix Pro Oy,Osakeyhtiö,"Kinnarinkatu 8, 50170 Mikkeli",Mikkeli,ilmainen
3586144-1,Laten Laatupaja Oy,Osakeyhtiö,"Vihiluodontie 46 B, 90460 Oulunsalo",Oulunsalo,ilmainen
3586156-4,Täsmä autopesu Oy,Osakeyhtiö,"Yläkivi 9, 40640 Jyväskylä",Jyväskylä,ilmainen
3586184-7,STG Autohuolto Oy,Osakeyhtiö,"Elinbackanpolku 1, 01740 Vantaa",Vantaa,ilmainen
3586198-6,RJK Invest Oy,Osakeyhtiö,"Rakaniityntie 11, 07560 Pukkila",Pukkila,ilmainen
3586220-9,IS Services Oy,Osakeyhtiö,"Pernaantie 94, 62220 Pernaa",Pernaa,ilmainen
3586271-9,Kankaanpää Racing Club Ky,Kommandiittiyhtiö,"Sorsantaival 2, 60200 Seinäjoki",Seinäjoki,ilmainen
3586392-2,Fast Way Service Oy,Osakeyhtiö,"Harppuunapolku 1 A, 01600 Vantaa",Vantaa,ilmainen
3586451-1,Tuomas Lehtonen oy,Osakeyhtiö,"Terveystie 29 D, 15870 Hollola",Hollola,ilmainen
3586453-8,KorjaamoX Oy,Osakeyhtiö,"Kotkankuja 2 D, 78850 Varkaus",Varkaus,ilmainen
3586536-2,TM Visions Oy,Osakeyhtiö,"Vesmannintie 3 A, 40800 Vaajakoski",Vaajakoski,ilmainen
3586645-3,S&K Automotive Oy,Osakeyhtiö,"Satakunnankatu 29, 28130 Pori",Pori,ilmainen
3586664-8,MaLaTek Oy,Osakeyhtiö,"Majavankatu 5 F, 33520 Tampere",Tampere,ilmainen
3586691-2,YAMAN OY,Osakeyhtiö,"Pallotie 48 A, 01280 Vantaa",Vantaa,ilmainen
3586768-3,PJ Autohuolto Oy,Osakeyhtiö,"Ritoharjunkuja 2 C, 40270 Palokka",Palokka,ilmainen
3587207-9,IB Mec Ab,Osakeyhtiö,"Gennäsörsstigen 41, 68555 Bosund",Bosund,ilmainen
3587431-4,Aso Zagroz Oy,Osakeyhtiö,"Linnanherrankuja 1-3 C, 00950 Helsinki",Helsinki,ilmainen
3587514-9,CarFix Garage Oy,Osakeyhtiö,"Kauppatie 4 F, 65610 Mustasaari",Mustasaari,ilmainen
3587866-5,FinAuto pro Oy,Osakeyhtiö,"Kivikirveenkuja 4 A, 01600 Vantaa",Vantaa,ilmainen
3587993-2,F2U Oy,Osakeyhtiö,"Tattarisuontie 18 H, 00770 Helsinki",Helsinki,ilmainen
3588050-3,Shinelab oy,Osakeyhtiö,"Metsämäentie 4, 01510 Vantaa",Vantaa,ilmainen
3588136-2,MMK Työt Oy,Osakeyhtiö,"Jyrkkätie 14, 61800 Kauhajoki",Kauhajoki,ilmainen
3588172-5,Service Center Finland Oy,Osakeyhtiö,"Hernemäentie 31, 04330 Lahela",Lahela,ilmainen
3588282-4,PA- Motor Service Oy,Osakeyhtiö,"Puurtajantie 18 A, 60100 Seinäjoki",Seinäjoki,ilmainen
3588392-3,Polish Point Oy,Osakeyhtiö,"Koutunranta 1, 32710 Sampu",Sampu,ilmainen
3588519-5,Pink Painter Oy,Osakeyhtiö,"Haavistontie 2, 37910 Akaa",Akaa,ilmainen
3588635-8,Heavy Service Oy,Osakeyhtiö,"Kuusistontie 201, 25360 Pertteli",Pertteli,ilmainen
3588801-1,Kalasataman autonhoitopalvelut Oy,Osakeyhtiö,"Tynnyrintekijänkatu 2, 00580 Helsinki",Helsinki,ilmainen
3588935-6,Indare Oy,Osakeyhtiö,"Jusslansuora 20 B, 04360 Tuusula",Tuusula,ilmainen
3589322-4,Aaltopesu Oy,Osakeyhtiö,"Jalostajankuja 1, 60100 Seinäjoki",Seinäjoki,ilmainen
3589736-4,RL Motors Oy,Osakeyhtiö,"Rantaniementie 13, 36100 Kangasala As",Kangasala As,ilmainen
3589855-1,JyMy Kuljetus- ja Huoltopalvelut Oy,Osakeyhtiö,"Vammalantie 119, 31900 Punkalaidun",Punkalaidun,ilmainen
3590455-2,MAMO Autohuolto Oy,Osakeyhtiö,"Tuulilasintie 12, 00770 Helsinki",Helsinki,ilmainen
3590782-5,CustomStyling Oy,Osakeyhtiö,"Patruunantie 1 B, 60200 Seinäjoki",Seinäjoki,ilmainen
3591405-6,TPA Services Oy,Osakeyhtiö,"Seppäläntie 101, 21310 Vahto",Vahto,ilmainen
3591414-4,Helppo Car Fixit Oy,Osakeyhtiö,"Valuraudantie 13, 00700 Helsinki",Helsinki,ilmainen
3591856-7,AutoTech Vaasa Ab,Osakeyhtiö,"Lagervägen 9 A, 65610 Mustasaari",Mustasaari,ilmainen
3592044-8,A&K Autokorjaamo Oy,Osakeyhtiö,"Muuttolinnuntie 15 E, 00780 Helsinki",Helsinki,ilmainen
3592324-3,Gox Oy,Osakeyhtiö,"Valssitie 6, 05620 Hyvinkää",Hyvinkää,ilmainen
3592570-8,Javive oy,Osakeyhtiö,"Hietapurontie 12, 43100 Saarijärvi",Saarijärvi,ilmainen
3592640-1,NHI Services Oy,Osakeyhtiö,"Uunikatu 6, 28610 Pori",Pori,ilmainen
3592834-3,Bergö Bil & Maskin Ab,Osakeyhtiö,"Bredhällsvägen 28, 66220 Bergö",Bergö,ilmainen
3593662-6,Pesuhessu Oy,Osakeyhtiö,"Tilkantie 7 as., 01800 Klaukkala",Klaukkala,ilmainen
3593824-2,EhjäX Oy,Osakeyhtiö,"Rydöntie 24, 20360 Turku",Turku,ilmainen
3593870-1,LHH Performance Oy,Osakeyhtiö,"Tähteläntie 48, 10210 Inkoo",Inkoo,ilmainen
3594036-9,RTS Rauma Truck Service Oy,Osakeyhtiö,"Posthaantie 11, 26510 Rauma",Rauma,ilmainen
